customer_id,state,district,city,area,how_sure
cus_000bb346-b68,Maharashtra,Palghar,Pali,Naigaon,Check: pin and address disagree
cus_00168562-694,Maharashtra,Palghar,Vasai,,From pin only
cus_00187ca4-89d,Kerala,Kannur,Taliparamba,Devarkovil,From pin only
cus_001d9794-e98,Maharashtra,Palghar,Virar,,From sheet text only
cus_0035daaf-fac,Maharashtra,Pune,Pune,,From sheet text only
cus_003d39b9-8f1,Madhya Pradesh,Jabalpur,Jabalpur,Vikas Nagar,Confirmed (pin + address agree)
cus_0053c53a-450,Odisha,Cuttack,Jagatpur,,From sheet text only
cus_005aac43-050,Odisha,Puri,Puri,Badasankha,Confirmed (pin + address agree)
cus_0064d9be-15f,Maharashtra,Thane,Kalyan,Indira Nagar,Confirmed (pin + address agree)
cus_00687ef5-6bc,Maharashtra,Gondia,Gondia,Rail Toly,Confirmed (pin + address agree)
cus_0075092e-3c1,Maharashtra,Nagpur,Wanadongri,Wanadongri ct,Confirmed (pin + address agree)
cus_00778f23-a71,Madhya Pradesh,Indore,Indore,Nagin Nagar,Confirmed (pin + address agree)
cus_008a66af-21f,Madhya Pradesh,Dewas,Dewas,,From sheet text only
cus_00ade75d-14b,Maharashtra,Pune,Pune,Wagholi,Check: pin and address disagree
cus_00b49fe9-fa6,Rajasthan,Tonk,Tonk,Subhash Bazar,Confirmed (pin + address agree)
cus_00b63395-5c1,Kerala,Palakkad,Koppam,,From sheet text only
cus_00eddbd9-c81,Maharashtra,Palghar,Mira-Bhayandar,,Confirmed (pin + address agree)
cus_00f9b5de-154,Rajasthan,Jaipur,Jaipur,Bindayaka,Confirmed (pin + address agree)
cus_00fb84fd-2e6,Madhya Pradesh,Dewas,Dewas,Gomti Nagar,Confirmed (pin + address agree)
cus_010c8b7b-4f4,Odisha,Khorda,Bhubaneswar,,From pin only
cus_0110fc73-1ef,Maharashtra,Nagpur,Nagpur,Gandhibagh,From address only (no pin)
cus_0111e032-9b3,Madhya Pradesh,Indore,Indore,Nayta Mundla,Confirmed (pin + address agree)
cus_011999ec-135,Rajasthan,Jaipur,Jaipur,,From pin only
cus_011ae981-874,Maharashtra,Thane,Dombivli,Dombivli West,Confirmed (pin + address agree)
cus_012641b6-455,Madhya Pradesh,Indore,Indore,Banganga,Confirmed (pin + address agree)
cus_01295c3d-af5,Kerala,Thiruvananthapuram,Pazhayakunnummel,Kilimanoor,From pin only
cus_01341ba1-132,Maharashtra,Thane,Navi Mumbai,Vashi,Confirmed (pin + address agree)
cus_0139de8f-9a1,Goa,South Goa,Navelim,Navelim Village,Confirmed (pin + address agree)
cus_013baf0c-4fc,Rajasthan,Jaipur,Jaipur,Murlipura at Mishra Ka Barh,From pin only
cus_013f4e1d-7f4,Maharashtra,Akola,Akola,Tapadia Nagar,From address only (no pin)
cus_014b2dd2-399,Maharashtra,Solapur,Bhiwandi,Mahud Bk,From pin only
cus_014e1d56-f0c,Maharashtra,Nagpur,Nagpur,Rameshwari,Confirmed (pin + address agree)
cus_01534645-682,Maharashtra,Palghar,Vasai,Naigaon West,From sheet text only
cus_015713e6-488,Kerala,Kozhikode,Koothali,Muthuvadathur,Confirmed (pin + address agree)
cus_015adcc7-3c7,Maharashtra,Thane,Bhiwandi,Chowk,Confirmed (pin + address agree)
cus_015c38a1-8c4,Maharashtra,Kolhapur,Kolhapur,Shahupuri,Confirmed (pin + address agree)
cus_0160e784-e65,Madhya Pradesh,Indore,Indore,Kalani Nagar,Confirmed (pin + address agree)
cus_0165bb2c-9fa,Rajasthan,Ajmer,Beawar,Gayatri Nagar,Confirmed (pin + address agree)
cus_0170dcf9-772,Maharashtra,Thane,Ambernath,Matoshree Nagar,From address only (no pin)
cus_018d9e2f-6ef,Madhya Pradesh,Jabalpur,Jabalpur,Ganjipura,From address only (no pin)
cus_01ac69a6-eaa,Madhya Pradesh,Indore,Indore,Pragati Vihar,Confirmed (pin + address agree)
cus_01ae687a-43d,Kerala,Kozhikode,Thrissur,Thiruvambady,From sheet text only
cus_01b06b9c-b72,Madhya Pradesh,West Nimar,Khargone,Jawahar Nagar,Confirmed (pin + address agree)
cus_01c22411-ac9,Rajasthan,Jaipur,Jaipur,Vidyadhar Nagar,Confirmed (pin + address agree)
cus_01c6f305-b3b,Maharashtra,Pune,Pune,Wagholi,From address only (no pin)
cus_01c9f9dc-f58,Rajasthan,Nagaur,Merta,,Confirmed (pin + address agree)
cus_01d8c0fb-e2b,Madhya Pradesh,Bhopal,Bhopal,Karond,Confirmed (pin + address agree)
cus_01e6afdb-458,Maharashtra,Thane,Thane,Borivali Tarf Sonale,From pin only
cus_01e7fa5b-590,Rajasthan,Jodhpur,Jodhpur,Sardarpura,Check: pin and address disagree
cus_01ef4d80-bc6,Kerala,Kozhikode,Pulakkod,Thiruvambady,From pin only
cus_01f5887b-c18,Maharashtra,Palghar,Boisar,,From address only (no pin)
cus_0205bfa0-e1d,Maharashtra,Solapur,Solapur,Bhavani Peth,From address only (no pin)
cus_020647d8-76c,Rajasthan,Jaipur,Jaipur,Jhotwara,Confirmed (pin + address agree)
cus_020a07c1-0b5,Maharashtra,Yavatmal,Yavatmal,Pangari,Confirmed (pin + address agree)
cus_020e4ded-bef,Rajasthan,Bhilwara,Bhilwara,Bhopal Ganj,Confirmed (pin + address agree)
cus_02126f30-442,Madhya Pradesh,Indore,Indore,Malwa Mill,Confirmed (pin + address agree)
cus_021cab5b-4bf,Maharashtra,Thane,Ulhasnagar,Press Bazar,Confirmed (pin + address agree)
cus_0230cc68-99f,Rajasthan,Ajmer,Bundi,Kabir Nagar,From pin only
cus_02414c9e-ebf,Odisha,Khorda,Bhubaneswar,Dumduma,Confirmed (pin + address agree)
cus_024b0dae-d4d,Madhya Pradesh,Dewas,Dewas,Gomti Nagar,From address only (no pin)
cus_024faebf-1f6,Rajasthan,Jaipur,Reengus,Dhodhsar,From pin only
cus_02559248-a6b,Gujarat,Rajkot,Rajkot,,From sheet text only
cus_026751f6-525,Maharashtra,Nagpur,Nagpur,Chandan Nagar,Confirmed (pin + address agree)
cus_026c3fbf-095,Odisha,Ganjam,Brahmapur,Side,Confirmed (pin + address agree)
cus_0275c4ac-98e,Maharashtra,Thane,Thane,Manpada,From sheet text only
cus_027e41dd-253,Madhya Pradesh,Indore,Indore,,From sheet text only
cus_0291419a-b04,Madhya Pradesh,Bhopal,Bhopal,Lalghati,Confirmed (pin + address agree)
cus_02932ffb-1c0,Maharashtra,Nagpur,Nagpur,Lakadganj,Confirmed (pin + address agree)
cus_0294dbc0-b0b,Maharashtra,Nagpur,Nagpur,Dighori,Confirmed (pin + address agree)
cus_02a2c118-b8c,Madhya Pradesh,Indore,Indore,Khizrabad Colony,From address only (no pin)
cus_02aca21b-191,Maharashtra,Nagpur,Nagpur,Deendayal Nagar,Confirmed (pin + address agree)
cus_02ae5a23-7c3,Maharashtra,Solapur,Natepute,Mandve,Check: pin and address disagree
cus_02b0f8a4-c13,Maharashtra,Kolhapur,Kolhapur,Shahupuri,Confirmed (pin + address agree)
cus_02cd5b63-f78,Odisha,Sambalpur,Sambalpur,Pattnayakpada,From address only (no pin)
cus_02d68338-936,Maharashtra,Solapur,Pandharpur,,Not locatable
cus_02d78ca1-250,Madhya Pradesh,Hoshangabad,Itarsi,Suraj Ganj,Confirmed (pin + address agree)
cus_02d7c931-22f,Madhya Pradesh,Ratlam,Ratlam,Laxman Pura,Confirmed (pin + address agree)
cus_02dae5c5-04c,Rajasthan,Pali,Bar,,Confirmed (pin + address agree)
cus_02db0d09-591,Rajasthan,Jaipur,Jaipur,Shastri Nagar,Confirmed (pin + address agree)
cus_02ebcd25-928,Maharashtra,Aurangabad,Chhatrapati Sambhajinagar,Mondha,Confirmed (pin + address agree)
cus_030282b0-f5f,Madhya Pradesh,Vidisha,Vidisha,Daulatpur,Confirmed (pin + address agree)
cus_0303c6b4-a2a,Madhya Pradesh,Indore,Indore,Malwa Mill Square,Confirmed (pin + address agree)
cus_0304b99f-392,Maharashtra,Raigad,Raigad,Taloja,Confirmed (pin + address agree)
cus_0312ff8e-d4f,Maharashtra,Mumbai,Mumbai,Andheri East,Confirmed (pin + address agree)
cus_03170bcb-a4c,Maharashtra,Thane,Bhiwandi,,From sheet text only
cus_0317dbca-73d,Maharashtra,Palghar,Vasai,Vasai East,Confirmed (pin + address agree)
cus_034fc352-b3e,Madhya Pradesh,Bhopal,Bhopal,Peer Gate Area,Confirmed (pin + address agree)
cus_0352a938-a54,Rajasthan,Nagaur,Merta,,From address only (no pin)
cus_03570d77-0a4,Maharashtra,Palghar,Vasai,,From sheet text only
cus_0365319c-21d,Kerala,Kozhikode,Padanilam,Kunnamangalam,Confirmed (pin + address agree)
cus_0365c3f6-d88,Maharashtra,Nandurbar,Nandurbar,,From address only (no pin)
cus_0370b448-fbc,Rajasthan,Kota,Kota,Rangbari,Confirmed (pin + address agree)
cus_038ff11d-31b,Maharashtra,Buldhana,Buldhana,Chaitanyawadi,Confirmed (pin + address agree)
cus_0394e37f-c4f,Maharashtra,Thane,Kalyan,Santosh Nagar,From address only (no pin)
cus_03a91af2-f8e,Madhya Pradesh,Burhanpur,Burhanpur,Monin Pura,Confirmed (pin + address agree)
cus_03a99505-a61,Kerala,Thiruvananthapuram,Pallichal,,Confirmed (pin + address agree)
cus_03b1206b-80c,Kerala,Palakkad,Perintalmanna,Koppam,From pin only
cus_03ba666e-186,Rajasthan,Jaipur,Dudu,,Confirmed (pin + address agree)
cus_03c12e6d-c1e,Maharashtra,Thane,Dombivli,Dombivli West,Confirmed (pin + address agree)
cus_03cefbba-b2b,Maharashtra,Thane,Badlapur,Dattanagar,Confirmed (pin + address agree)
cus_03d32f26-e65,Rajasthan,Jaipur,Jaipur,Pulia,Confirmed (pin + address agree)
cus_03d3f097-33a,Kerala,Palakkad,Pattambi,,Confirmed (pin + address agree)
cus_03d48166-273,Rajasthan,Ajmer,Ajmer,Adarsh Nagar,Confirmed (pin + address agree)
cus_03e84da5-fb3,Madhya Pradesh,Jabalpur,Jabalpur,Vijay Nagar,Confirmed (pin + address agree)
cus_03fd6680-950,Kerala,Pathanamthitta,Pathanamthitta,Chittoor,Confirmed (pin + address agree)
cus_03fe760c-fc2,Maharashtra,Kolhapur,Kolhapur,Kavlapur,Confirmed (pin + address agree)
cus_04054fc9-57f,Maharashtra,Solapur,Mahud,Mahud Bk,From pin only
cus_040e3e18-fe0,Odisha,Dhenkanal,Dhenkanal,Mahavir Bazar,From address only (no pin)
cus_04141abe-c2e,Maharashtra,Nagpur,Nagpur,Itwari,Confirmed (pin + address agree)
cus_041836f9-19c,Maharashtra,Thane,Kalyan,,From pin only
cus_041b6772-b65,Rajasthan,Ajmer,Kishangarh,Madanganj,Confirmed (pin + address agree)
cus_042fec1e-7e6,Kerala,Kasargod,Panayal,Kuniya,Check: pin and address disagree
cus_0430ba71-0e2,Maharashtra,Nagpur,Nagpur,Manewada,Confirmed (pin + address agree)
cus_043187ef-02d,Maharashtra,Thane,Dombivli,Dombivli East,Confirmed (pin + address agree)
cus_0442db26-e5b,Rajasthan,Jaipur,Jaipur,Machwa,From pin only
cus_0453b5d3-ba0,Madhya Pradesh,Indore,Indore,Sukhlia,Confirmed (pin + address agree)
cus_046f805b-0e5,Maharashtra,Palghar,Mira-Bhayandar,Bhayandar,From sheet text only
cus_0471499b-ff3,Rajasthan,Jaipur,Jaipur,Topkhana Hazuri,Confirmed (pin + address agree)
cus_0477adb1-b56,Kerala,Ernakulam,Perumbavoor,,From pin only
cus_047c434e-ce5,Rajasthan,Jaipur,Jaipur,Murlipura,Confirmed (pin + address agree)
cus_047d840b-f51,Madhya Pradesh,Indore,Indore,Navlakha,Confirmed (pin + address agree)
cus_04874b06-459,Rajasthan,Jaipur,Jaipur,Jhotwara,Confirmed (pin + address agree)
cus_04a4d4ca-176,Madhya Pradesh,Jabalpur,Jabalpur,Garha,Confirmed (pin + address agree)
cus_04b70166-956,Kerala,Palakkad,Ottappalam,,From pin only
cus_04c111fd-aaa,Maharashtra,Solapur,Solapur,Keshav Nagra,Confirmed (pin + address agree)
cus_04d8cc15-a23,Rajasthan,Bhilwara,Bhilwara,Bhopal Ganj,Confirmed (pin + address agree)
cus_04e0f6c6-13f,Maharashtra,Palghar,Vasai,,From pin only
cus_04f6845d-2de,Madhya Pradesh,Vidisha,Vidisha,Uday Nagar Colony,Confirmed (pin + address agree)
cus_050a5bee-e79,Maharashtra,Kolhapur,Kolhapur,Tarabai Park,From address only (no pin)
cus_0515c865-5c7,Odisha,Nabarangapur,Nabarangapur,Nabarangapur PS,Confirmed (pin + address agree)
cus_051dba1c-9b1,Maharashtra,Nagpur,Nagpur,Ayodhya nagar,Confirmed (pin + address agree)
cus_0525c415-be1,Maharashtra,Palghar,Virar,Virar East,Confirmed (pin + address agree)
cus_0535c474-913,Maharashtra,Thane,Badlapur,,From sheet text only
cus_053712a0-465,Madhya Pradesh,Indore,Indore,Sukhlia,Confirmed (pin + address agree)
cus_05415b6c-3f1,Maharashtra,Thane,Ambernath,Kher,From address only (no pin)
cus_05527add-fd3,Kerala,Thrissur,Thrissur,Veliyannur,Check: pin and address disagree
cus_05542163-979,Maharashtra,Mumbai,Mumbai,Kandivali East,Confirmed (pin + address agree)
cus_055c5696-82b,Maharashtra,Palghar,Mira-Bhayandar,,Confirmed (pin + address agree)
cus_0563b3f5-cf1,Maharashtra,Raigad,Khopoli,Niphan,From pin only
cus_0580a7c0-e37,Rajasthan,Jaipur,Jaipur,Shyam Nagar,Confirmed (pin + address agree)
cus_05870b16-2c0,Maharashtra,Mumbai,Mumbai,Kandivali,Not locatable
cus_05897bae-658,Rajasthan,Jaipur,Jaipur,Murlipura,Confirmed (pin + address agree)
cus_058dbfd5-352,Rajasthan,Jaipur,Jaipur,Jhotwara,Check: pin and address disagree
cus_0591f6bc-470,Madhya Pradesh,Vidisha,Vidisha,Baripura,Confirmed (pin + address agree)
cus_05a21f1c-3ce,Maharashtra,Mumbai,Mumbai,Prabhadevi,Confirmed (pin + address agree)
cus_05d44660-cc7,Odisha,Khorda,Bhubaneswar,Chandrasekharpur,Confirmed (pin + address agree)
cus_05e5989d-368,Madhya Pradesh,Indore,Indore,Rajendra Nagar,Confirmed (pin + address agree)
cus_05ea2dab-062,Kerala,Malappuram,Tirur,Naduvilangadi,Confirmed (pin + address agree)
cus_05f0c3d0-5cc,Rajasthan,Jaipur,Jaipur,Sushilpura,Confirmed (pin + address agree)
cus_05f22261-779,Madhya Pradesh,Bhopal,Bhopal,,Confirmed (pin + address agree)
cus_05fae5f4-ca2,Maharashtra,Sangli,Sangli,,Not locatable
cus_05fba7bd-551,Madhya Pradesh,Dhar,Pithampur,Jeevan Jyothi Colony,From pin only
cus_0600a7e4-8aa,Maharashtra,Palghar,Virar,Virar West,Confirmed (pin + address agree)
cus_06068ba0-79c,Madhya Pradesh,Raisen,Raisen,Patel nagar,Confirmed (pin + address agree)
cus_0608edf2-a62,Kerala,Thiruvananthapuram,Nemom,,Confirmed (pin + address agree)
cus_060bbf24-8e1,Maharashtra,Thane,Shivale,,Confirmed (pin + address agree)
cus_06303dfa-84f,Maharashtra,Thane,Bhiwandi,Gaibi Nagar Bhiwandi,Confirmed (pin + address agree)
cus_0635fff0-ead,Maharashtra,Raigad,Tala,Roha,Check: pin and address disagree
cus_063d2e8c-dbb,Odisha,Ganjam,Brahmapur,Haridakhandi,Confirmed (pin + address agree)
cus_0645c04f-a0b,Gujarat,Rajkot,Morbi,Sardar Nagar,Confirmed (pin + address agree)
cus_06497ea2-a06,Kerala,Thiruvananthapuram,Keezhattingal,Mqrgpf7,From pin only
cus_064ceaf9-a56,Kerala,Palakkad,Palakkad,Kalmandapam,Confirmed (pin + address agree)
cus_066c1cf8-280,Kerala,Thiruvananthapuram,Thiruvananthapuram,Manacaud,Confirmed (pin + address agree)
cus_06749af9-857,Maharashtra,Pune,Wagholi,,From sheet text only
cus_067b954b-12f,Maharashtra,Mumbai,Mumbai,Borivali East,Confirmed (pin + address agree)
cus_068f6840-227,Madhya Pradesh,Jabalpur,Jabalpur,Rawn Park,Confirmed (pin + address agree)
cus_06921af4-a10,Madhya Pradesh,Hoshangabad,Narmadapuram,Jagdish Pura,Confirmed (pin + address agree)
cus_06930f81-cfb,Rajasthan,Jaipur,Jaipur,Jhotwara,Confirmed (pin + address agree)
cus_06935636-f73,Rajasthan,Jaipur,Jaipur,Kanakpura,Confirmed (pin + address agree)
cus_06a193ab-938,Rajasthan,Jaipur,Jaipur,Murlipura,Confirmed (pin + address agree)
cus_06ba4e6c-e88,Kerala,Kozhikode,Menhaniam,Perambra,From pin only
cus_06bddb16-e56,Maharashtra,Yavatmal,Yavatmal,Pangari,Confirmed (pin + address agree)
cus_06e16734-b01,Rajasthan,Jaipur,Jaipur,Jhotwara,Confirmed (pin + address agree)
cus_06ec666f-f40,Madhya Pradesh,Indore,Indore,Bk Sindhi Colony,Confirmed (pin + address agree)
cus_06ee878f-943,Madhya Pradesh,Indore,Indore,Khajrana,Confirmed (pin + address agree)
cus_06f573b9-08f,Rajasthan,Jaipur,Jaipur,Sikandra,From pin only
cus_07050bdb-044,Maharashtra,Solapur,Solapur,Jule,Confirmed (pin + address agree)
cus_070a5066-78d,Maharashtra,Thane,Navi Mumbai,Rohinjan,Confirmed (pin + address agree)
cus_0715cd85-66f,Maharashtra,Palghar,Nala Sopara,,From sheet text only
cus_071a74c7-0a8,Madhya Pradesh,Raisen,Raisen,,Confirmed (pin + address agree)
cus_072048cd-e5d,Rajasthan,Ajmer,Ajmer,Vaishali Nagar,From address only (no pin)
cus_0724f600-6a2,Maharashtra,Thane,Dombivli,Dombivli East,Confirmed (pin + address agree)
cus_072b2482-f29,Maharashtra,Aurangabad,Chhatrapati Sambhajinagar,Cidco,From address only (no pin)
cus_07392b98-4bb,Odisha,Cuttack,Cuttack,CDA Sec - 10,Confirmed (pin + address agree)
cus_07513dd9-17a,Rajasthan,Ajmer,Kishangarh,Madanganj,Check: pin and address disagree
cus_076c196a-4ce,Madhya Pradesh,West Nimar,Khargone,Saraswati Nagar,Confirmed (pin + address agree)
cus_076ebae9-356,Maharashtra,Palghar,Mira-Bhayandar,,Confirmed (pin + address agree)
cus_07723571-4d0,Rajasthan,Jodhpur,Jodhpur,Bhadu Market,Confirmed (pin + address agree)
cus_077acb92-258,Kerala,Kozhikode,Parakkadavu,,Confirmed (pin + address agree)
cus_077d32a5-6fd,Maharashtra,Thane,Aamne Village,,From sheet text only
cus_07808bdf-eab,Maharashtra,Palghar,Mira-Bhayandar,,Confirmed (pin + address agree)
cus_078a738f-0f0,Kerala,Kottayam,Kottayam,Kodimatha,From address only (no pin)
cus_079c939b-a01,Maharashtra,Thane,Ambernath,,From sheet text only
cus_079f4fc8-fed,Madhya Pradesh,Jabalpur,Jabalpur,Amkhera,Confirmed (pin + address agree)
cus_07a84052-2e6,Madhya Pradesh,Bhopal,Bhopal,Peer Gate Area,Confirmed (pin + address agree)
cus_07b992e9-0cc,Madhya Pradesh,Vidisha,Vidisha,Baripura,From pin only
cus_07bec215-eb1,Maharashtra,Raigad,Rasayani,Diva Antilia,From pin only
cus_07c24793-ea2,Madhya Pradesh,Indore,Indore,MTH Compound,Confirmed (pin + address agree)
cus_07c6f44b-d28,Maharashtra,Pune,Pune,Rasta Peth,From address only (no pin)
cus_07c7124c-f5a,Maharashtra,Buldhana,Malkapur,Old- Town,Confirmed (pin + address agree)
cus_07cc1957-87f,Maharashtra,Mumbai,Mumbai,Malad West,Confirmed (pin + address agree)
cus_07cec77b-e7d,Madhya Pradesh,Mandsaur,Panth Pipalia,,From sheet text only
cus_07e1cd45-8bb,Maharashtra,Thane,Badlapur,Belavali,Confirmed (pin + address agree)
cus_07f7a781-c76,Odisha,Cuttack,Athagarh,Gada Sahi,Confirmed (pin + address agree)
cus_0800ee49-3e4,Maharashtra,Mumbai,Mumbai,Dahisar East,Confirmed (pin + address agree)
cus_080b46d3-222,Madhya Pradesh,Vidisha,Ganj,,Check: pin and address disagree
cus_080f28ad-98f,Odisha,Khorda,Bhubaneswar,Chandrasekharpur,Confirmed (pin + address agree)
cus_0824c8d0-486,Maharashtra,Palghar,Mira-Bhayandar,,Confirmed (pin + address agree)
cus_082b4172-a0b,Maharashtra,Thane,Badlapur,Kulgaon,Confirmed (pin + address agree)
cus_08360b2d-eb7,Rajasthan,Jodhpur,Jodhpur,Paota,Confirmed (pin + address agree)
cus_08395e3f-0d8,Madhya Pradesh,East Nimar,Khandwa,Ghaspura,Confirmed (pin + address agree)
cus_0854cdf6-fda,Madhya Pradesh,Indore,Indore,Sukhdev Nagar Extension II,Confirmed (pin + address agree)
cus_0859b88e-ca7,Maharashtra,Pune,Pune,Wagholi,Confirmed (pin + address agree)
cus_085ac3e3-0a9,Telangana,Hyderabad,Hyderabad,,From sheet text only
cus_086026c8-ef3,Maharashtra,Thane,Ulhasnagar,,From address only (no pin)
cus_086dcabd-300,Madhya Pradesh,Indore,Indore,Siyaganj,Confirmed (pin + address agree)
cus_0871e371-6f9,Rajasthan,Jaipur,Jaipur,Malviya Nagar,Confirmed (pin + address agree)
cus_0878765e-467,Rajasthan,Jaipur,Jaipur,Sindhi Camp,Confirmed (pin + address agree)
cus_0879a2da-2de,Madhya Pradesh,Katni,Majholi,,Confirmed (pin + address agree)
cus_087efa62-d4e,Gujarat,Rajkot,Rajkot,,From sheet text only
cus_088c3e4c-f1a,Maharashtra,Nagpur,Nagpur,Rameshwari,Confirmed (pin + address agree)
cus_089e8735-9e4,Rajasthan,Jodhpur,Jodhpur,Lawaran,Confirmed (pin + address agree)
cus_08b91f7b-568,Maharashtra,Palghar,Dahanu,Malyan,From address only (no pin)
cus_08c24b2b-049,Odisha,Cuttack,Cuttack,Choudwar,Confirmed (pin + address agree)
cus_08c329b7-75b,Madhya Pradesh,Hoshangabad,Narmadapuram,Joshipur,Confirmed (pin + address agree)
cus_08cdc8a7-b88,Maharashtra,Mumbai,Mumbai,Kandivali West,Confirmed (pin + address agree)
cus_08d85ac5-ffa,Maharashtra,Palghar,Virar,Virar East,Confirmed (pin + address agree)
cus_08da00d7-30b,Rajasthan,Sikar,Reengus,Ringas,Confirmed (pin + address agree)
cus_08dfaecf-296,Maharashtra,Pune,Pune,Wagholi,From address only (no pin)
cus_08f0be1f-d6c,Odisha,Khorda,Bhubaneswar,Chandrasekharpur,Confirmed (pin + address agree)
cus_08f0fca1-fcd,Maharashtra,Nagpur,Nagpur,Zingabai Takli,Confirmed (pin + address agree)
cus_08f2b631-d68,Madhya Pradesh,Dewas,Dewas,Bawadiya,Confirmed (pin + address agree)
cus_08fd4d9b-7b8,Maharashtra,Osmanabad,Latur,,Check: pin and address disagree
cus_090b4b7b-e40,Maharashtra,Thane,Dombivli,Dombivli East,Confirmed (pin + address agree)
cus_0917b76e-5ef,Maharashtra,Palghar,Nala Sopara,Palghar,From sheet text only
cus_0926c9bc-5b2,Maharashtra,Thane,Navi Mumbai,Vashi,Confirmed (pin + address agree)
cus_09275b0d-fab,Maharashtra,Mumbai,Mumbai,Borivali East,Confirmed (pin + address agree)
cus_09435581-482,Rajasthan,Jaipur,Jaipur,Nahari Ka Naka,Confirmed (pin + address agree)
cus_09493d21-9ad,Maharashtra,Raigad,Kharsundi,,Check: pin and address disagree
cus_0960d90e-bdc,Rajasthan,Ganganagar,Sri Ganganagar,Jawahar Nagar,From address only (no pin)
cus_09629a76-6f6,Madhya Pradesh,Jabalpur,Jabalpur,Vikas Nagar,Confirmed (pin + address agree)
cus_09756bfd-8d6,Maharashtra,Kolhapur,Kolhapur,New Shahupuri,From address only (no pin)
cus_097727a4-ba1,Madhya Pradesh,Jabalpur,Jabalpur,Kodwari Gaon,Confirmed (pin + address agree)
cus_097a0232-42c,Rajasthan,Jaipur,Jaipur,Hathod,Confirmed (pin + address agree)
cus_097dcc09-08e,Rajasthan,Kota,Kota,Rangbari,Confirmed (pin + address agree)
cus_098af1d8-03a,Kerala,Ernakulam,Kochi,Kadamattam,From pin only
cus_098c39ef-93d,Maharashtra,Nagpur,Nagpur,Ashirwad Nagar,Confirmed (pin + address agree)
cus_0992337e-626,Madhya Pradesh,Indore,Indore,Chota Bangarda,Confirmed (pin + address agree)
cus_099c1cbd-106,Maharashtra,Thane,Ambernath,Additional M.I.D.C,Confirmed (pin + address agree)
cus_09a0eecc-c5f,Maharashtra,Jalgaon,Jalgaon,Jaikisan Wadi,Confirmed (pin + address agree)
cus_09a74243-ab5,Rajasthan,Barmer,Barmer,BSNL Colony,Confirmed (pin + address agree)
cus_09aaca75-12c,Maharashtra,Gadchiroli,Gadchiroli,Navegaon,Confirmed (pin + address agree)
cus_09ae0eda-07d,Maharashtra,Thane,Kalyan,Kalyan East,Check: pin and address disagree
cus_09c641d4-664,Maharashtra,Palghar,Vasai,Vasai West,Confirmed (pin + address agree)
cus_09c68d59-b05,Maharashtra,Solapur,Akkalkot,Budhwar peth,Confirmed (pin + address agree)
cus_09cc75e1-0fd,Rajasthan,Jaipur,Jaipur,Nindar,From pin only
cus_09d53677-b63,Madhya Pradesh,Ratlam,Jaora,Sejawata,Confirmed (pin + address agree)
cus_09dafd12-bcf,Maharashtra,Palghar,Vasai,Vasai East,From address only (no pin)
cus_09ee15ed-5d6,Maharashtra,Raigad,Roha,,From sheet text only
cus_09f3130f-f48,Madhya Pradesh,Gwalior,Gwalior,Lashkar,Confirmed (pin + address agree)
cus_0a263866-b96,Madhya Pradesh,Jabalpur,Jabalpur,Karmeta,Confirmed (pin + address agree)
cus_0a263953-c73,Kerala,Kannur,Chokli,Palloor,From pin only
cus_0a4620c0-0e1,Gujarat,Rajkot,Morbi,Sardar Nagar,Check: pin and address disagree
cus_0a4e7963-43a,Kerala,Thiruvananthapuram,Thiruvananthapuram,Pulimoodu,Confirmed (pin + address agree)
cus_0a705a62-efa,Maharashtra,Nagpur,Nagpur,Manewada,Confirmed (pin + address agree)
cus_0a772245-7cf,Rajasthan,Ajmer,Beawar,Vidya Nagar,Confirmed (pin + address agree)
cus_0a7a1ca9-204,Odisha,Baleswar,Balasore,Sahadevkhunta,Confirmed (pin + address agree)
cus_0a7ec6ad-8ce,Madhya Pradesh,Dewas,Dewas,,Confirmed (pin + address agree)
cus_0a80a92f-6ad,Maharashtra,Palghar,Mira-Bhayandar,,Confirmed (pin + address agree)
cus_0a8754c8-f24,Maharashtra,Chandrapur,Chandrapur,Bazar Ward,From address only (no pin)
cus_0a944da6-bfe,Odisha,Cuttack,Cuttack,Chaudwar,Confirmed (pin + address agree)
cus_0a97b9db-70d,Kerala,Kollam,Kollam,Kadappakada,Confirmed (pin + address agree)
cus_0ac2f8dd-5b2,Maharashtra,Thane,Kalyan,Khadakpada,Confirmed (pin + address agree)
cus_0ac9fbb0-630,Maharashtra,Sangli,Sangli,Sangli Miraj Kupwad,Check: pin and address disagree
cus_0ada3acd-6fc,Madhya Pradesh,Indore,Indore,Sudama Nagar,Confirmed (pin + address agree)
cus_0addc7f6-c8a,Maharashtra,Nagpur,Nagpur,Ajni,Confirmed (pin + address agree)
cus_0ae135e4-a44,Maharashtra,Palghar,Virar,Chandansar,Confirmed (pin + address agree)
cus_0ae34398-278,Madhya Pradesh,Indore,Indore,Goyal Nagar,Confirmed (pin + address agree)
cus_0afa2b06-0a9,Maharashtra,Thane,Navi Mumbai,Turbhe,Confirmed (pin + address agree)
cus_0afdd8ea-bd9,Maharashtra,Palghar,Palghar,Vishnu Nagar,From address only (no pin)
cus_0b0c8d92-317,Maharashtra,Nagpur,Nagpur,HB town,Confirmed (pin + address agree)
cus_0b0fa36c-f71,Maharashtra,Palghar,Vasai,Vasai East,Confirmed (pin + address agree)
cus_0b123472-598,Maharashtra,Thane,Bhiwandi,Anjur Phata,From sheet text only
cus_0b164d02-d70,Madhya Pradesh,Sehore,Sehore,,Confirmed (pin + address agree)
cus_0b17529d-feb,Madhya Pradesh,Indore,Indore,Govind Colony,Confirmed (pin + address agree)
cus_0b19fd43-c6c,Rajasthan,Ajmer,Ajmer,,Confirmed (pin + address agree)
cus_0b236b00-9c4,Madhya Pradesh,Bhopal,Bhopal,Gulmohar Colony,Confirmed (pin + address agree)
cus_0b35a5ad-02a,Rajasthan,Ajmer,Ajmer,Gandhi Nagar,Confirmed (pin + address agree)
cus_0b3ada0b-5f3,Kerala,Kozhikode,Kozhikode,Mananchira,Confirmed (pin + address agree)
cus_0b3c9f2f-429,Madhya Pradesh,Bhopal,Bhopal,Govindpura,Confirmed (pin + address agree)
cus_0b47a382-ec0,Maharashtra,Osmanabad,Dharashiv,Nehru Chowk,Confirmed (pin + address agree)
cus_0b493eb4-30c,Maharashtra,Thane,Kalyan,Bhoirwadi,From address only (no pin)
cus_0b7259f0-ee0,Madhya Pradesh,Jabalpur,Jabalpur,Garha (Jabalpur),Confirmed (pin + address agree)
cus_0b72ca29-742,Maharashtra,Palghar,Nala Sopara,,From sheet text only
cus_0b7f787f-a38,Rajasthan,Jaipur,Chomu,Naya BaJar,Confirmed (pin + address agree)
cus_0b8eae35-c42,Maharashtra,Mumbai,Mumbai,Andheri East,Confirmed (pin + address agree)
cus_0b93b12a-557,Gujarat,Rajkot,Rajkot,Bhakti Nagar,Confirmed (pin + address agree)
cus_0b9e51f0-6c6,Maharashtra,Raigad,Raigad,Taloja,Confirmed (pin + address agree)
cus_0ba64381-8df,Maharashtra,Thane,Dombivli,Dombivli East,Confirmed (pin + address agree)
cus_0ba80396-1e0,Maharashtra,Palghar,Nala Sopara,,From pin only
cus_0bb4a190-2d3,Rajasthan,Kota,Kota,,From sheet text only
cus_0bcfdd6a-fb8,Rajasthan,Jaipur,Jaipur,Transport Nagar,Confirmed (pin + address agree)
cus_0bd3d165-b74,Maharashtra,Thane,Thane,,From sheet text only
cus_0bd78721-e35,Maharashtra,Palghar,Boisar,Sanjay Nagar,From address only (no pin)
cus_0be1da3f-636,Madhya Pradesh,Indore,Indore,Sukhlia,Confirmed (pin + address agree)
cus_0bf9be10-25b,Maharashtra,Thane,Badlapur,Rameshwadi,Confirmed (pin + address agree)
cus_0bffb71e-90d,Rajasthan,Ganganagar,Jodhpur,Sri Ganganagar,From sheet text only
cus_0c23f9f9-f13,Odisha,Dhenkanal,Dhenkanal,Panjia Sahi,Confirmed (pin + address agree)
cus_0c524f60-fcd,Kerala,Kozhikode,Purameri,,Check: pin and address disagree
cus_0c53d224-b20,Maharashtra,Nagpur,Nagpur,Pardi,Confirmed (pin + address agree)
cus_0c6b0e28-11e,Kerala,Kannur,Kuthuparamba,,Confirmed (pin + address agree)
cus_0c7064cd-4fc,Maharashtra,Palghar,Vasai,,From pin only
cus_0c830f4c-7ca,Maharashtra,Palghar,Virar,Virar East,From sheet text only
cus_0c835c97-f6c,Rajasthan,Chittorgarh,Chittorgarh,Gandhi Nagar,Confirmed (pin + address agree)
cus_0c88cb82-1b7,Madhya Pradesh,Jabalpur,Jabalpur,Wright Town,Confirmed (pin + address agree)
cus_0ca07288-bc8,Maharashtra,Thane,Dombivli,Dombivli East,Confirmed (pin + address agree)
cus_0ca0f7fa-c7b,Madhya Pradesh,Indore,Indore,Kabit Khedi,Confirmed (pin + address agree)
cus_0cb07716-d8e,Maharashtra,Pune,Pimpri-Chinchwad,Pimpri,From sheet text only
cus_0cbff3f8-dff,Madhya Pradesh,Indore,Indore,Pushpa Nagar,Confirmed (pin + address agree)
cus_0cc4c883-adf,Maharashtra,Palghar,Vasai,Vasai East,From sheet text only
cus_0cc53c0c-32a,Maharashtra,Thane,Navi Mumbai,Turbhe,From sheet text only
cus_0cc787f9-c96,Madhya Pradesh,Bhopal,Bhopal,,From sheet text only
cus_0ce7a10a-7f6,Gujarat,Rajkot,Morbi,Sardar Nagar,Confirmed (pin + address agree)
cus_0ce86de3-559,Kerala,Pathanamthitta,Maramon,,From address only (no pin)
cus_0cf41f3f-def,Kerala,Kozhikode,Padanilam,Kunnamangalam,Confirmed (pin + address agree)
cus_0cf600c5-471,Kerala,Malappuram,Tirur,Muthoor,Confirmed (pin + address agree)
cus_0cf624ab-d51,Chhattisgarh,Rajnandgaon,Rajnandgaon,Anupam Nagar,From address only (no pin)
cus_0cfe3621-771,Kerala,Kannur,Peringathur,,Confirmed (pin + address agree)
cus_0d1821b4-057,Maharashtra,Nagpur,Nagpur,Surya Nagar,Confirmed (pin + address agree)
cus_0d1caf58-464,Kerala,Thiruvananthapuram,Thiruvananthapuram,Poojapura,Confirmed (pin + address agree)
cus_0d2618b5-014,Rajasthan,Ajmer,Ajmer,Parbatpura,Confirmed (pin + address agree)
cus_0d2721a9-908,Maharashtra,Mumbai,Mumbai,Dahisar East,Confirmed (pin + address agree)
cus_0d2a010a-562,Rajasthan,Tonk,Tonk,Adarsh Nagar,Confirmed (pin + address agree)
cus_0d2df0fd-923,Rajasthan,Ajmer,Ajmer,Basant Vihar,Confirmed (pin + address agree)
cus_0d45cdbd-eb7,Maharashtra,Mumbai,Mumbai,,Confirmed (pin + address agree)
cus_0d5c2943-fbe,Madhya Pradesh,Bhopal,Bhopal,,Confirmed (pin + address agree)
cus_0d6d97cc-e68,Madhya Pradesh,Hoshangabad,Narmadapuram,Ginni Compound,Confirmed (pin + address agree)
cus_0d777db9-877,Maharashtra,Thane,Kalyan,Bhoiwada,Confirmed (pin + address agree)
cus_0dbc77a0-d06,Maharashtra,Thane,Dombivli,Dombivli East,Confirmed (pin + address agree)
cus_0dc8c8a5-b9e,Maharashtra,Aurangabad,Chhatrapati Sambhajinagar,Vishnu Nagar,Confirmed (pin + address agree)
cus_0dd0c6c6-a39,Kerala,Kozhikode,Kozhikode,Karaparamba,Confirmed (pin + address agree)
cus_0dd6f7e7-f9a,Rajasthan,Jaipur,Jaipur,Niwaru,Confirmed (pin + address agree)
cus_0de2a25a-0b7,Maharashtra,Aurangabad,Chhatrapati Sambhajinagar,Ulkanagari,From address only (no pin)
cus_0dea9399-bae,Maharashtra,Chandrapur,Chandrapur,,Confirmed (pin + address agree)
cus_0e0d2ab5-fe8,Madhya Pradesh,Indore,Indore,Rau,Confirmed (pin + address agree)
cus_0e193054-1d5,Maharashtra,Thane,Ambernath,Additional M.I.D.C,Check: pin and address disagree
cus_0e255d62-b91,Madhya Pradesh,Indore,Indore,Sirpur,Confirmed (pin + address agree)
cus_0e450ebf-32f,Rajasthan,Ajmer,Sarwar,,Confirmed (pin + address agree)
cus_0e4de780-8b0,Kerala,Thiruvananthapuram,Thiruvananthapuram,Eanchakkal,Confirmed (pin + address agree)
cus_0e671170-ae0,Odisha,Cuttack,Kulailo,,Confirmed (pin + address agree)
cus_0e70f367-7d5,Maharashtra,Thane,Mira-Bhayandar,Bhayandar East,Confirmed (pin + address agree)
cus_0e8d118b-b0d,Odisha,Cuttack,Nakhara,Phulnakhara,From pin only
cus_0e91af2e-d63,Rajasthan,Ajmer,Bandanwara,,Confirmed (pin + address agree)
cus_0eb15c56-865,Maharashtra,Thane,Dombivli,Kalu Nagar,Confirmed (pin + address agree)
cus_0eb9404f-24c,Madhya Pradesh,Bhopal,Bhopal,Bagh Swaniya,Confirmed (pin + address agree)
cus_0ec6e3bd-6c1,Madhya Pradesh,Indore,Indore,South Tukoganj,Confirmed (pin + address agree)
cus_0ec87c26-250,Maharashtra,Nagpur,Nagpur,Vivekanand Nagar,Confirmed (pin + address agree)
cus_0eccf4be-87e,Maharashtra,Thane,Mira-Bhayandar,Bhayandar East,Confirmed (pin + address agree)
cus_0f091c86-6e4,Rajasthan,Jaipur,Jaipur,Sanganer,Confirmed (pin + address agree)
cus_0f154715-b67,Rajasthan,Tonk,Tonk,Kha Ngar,Confirmed (pin + address agree)
cus_0f23428c-46e,Rajasthan,Ajmer,Ajmer,Panchsheel Nagar,Confirmed (pin + address agree)
cus_0f36a2c6-d3f,Maharashtra,Thane,Kalyan,Hanuman Nagar,Confirmed (pin + address agree)
cus_0f3ae069-b73,Karnataka,Bengaluru,Bengaluru,Kammanahalli,Confirmed (pin + address agree)
cus_0f442e6e-c59,Maharashtra,Palghar,Palghar,Vishnu Nagar,From address only (no pin)
cus_0f4927da-ff3,Odisha,Cuttack,Jagatpur,,From pin only
cus_0f4950ce-d8d,Maharashtra,Thane,Kalyan,,From sheet text only
cus_0f4a6e94-6ec,Madhya Pradesh,Dhar,Pithampur,Pithampur Industrial Area,From pin only
cus_0f4e2f1c-59a,Maharashtra,Thane,Bhiwandi,Gaibi Nagar Bhiwandi,Confirmed (pin + address agree)
cus_0f53bd96-9d0,Kerala,Kottayam,Kottayam,Kodimatha,Confirmed (pin + address agree)
cus_0f765566-9e4,Madhya Pradesh,Indore,Indore,,Confirmed (pin + address agree)
cus_0f7e5b74-eb9,Rajasthan,Jaipur,Jaipur,Murlipura,Check: pin and address disagree
cus_0f7ef0f3-4b8,Rajasthan,Ajmer,Ajmer,Adarsh Nagar,Confirmed (pin + address agree)
cus_0f835026-65a,Madhya Pradesh,Indore,Indore,,Confirmed (pin + address agree)
cus_0f8df622-644,Gujarat,Rajkot,Morbi,Sardar Nagar,Confirmed (pin + address agree)
cus_0f9e505f-95e,Maharashtra,Palghar,Mira-Bhayandar,,Confirmed (pin + address agree)
cus_0fa01b9f-f1e,Madhya Pradesh,Satna,Satna,,From sheet text only
cus_0fa559fc-f2c,Maharashtra,Thane,Janta Market,Janta Market,Not locatable
cus_0fab04ad-e12,Kerala,Kasargod,Kanhangad,Puthiyavalapu,From address only (no pin)
cus_0fb07ed8-d49,Rajasthan,Sikar,Sikar,Jaldhari Nagar,Confirmed (pin + address agree)
cus_0fb10498-f65,Kerala,Thiruvananthapuram,Thiruvananthapuram,Peroorkada,Confirmed (pin + address agree)
cus_0fbb3678-22e,Maharashtra,Raigad,Raigad,Panvel,Confirmed (pin + address agree)
cus_0fbe2f64-8fe,Rajasthan,Jaipur,Jaipur,Niwaru,Confirmed (pin + address agree)
cus_0fc6bf4c-0c7,Rajasthan,Jaipur,Jaipur,Sindhi Camp,Confirmed (pin + address agree)
cus_0fcd4fc9-6cc,Rajasthan,Barmer,Barmer,Jatiyon Ka Bas,Confirmed (pin + address agree)
cus_0fd21155-ee9,Maharashtra,Solapur,Akluj,Sangram Nagar,Confirmed (pin + address agree)
cus_0fd8c577-de4,Maharashtra,Nagpur,Wanadongri,Wanadongri ct,Confirmed (pin + address agree)
cus_0fe58f1f-92f,Rajasthan,Jaipur,Jaipur,Purani Basti,Confirmed (pin + address agree)
cus_0ff64630-6e2,Madhya Pradesh,Dewas,Dewas,Itawa,Confirmed (pin + address agree)
cus_1005ff3b-0b6,Odisha,Bargarh,Bargarh,Bandutikra,Confirmed (pin + address agree)
cus_101449b6-654,Rajasthan,Jaipur,Jaipur,Hathod,From sheet text only
cus_1024fdc3-5c1,Maharashtra,Palghar,Palghar,Vishnu Nagar,From address only (no pin)
cus_1032b5cd-282,Odisha,Jajapur,Byasanagar,,From address only (no pin)
cus_10467390-3fd,Kerala,Pathanamthitta,Kozhencherry,,From address only (no pin)
cus_104b5ebb-d7c,Maharashtra,Raigad,Khopoli,Yashwant Nagar,From pin only
cus_10547cf8-a3e,Madhya Pradesh,Jabalpur,Lamheta Ghat,,Confirmed (pin + address agree)
cus_10643d9e-2f9,Maharashtra,Kolhapur,Kolhapur,Shivaji Udyam Nagar,Confirmed (pin + address agree)
cus_1066219f-8bd,Maharashtra,Thane,Ulhasnagar,Press Bazar,Confirmed (pin + address agree)
cus_10755d71-c4b,Madhya Pradesh,Indore,Indore,Raj Mohalla,Confirmed (pin + address agree)
cus_1085496a-710,Kerala,Thiruvananthapuram,Nedumangad,Pazhakutty,From address only (no pin)
cus_109cc62b-ab0,Kerala,Thiruvananthapuram,Thiruvananthapuram,Pettah,Confirmed (pin + address agree)
cus_10c86863-49d,Maharashtra,Thane,Mira-Bhayandar,Bhayandar East,Confirmed (pin + address agree)
cus_10ccc784-52e,Madhya Pradesh,Dhar,Pithampur,Pithampur Sector 3,From pin only
cus_10d29683-62b,Maharashtra,Solapur,Kurduvadi,,Confirmed (pin + address agree)
cus_10f140da-460,Maharashtra,Thane,Thane,Mukund Nagar,Confirmed (pin + address agree)
cus_10f99564-c77,Rajasthan,Jaipur,Jaipur,Jhotwara,Check: pin and address disagree
cus_10faf62f-543,Madhya Pradesh,Indore,Indore,Kelod Kartal,From pin only
cus_10fc5b10-7d8,Kerala,Malappuram,Ramanattukara,Vaidyarangadi,Confirmed (pin + address agree)
cus_1118ec55-55d,Madhya Pradesh,Dewas,Dewas,Moti Bunglow,Confirmed (pin + address agree)
cus_112bc7a6-ffd,Madhya Pradesh,Indore,Indore,Khizrabad Colony,Check: pin and address disagree
cus_112cf4dc-9ed,Madhya Pradesh,Indore,Indore,Mahalaxmi Nagar,Confirmed (pin + address agree)
cus_11330538-b86,Odisha,Angul,Angul,Karadagadia,Confirmed (pin + address agree)
cus_1135ed95-3aa,Odisha,Sambalpur,Sambalpur,Budharaja,Confirmed (pin + address agree)
cus_1148cb95-66c,Kerala,Kasargod,Kanhangad,Puthiyavalapu,From address only (no pin)
cus_1162149e-ec0,Maharashtra,Thane,Navi Mumbai,Rabale,From sheet text only
cus_116aea42-889,Madhya Pradesh,Singrauli,Singrauli,,From sheet text only
cus_116cdf86-e79,Rajasthan,Ajmer,Ajmer,Diggi Bazaar,Confirmed (pin + address agree)
cus_11a51090-063,Madhya Pradesh,Indore,Indore,Hari Phatak,From pin only
cus_11aca714-5b3,Maharashtra,Kolhapur,Kolhapur,Shahupuri,Confirmed (pin + address agree)
cus_11af2464-36e,Goa,North Goa,Mapusa,Angod,From address only (no pin)
cus_11b237af-330,Rajasthan,Jaipur,Jaipur,Goverdhan Colony,Confirmed (pin + address agree)
cus_11b5416b-730,Maharashtra,Palghar,Boisar,Mahavir Nagar,From address only (no pin)
cus_11bd0462-15e,Maharashtra,Mumbai,Mumbai,Jogeshwari West,From sheet text only
cus_11ca133a-daf,Maharashtra,Solapur,Solapur,Rangraj Nagar,Confirmed (pin + address agree)
cus_11caf917-bd3,Madhya Pradesh,Indore,Indore,,Confirmed (pin + address agree)
cus_11ce43d8-391,Maharashtra,Palghar,Nala Sopara,Nalasopara East,From pin only
cus_11d99da9-0e8,Madhya Pradesh,Indore,Indore,Sirpur,Confirmed (pin + address agree)
cus_11ffd32d-739,Maharashtra,Yavatmal,Yavatmal,Pangari,Confirmed (pin + address agree)
cus_1215ed99-230,Maharashtra,Thane,Bhiwandi,Avachit Pada,Confirmed (pin + address agree)
cus_121dcea6-d22,Madhya Pradesh,Indore,Indore,Siyaganj,Confirmed (pin + address agree)
cus_1234c573-ac3,Maharashtra,Thane,Kalyan,Bhoiwada,Confirmed (pin + address agree)
cus_123ab5fc-f03,Odisha,Khorda,Bhubaneswar,Nayapalli,Confirmed (pin + address agree)
cus_124b8308-357,Odisha,Cuttack,Cuttack,Old LIC Colony,Confirmed (pin + address agree)
cus_1258f4d5-729,Kerala,Thiruvananthapuram,Thiruvananthapuram,Karamana,Confirmed (pin + address agree)
cus_125f0b38-d9d,Rajasthan,Jaipur,Jaipur,Jhotwara,Confirmed (pin + address agree)
cus_12709acd-504,Maharashtra,Palghar,Dahanu,Malyan,From address only (no pin)
cus_1280b5ed-08e,Maharashtra,Mumbai,Mumbai,Worli,Confirmed (pin + address agree)
cus_128c4f50-ba3,Rajasthan,Chittorgarh,Chittorgarh,Pratap Nagar,Confirmed (pin + address agree)
cus_12a44276-5bf,Rajasthan,Jaipur,Jaipur,Durgapura,Confirmed (pin + address agree)
cus_12b49877-f4e,Madhya Pradesh,Bhopal,Bhopal,Habib Ganj,Confirmed (pin + address agree)
cus_12c36dd4-8c1,Rajasthan,Kota,Kota,Electricity Board Area,Check: pin and address disagree
cus_12cc400f-d6d,Rajasthan,Jaipur,Jaipur,Jhotwara,Confirmed (pin + address agree)
cus_12d51814-f5a,Kerala,Alappuzha,Alappuzha,Zackaria Bazar,Confirmed (pin + address agree)
cus_12e31476-99d,Maharashtra,Thane,Ulhasnagar,Ambivali,From pin only
cus_12ea565e-198,Rajasthan,Ajmer,Ajmer,Naya Bazaar,Confirmed (pin + address agree)
cus_12eca166-cfa,Rajasthan,Ajmer,Ajmer,Kotra,Confirmed (pin + address agree)
cus_12f5a364-092,Maharashtra,Thane,Thane,Manpada,From sheet text only
cus_12fa1a90-71e,Madhya Pradesh,Bhopal,Bhopal,Maharana Pratap Nagar,Confirmed (pin + address agree)
cus_130dbc6b-c31,Maharashtra,Nagpur,Nagpur,Wadi,Confirmed (pin + address agree)
cus_1318f2ee-db8,Rajasthan,Jaipur,Jaipur,Jhotwara,Confirmed (pin + address agree)
cus_131fc0c0-610,Maharashtra,Palghar,Vasai,,From pin only
cus_13203ead-a42,Madhya Pradesh,Bhopal,Bhopal,,From sheet text only
cus_132c8db2-cc6,Maharashtra,Mumbai,Mumbai,Kandivali East,Confirmed (pin + address agree)
cus_133399d1-5bb,Odisha,Ganjam,Chatrapur,Nagulupeta,Confirmed (pin + address agree)
cus_133b95e9-ae0,Maharashtra,Solapur,Solapur,Shaniwar Peth,Confirmed (pin + address agree)
cus_133c4314-645,Maharashtra,Palghar,Mumbai,Kaner,From pin only
cus_1345af1c-3bd,Rajasthan,Jaipur,Jaipur,Maruti Nagar,Confirmed (pin + address agree)
cus_134c1c45-0c8,Maharashtra,Jalgaon,Jalgaon,,Not locatable
cus_1371844d-8dd,Maharashtra,Thane,Kalyan,,From pin only
cus_1374a84b-df8,Kerala,Kozhikode,Parakkadavu,,Confirmed (pin + address agree)
cus_137d4e0c-132,Rajasthan,Tonk,Deoli,,Confirmed (pin + address agree)
cus_137ef96a-e65,Maharashtra,Thane,Bhiwandi,Dapode,Confirmed (pin + address agree)
cus_1382c97a-1b5,Kerala,Kozhikode,Kozhikode,Chevayoor,From address only (no pin)
cus_1387a41a-2cb,Madhya Pradesh,Katni,Katni,,From sheet text only
cus_13882bed-36f,Tamil Nadu,Kanyakumari,Parassala,,Confirmed (pin + address agree)
cus_138b54a0-85a,Maharashtra,Thane,Ulhasnagar,Vitthalwadi,From address only (no pin)
cus_138fea4d-5dc,Rajasthan,Jaipur,Jaipur,Gokulpura,Confirmed (pin + address agree)
cus_139229ce-801,Maharashtra,Raigad,Raigad,Panvel,Check: pin and address disagree
cus_1392a0fd-54d,Rajasthan,Nagaur,Merta,,Confirmed (pin + address agree)
cus_1398dfae-3fa,Kerala,Kozhikode,Kozhikode,Electric Company,Confirmed (pin + address agree)
cus_13af22d4-d5c,Maharashtra,Thane,Dombivli,Dombivli East,Confirmed (pin + address agree)
cus_13ba83d6-136,Rajasthan,Hanumangarh,Hanumangarh,Durga Colony,From address only (no pin)
cus_13e22af8-ddb,Maharashtra,Raigad,Raigad,Panvel,Confirmed (pin + address agree)
cus_13e9e75e-a53,Maharashtra,Nagpur,Nagpur,Civil Lines,Confirmed (pin + address agree)
cus_13ea124e-cde,Maharashtra,Nagpur,Nagpur,Gandhibagh,Confirmed (pin + address agree)
cus_14004d50-8d6,Maharashtra,Mumbai,Mumbai,Goregaon West,Confirmed (pin + address agree)
cus_14027a7c-337,Maharashtra,Nagpur,Nagpur,Gokulpeth,Confirmed (pin + address agree)
cus_1427669e-c62,Maharashtra,Nagpur,Nagpur,Ashirwad Nagar,Confirmed (pin + address agree)
cus_14306ec4-d3c,Madhya Pradesh,Bhopal,Bhopal,Peer Gate Area,Confirmed (pin + address agree)
cus_143350c0-011,Odisha,Angul,Angul,,From sheet text only
cus_143587df-c59,Kerala,Kollam,Chavara,,From pin only
cus_1436ff5d-b3a,Maharashtra,Thane,Thane,Diva,Confirmed (pin + address agree)
cus_1437c91d-f9c,Madhya Pradesh,Indore,Indore,Sudama Nagar,Confirmed (pin + address agree)
cus_143b4026-80e,Madhya Pradesh,Bhopal,Bhopal,,From sheet text only
cus_1441b22e-5c8,Maharashtra,Pune,Maval,,From sheet text only
cus_144f0fbb-74a,Rajasthan,Jaipur,Jaipur,Bajaj Nagar,Confirmed (pin + address agree)
cus_1458c1be-884,Madhya Pradesh,Ujjain,Ujjain,,From sheet text only
cus_145eeb30-a9e,Maharashtra,Mumbai,Mumbai,Andheri East,Confirmed (pin + address agree)
cus_146985ff-b22,Maharashtra,Nagpur,Nagpur,Itwari,Confirmed (pin + address agree)
cus_1489aa64-05e,Rajasthan,Jaipur,Jaipur,Dahar Ka Balaji,Confirmed (pin + address agree)
cus_148d90cc-561,Goa,South Goa,Vasco Da Gama,Vaddem,From address only (no pin)
cus_1499afe6-3ef,Kerala,Thiruvananthapuram,Attingal,Kizhakkupuram,Confirmed (pin + address agree)
cus_14a92618-31e,Rajasthan,Jaipur,Jaipur,Jagatpura,Confirmed (pin + address agree)
cus_14b4ab68-09b,Madhya Pradesh,Bhopal,Bhopal,Gulmohar Colony,From address only (no pin)
cus_14cec4ea-46b,Madhya Pradesh,Bhopal,Bhopal,JP Nagar,Confirmed (pin + address agree)
cus_14d81189-fd1,Maharashtra,Ratnagiri,Rajapur,Sai Nagar,From address only (no pin)
cus_14df0b5e-6b6,Madhya Pradesh,Raisen,Bhopal,Mandideep,Confirmed (pin + address agree)
cus_14e25ee2-192,Rajasthan,Bundi,Bundi,Vikasnagar,Confirmed (pin + address agree)
cus_14e4bc22-37b,Madhya Pradesh,Hoshangabad,Narmadapuram,Ginni Compound,Confirmed (pin + address agree)
cus_14e6a1b1-e95,Maharashtra,Nagpur,Nagpur,Bramnhi,From pin only
cus_14eadd21-ec5,Rajasthan,Jaipur,Bassi,Bassi Phatak,Confirmed (pin + address agree)
cus_14ee2de9-2a7,Kerala,Kozhikode,Kunnamangalam,,Confirmed (pin + address agree)
cus_14f29b61-2a4,Madhya Pradesh,Indore,Indore,Vijay Nagar,Confirmed (pin + address agree)
cus_15010ca6-b46,Maharashtra,Pune,Pune,Kashewadi,Confirmed (pin + address agree)
cus_150b59b8-0c2,Maharashtra,Nagpur,Nagpur,Bajaria,Confirmed (pin + address agree)
cus_15117a50-0ae,Maharashtra,Nagpur,Nagpur,Pili Nadi,Confirmed (pin + address agree)
cus_15149875-e96,Maharashtra,Thane,Bhiwandi,Anjurphata,Confirmed (pin + address agree)
cus_1534b4cb-a20,Maharashtra,Palghar,Nala Sopara,,From pin only
cus_153c8239-02e,Maharashtra,Thane,Kalyan,Rambaug,Check: pin and address disagree
cus_15490023-a16,Maharashtra,Thane,Ambernath,,From sheet text only
cus_154bbde6-d12,Maharashtra,Thane,Ulhasnagar,Press Bazar,Confirmed (pin + address agree)
cus_155373a7-d31,Madhya Pradesh,Bhopal,Bhopal,,From sheet text only
cus_1566b96a-7e7,Kerala,Kozhikode,Kozhikode,Mananchira,Confirmed (pin + address agree)
cus_15671ac5-7b8,Odisha,Cuttack,Athagarh,Kaitha Chhaka,Confirmed (pin + address agree)
cus_158861e5-1d6,Gujarat,Rajkot,Rajkot,Sardarnagar,Confirmed (pin + address agree)
cus_15944d3b-24b,Madhya Pradesh,Jabalpur,Jabalpur,South Civil Lines,Confirmed (pin + address agree)
cus_1598e729-2c0,Kerala,Kozhikode,Valayam,,Check: pin and address disagree
cus_15a94e46-2e6,Madhya Pradesh,Indore,Indore,Nandanvan Colony,Confirmed (pin + address agree)
cus_15b1a65c-55e,Maharashtra,Gondia,Kudwa,Ramnagar,Confirmed (pin + address agree)
cus_15c0e6b4-327,Dadra and Nagar Haveli and Daman and Diu,Daman,Vapi,Imran Nagar,Confirmed (pin + address agree)
cus_15c0ea3d-9d4,Maharashtra,Palghar,Vasai,Vasai East,Confirmed (pin + address agree)
cus_15c6a696-818,Maharashtra,Thane,Ulhasnagar,Press Bazar,Confirmed (pin + address agree)
cus_15d41596-320,Maharashtra,Kolhapur,Kolhapur,Laxmipuri,Confirmed (pin + address agree)
cus_15ffb0f5-542,Odisha,Khorda,Bhubaneswar,Khandagiri,Confirmed (pin + address agree)
cus_16006f6f-a86,Rajasthan,Jaipur,Jaipur,Shankar Nagar,Check: pin and address disagree
cus_1601647a-9ec,Maharashtra,Palghar,Nala Sopara,,From sheet text only
cus_16057271-24b,Kerala,Thiruvananthapuram,Navaikulam,Vettiyara P. O,Confirmed (pin + address agree)
cus_1610f2f8-d9c,Kerala,Kannur,Kannur,Katalayi,Confirmed (pin + address agree)
cus_161aa20c-3ac,Odisha,Khorda,Bhubaneswar,BJB Nagar,From address only (no pin)
cus_1637187d-257,Rajasthan,Ajmer,Beawar,Neharu Nagar,Confirmed (pin + address agree)
cus_166a279d-7b3,Maharashtra,Thane,Ambernath,Housing Board Colony,Confirmed (pin + address agree)
cus_166e5b02-02c,Madhya Pradesh,Indore,Indore,,Confirmed (pin + address agree)
cus_167b2b30-295,Madhya Pradesh,Indore,Indore,Maharaja Tukoji Rao Holker Cloth Market,Confirmed (pin + address agree)
cus_16821d0c-654,Chhattisgarh,Durg,Durg,Shankar Nagar,Confirmed (pin + address agree)
cus_168742b8-ff2,Rajasthan,Chittorgarh,Chittorgarh,,Confirmed (pin + address agree)
cus_168a1d7b-35c,Maharashtra,Palghar,Virar,Chandansar,Confirmed (pin + address agree)
cus_168d243c-51c,Madhya Pradesh,Bhopal,Bhopal,Shahpura,Confirmed (pin + address agree)
cus_16a65d9c-220,Madhya Pradesh,Neemuch,Manasa,,Confirmed (pin + address agree)
cus_16a936a6-dbc,Odisha,Sambalpur,Sambalpur,Ainthapali,Confirmed (pin + address agree)
cus_16af9d1e-787,Maharashtra,Thane,Navi Mumbai,Turbhe,Confirmed (pin + address agree)
cus_16cbef55-60c,Maharashtra,Nagpur,Nagpur,Mohan Nagar,Confirmed (pin + address agree)
cus_16e3ea92-c34,Maharashtra,Mumbai,Mumbai,Malad East,Confirmed (pin + address agree)
cus_16e6bcf1-8f4,Rajasthan,Jaipur,Jobner,,Confirmed (pin + address agree)
cus_16f339c7-a59,Rajasthan,Bhilwara,Mandal,Mandal (Bhilwara),Confirmed (pin + address agree)
cus_16fc7148-ba1,Maharashtra,Mumbai,Mumbai,Malad West,Confirmed (pin + address agree)
cus_17169171-8dc,Maharashtra,Nagpur,Nagpur,,Confirmed (pin + address agree)
cus_171baa4b-902,Rajasthan,Jaipur,Jaipur,Jagatpura,Confirmed (pin + address agree)
cus_172471a9-1ba,Maharashtra,Thane,Dombivli,Dombivli East,Confirmed (pin + address agree)
cus_17257f82-fdb,Chhattisgarh,Rajnandgaon,Rajnandgaon,Sahdev Nagar,Confirmed (pin + address agree)
cus_1729afc3-18e,Kerala,Kannur,Chokli,Panniyannur,From pin only
cus_1749b8ee-5ab,Maharashtra,Nagpur,Nagpur,Dhantoli,From address only (no pin)
cus_174b6e8c-b1e,Maharashtra,Mumbai,Mumbai,Lower Parel,From sheet text only
cus_1758e429-607,Madhya Pradesh,Indore,Indore,Moti Tabela,Confirmed (pin + address agree)
cus_176dd2e9-bdd,Gujarat,Rajkot,Shapar,,Check: pin and address disagree
cus_176f07d7-458,Maharashtra,Solapur,Pandharpur,Bhosale Nagar,Check: pin and address disagree
cus_17755d50-240,Gujarat,Valsad,Vapi,Gidc,From address only (no pin)
cus_1793a76c-676,Maharashtra,Thane,Badlapur,Katrap,Confirmed (pin + address agree)
cus_179ace20-1f3,Rajasthan,Jaipur,Jaipur,,Confirmed (pin + address agree)
cus_17a43a9e-df3,Rajasthan,Jaipur,Jaipur,Kankha Ki Dhani,Confirmed (pin + address agree)
cus_17b80b17-0ae,Odisha,Sundergarh,Rourkela,Civil Township,Confirmed (pin + address agree)
cus_17cb7a0f-f42,Maharashtra,Thane,Bhiwandi,Dapode,Confirmed (pin + address agree)
cus_17dec7ee-bc7,Kerala,Kannur,Kadavathur,,Check: pin and address disagree
cus_17e9ccf9-9cc,Madhya Pradesh,Jabalpur,Jabalpur,Garha,Confirmed (pin + address agree)
cus_180047c1-359,Kerala,Kozhikode,Nadapuram,,From address only (no pin)
cus_1807e614-c30,Kerala,Kannur,Thalassery,,From pin only
cus_181877d6-9b6,Madhya Pradesh,Jabalpur,Jabalpur,Amkhera Gaon,Confirmed (pin + address agree)
cus_181ca61c-38a,Rajasthan,Jaipur,Jaipur,Sumel,Confirmed (pin + address agree)
cus_18206aa5-221,Madhya Pradesh,Indore,Indore,,From sheet text only
cus_18265d6a-714,Maharashtra,Osmanabad,Dharashiv,S.R.T.Colony,Confirmed (pin + address agree)
cus_182a0706-ef4,Maharashtra,Mumbai,Mumbai,,From address only (no pin)
cus_1830a97a-813,Madhya Pradesh,Sehore,Sehore,Avadhpuri Colony,Confirmed (pin + address agree)
cus_18542113-488,Maharashtra,Thane,Badlapur,Kulgaon,From address only (no pin)
cus_18542d07-94e,Odisha,Koraput,Borigumma,Narasimha Nagar,Confirmed (pin + address agree)
cus_18648fa9-32b,Maharashtra,Thane,Kalyan,Khadakpada,Confirmed (pin + address agree)
cus_187179db-e13,Maharashtra,Thane,Kalyan,,Confirmed (pin + address agree)
cus_18797ecd-e9d,Rajasthan,Jaipur,Jaipur,Murlipura,Confirmed (pin + address agree)
cus_187e9089-9ca,Maharashtra,Latur,Latur,Ganj Golai,Confirmed (pin + address agree)
cus_187fa1e8-0a7,Madhya Pradesh,Indore,Indore,LIG Colony,Confirmed (pin + address agree)
cus_18808b5c-bf4,Maharashtra,Hingoli,Hingoli,,From sheet text only
cus_188b4cd3-544,Maharashtra,Thane,Thane,,From sheet text only
cus_18935eb4-311,Rajasthan,Barmer,Balotra,,Confirmed (pin + address agree)
cus_18a3c107-163,Maharashtra,Pune,Pune,Wagholi,Confirmed (pin + address agree)
cus_18a496eb-a7d,Maharashtra,Nagpur,Nagpur,Ayodhya nagar,Confirmed (pin + address agree)
cus_18a778ad-135,Maharashtra,Mumbai,Mumbai,Chembur,From sheet text only
cus_18b510f5-297,Rajasthan,Jaipur,Jaipur,Jalupura,From address only (no pin)
cus_18bcbd3c-4d6,Maharashtra,Thane,Dombivli,Dombivli East,Confirmed (pin + address agree)
cus_18be0594-998,Maharashtra,Thane,Badlapur,Badlapur Gaon,Confirmed (pin + address agree)
cus_18ca9095-f74,Madhya Pradesh,Indore,Indore,Alok Nagar,Confirmed (pin + address agree)
cus_18cdcbaf-35e,Kerala,Palakkad,Palakkad,Valakkad,Confirmed (pin + address agree)
cus_18d13424-6b2,Madhya Pradesh,Indore,Indore,Dr. Ambedkar Nagar (Mhow),From pin only
cus_18e0eb24-c55,Madhya Pradesh,Bhopal,Bhopal,Gulmohar Colony,Confirmed (pin + address agree)
cus_18e76493-903,Chhattisgarh,Durg,Durg,Guru Nanak Nagar,Confirmed (pin + address agree)
cus_18e95e0b-aa6,Maharashtra,Chandrapur,Chandrapur,Bazar Ward,Confirmed (pin + address agree)
cus_18fb384c-c71,Rajasthan,Jaipur,Jaipur,Civil Lines,Confirmed (pin + address agree)
cus_18fb7766-873,Madhya Pradesh,Indore,Indore,Mahalaxmi Nagar,Confirmed (pin + address agree)
cus_190779d5-fe3,Madhya Pradesh,Indore,Indore,Navlakha,Confirmed (pin + address agree)
cus_1907a185-230,Madhya Pradesh,Neemuch,Neemuch,Neemuch Chawni,Confirmed (pin + address agree)
cus_190cedc4-ea4,Maharashtra,Mumbai,Mumbai,Dahisar East,Confirmed (pin + address agree)
cus_192dc16d-2ad,Odisha,Khorda,Bhubaneswar,Patia,Confirmed (pin + address agree)
cus_1938c377-34c,Rajasthan,Jaipur,Renwal,Kishangarh Renwal,Confirmed (pin + address agree)
cus_19683613-9cd,Maharashtra,Mumbai,Mumbai,Kandivali West,Confirmed (pin + address agree)
cus_196c0167-e68,Madhya Pradesh,Raisen,Gopalpur,,Check: pin and address disagree
cus_1982ebbd-c36,Kerala,Thiruvananthapuram,Thiruvananthapuram,Pettah,Confirmed (pin + address agree)
cus_1984f6d5-b9f,Odisha,Cuttack,Trilochanpur,,Check: pin and address disagree
cus_1986c2e8-61f,Rajasthan,Alwar,Alwar,Munshi Bagh,Check: pin and address disagree
cus_199eb6ff-e50,Maharashtra,Pune,Pune,Budhwar Peth,Confirmed (pin + address agree)
cus_19ba9171-458,Madhya Pradesh,Jabalpur,Jabalpur,Ganjipura,From pin only
cus_19d6ba7c-507,Kerala,Kozhikode,Nadapuram,Urath,From pin only
cus_19d8dce1-44b,Rajasthan,Ajmer,Kishangarh,Mahanton Ka Mohalla,Confirmed (pin + address agree)
cus_19dc1e69-c9a,Maharashtra,Thane,Badlapur,Sanewadi,Confirmed (pin + address agree)
cus_19eabb11-5e0,Madhya Pradesh,Dewas,Dewas,Itawa Colony,From pin only
cus_19f9091a-24b,Rajasthan,Bhilwara,Bhilwara,Bhopal Ganj,Confirmed (pin + address agree)
cus_19fa9df3-37a,Maharashtra,Thane,Navi Mumbai,Nerul,Confirmed (pin + address agree)
cus_1a01ec59-fd9,Maharashtra,Mumbai,Mumbai,Jogeshwari West,Confirmed (pin + address agree)
cus_1a3e9255-7c3,Rajasthan,Jodhpur,Jodhpur,Prem Nagar,From pin only
cus_1a418841-c8e,Maharashtra,Nagpur,Nagpur,Rajendra Nagar,Confirmed (pin + address agree)
cus_1a58f919-bf3,Maharashtra,Solapur,Barshi,Bhim Nagar,Confirmed (pin + address agree)
cus_1a6265b3-b22,Odisha,Cuttack,Cuttack,CDA Sec - 10,Confirmed (pin + address agree)
cus_1a688809-a3c,Maharashtra,Thane,Kalyan,,From sheet text only
cus_1a788c48-326,Rajasthan,Ajmer,Kishangarh,Gandhi Nagar,Confirmed (pin + address agree)
cus_1a94334d-db3,Madhya Pradesh,Indore,Indore,Ganesh Puri Colony,Confirmed (pin + address agree)
cus_1a95456f-1f1,Madhya Pradesh,Chhindwara,Chhindwara,Rautha Wada,Confirmed (pin + address agree)
cus_1a96222b-c61,Madhya Pradesh,Jabalpur,Jabalpur,Gwarighat,Confirmed (pin + address agree)
cus_1a96a998-316,Maharashtra,Palghar,Boisar,Awadh Nagar,From address only (no pin)
cus_1aa1e4e4-db3,Madhya Pradesh,Indore,Indore,Siyaganj,Confirmed (pin + address agree)
cus_1aa93022-4f9,Rajasthan,Pali,Jaitaran,Nimaaj,From pin only
cus_1aaad026-8cf,Madhya Pradesh,Bhopal,Bhopal,Peer Gate Area,Confirmed (pin + address agree)
cus_1aae256f-24a,Rajasthan,Jaipur,Jaipur,Modikhana,Confirmed (pin + address agree)
cus_1ac0619b-c91,Madhya Pradesh,Bhopal,Bhopal,,From sheet text only
cus_1ad99d3c-930,Madhya Pradesh,Indore,Indore,,Check: pin and address disagree
cus_1adac69c-6be,Kerala,Kozhikode,Vatakara,Veerancheri,From address only (no pin)
cus_1ae2f8ae-6aa,Rajasthan,Jaipur,Jaipur,Vidyadhar Nagar,Confirmed (pin + address agree)
cus_1ae55d59-86b,Madhya Pradesh,Indore,Indore,Shukh Shanti Nagar,Confirmed (pin + address agree)
cus_1af1a3b3-a60,Maharashtra,Mumbai,Mumbai,Jogeshwari West,Confirmed (pin + address agree)
cus_1afc709f-cc5,Maharashtra,Thane,Bhiwandi,Dapode,Confirmed (pin + address agree)
cus_1b08bc1c-161,Maharashtra,Solapur,Karmala,,Confirmed (pin + address agree)
cus_1b1d5d09-a10,Kerala,Thiruvananthapuram,Thiruvananthapuram,Maruthankuzhi,Confirmed (pin + address agree)
cus_1b27cc4e-0cb,Maharashtra,Pune,Pune,Mundhwa,Confirmed (pin + address agree)
cus_1b2ad381-05d,Maharashtra,Mumbai,Mumbai,Kandivali East,Confirmed (pin + address agree)
cus_1b3b806f-7c7,Kerala,Ernakulam,Kochi,Pullamkulam School Pady,From pin only
cus_1b485df0-58f,Maharashtra,Thane,Dombivli,,From pin only
cus_1b62ae2d-428,Rajasthan,Jaipur,Jaipur,Govind Nagar,Confirmed (pin + address agree)
cus_1b62c1f5-10f,Rajasthan,Jaipur,Jaipur,Mansarovar,Confirmed (pin + address agree)
cus_1b802639-f84,Rajasthan,Kota,Kota,Electricity Board Area,Confirmed (pin + address agree)
cus_1b932c40-864,Madhya Pradesh,Indore,Indore,Daulatganj,Check: pin and address disagree
cus_1b97cb8a-817,Madhya Pradesh,Dewas,Dewas,Gomti Nagar,Confirmed (pin + address agree)
cus_1b99ccc7-f66,Madhya Pradesh,Indore,Indore,Navlakha,Confirmed (pin + address agree)
cus_1ba7ec0a-12e,Maharashtra,Nagpur,Nagpur,Badil Kheda,Confirmed (pin + address agree)
cus_1bb21f8e-27d,Maharashtra,Palghar,Mira-Bhayandar,,Confirmed (pin + address agree)
cus_1bb92556-bad,Maharashtra,Nagpur,Bhopal,,Check: pin and address disagree
cus_1bc30ea3-860,Rajasthan,Ajmer,Ajmer,Shreenagar,From pin only
cus_1bcb7692-bb1,Maharashtra,Latur,Latur,Narayan Nagar,Check: pin and address disagree
cus_1bd55264-c4c,Maharashtra,Thane,Ulhasnagar,Vitthalwadi,Confirmed (pin + address agree)
cus_1be36d62-b92,Rajasthan,Jaipur,Govindgarh,,Check: pin and address disagree
cus_1bf3c0bb-a7b,Rajasthan,Sikar,Sikar,Jat Colony,Confirmed (pin + address agree)
cus_1bf96465-a4e,Odisha,Dhenkanal,Dhenkanal,GayatriNagar,From pin only
cus_1c0d234c-2e2,Maharashtra,Pune,Sanaswadi,,From sheet text only
cus_1c205bcf-a84,Kerala,Thiruvananthapuram,Thiruvananthapuram,Chenkallur,Confirmed (pin + address agree)
cus_1c225589-f70,Maharashtra,Thane,Ulhasnagar,Khemani Industry Area,Confirmed (pin + address agree)
cus_1c25a85e-426,Gujarat,Rajkot,Rajkot,Karanpara,Confirmed (pin + address agree)
cus_1c37aab6-6bc,Maharashtra,Mumbai,Mumbai,Jogeshwari West,Confirmed (pin + address agree)
cus_1c3c9b31-0a7,Maharashtra,Thane,Bhiwandi,,From pin only
cus_1c423ca1-82b,Maharashtra,Palghar,Boisar,,From sheet text only
cus_1c55b019-7e9,Kerala,Thiruvananthapuram,Nedumangad,Pazhakutty,Confirmed (pin + address agree)
cus_1c62b64c-169,Maharashtra,Mumbai,Mumbai,Kandivali West,Confirmed (pin + address agree)
cus_1c654e7e-8ba,Rajasthan,Chittorgarh,Chittorgarh,Pratap Nagar,From address only (no pin)
cus_1c678399-9b9,Odisha,Nayagarh,Nayagarh,Rajeev market,From pin only
cus_1c685c50-ba7,Madhya Pradesh,Bhopal,Bhopal,Peer Gate Area,Confirmed (pin + address agree)
cus_1c6e2ff8-c22,Madhya Pradesh,Hoshangabad,Itarsi,Suraj Ganj,Confirmed (pin + address agree)
cus_1c7fb830-fce,Maharashtra,Thane,Bhiwandi,Saravali,Check: pin and address disagree
cus_1c97cafd-c77,Maharashtra,Palghar,Vasai,Vasai East,Confirmed (pin + address agree)
cus_1c9b37b5-faa,Kerala,Kozhikode,Katameri,Ayanchery,From pin only
cus_1cbb38e1-158,Maharashtra,Mumbai,Mumbai,Dahisar East,Confirmed (pin + address agree)
cus_1cbd850e-38c,Maharashtra,Thane,Shahapur,Kalambhe,From pin only
cus_1ccda13d-443,Maharashtra,Nagpur,Nagpur,Bapu Nagar,Check: pin and address disagree
cus_1cd13884-2b5,Maharashtra,Nagpur,Nagpur,Besa,From address only (no pin)
cus_1cd31146-470,Madhya Pradesh,Indore,Indore,,From sheet text only
cus_1cd77cd6-e7b,Madhya Pradesh,Indore,Indore,Badi Bhamori,Confirmed (pin + address agree)
cus_1cdcc418-850,Kerala,Kottayam,Kottayam,Market,Confirmed (pin + address agree)
cus_1ceb118b-2a2,Maharashtra,Palghar,Palghar,Vishnu Nagar,From address only (no pin)
cus_1cfcd6a3-a41,Maharashtra,Palghar,Virar,Virar East,Confirmed (pin + address agree)
cus_1d05f3c0-695,Madhya Pradesh,Indore,Indore,South Tukoganj,Confirmed (pin + address agree)
cus_1d117601-8a0,Rajasthan,Jaipur,Jaipur,Jhotwara,Check: pin and address disagree
cus_1d4048a5-4f3,Maharashtra,Thane,Ulhasnagar,Krishna Nagar,Confirmed (pin + address agree)
cus_1d5229a3-daa,Madhya Pradesh,Raisen,Manpur,,Confirmed (pin + address agree)
cus_1d556bb2-510,Madhya Pradesh,Chhatarpur,Chhatarpur,Vishwanath Colony,Confirmed (pin + address agree)
cus_1d65187b-6f9,Rajasthan,Jaipur,Jaipur,Keshar Vihar,Confirmed (pin + address agree)
cus_1d683347-a19,Madhya Pradesh,Dewas,Dewas,JDC College,From pin only
cus_1d700af5-a00,Maharashtra,Palghar,Nala Sopara,,From pin only
cus_1d728ffb-672,Maharashtra,Palghar,Naigaon,Mahalakshmi Nagar,Check: pin and address disagree
cus_1d793958-4e6,Maharashtra,Palghar,Vasai,Naigaon,From pin only
cus_1d79e2bd-7de,Kerala,Kozhikode,Kozhikode,Nallalam,Confirmed (pin + address agree)
cus_1d81ebb6-4ca,Rajasthan,Jaipur,Jaipur,Mansarovar,Confirmed (pin + address agree)
cus_1d81fdfe-acb,Madhya Pradesh,Jabalpur,Jabalpur,Madan Mahal,Confirmed (pin + address agree)
cus_1d8b4ced-ad3,Maharashtra,Osmanabad,Latur,Deep Jyoti Nagar,Confirmed (pin + address agree)
cus_1d97e85f-bed,Maharashtra,Kolhapur,Kolhapur,,From pin only
cus_1d98e8dd-a86,Rajasthan,Jaipur,Jaipur,Jamdoli,Confirmed (pin + address agree)
cus_1d9e339b-640,Maharashtra,Raigad,Raigad,Taloja,From sheet text only
cus_1da41495-3ea,Maharashtra,Palghar,Mira-Bhayandar,,Confirmed (pin + address agree)
cus_1da4bb26-e41,Rajasthan,Ajmer,Ajmer,Mahaveer Colony,Confirmed (pin + address agree)
cus_1da889ee-236,Madhya Pradesh,Indore,Indore,Hukma Khedi,Confirmed (pin + address agree)
cus_1daeacd2-9d2,Rajasthan,Jaipur,Jaipur,Malviya Nagar,Confirmed (pin + address agree)
cus_1db087af-8a7,Madhya Pradesh,Betul,Betul,Ganj,Confirmed (pin + address agree)
cus_1db7676f-50b,Madhya Pradesh,Dhar,Pithampur,Pithampur Industrial Area,Confirmed (pin + address agree)
cus_1dd0a040-066,Rajasthan,Jodhpur,Jodhpur,Paota,Confirmed (pin + address agree)
cus_1dd405dc-ce9,Madhya Pradesh,Dewas,Dewas,Itawa,Confirmed (pin + address agree)
cus_1dd6bc2f-f94,Madhya Pradesh,Indore,Betma,,From sheet text only
cus_1de985cd-627,Maharashtra,Thane,Dombivli,Dombivli East,Confirmed (pin + address agree)
cus_1def85b0-c2f,Dadra and Nagar Haveli and Daman and Diu,Daman,Vapi,Ringanwada,From sheet text only
cus_1df3e506-49e,Goa,North Goa,Mapusa,Mapusa Municipal Market,Confirmed (pin + address agree)
cus_1df65a1b-341,Maharashtra,Thane,Thane,Thane West,Confirmed (pin + address agree)
cus_1e06dcbf-352,Dadra and Nagar Haveli and Daman and Diu,Daman,Vapi,Gidc,Confirmed (pin + address agree)
cus_1e0e812c-7d5,Rajasthan,Jaipur,Jaipur,Kanwar Nagar,Confirmed (pin + address agree)
cus_1e0fc562-784,Odisha,Cuttack,Mahajanpur,,Check: pin and address disagree
cus_1e24b4b3-1d1,Rajasthan,Jaipur,Jaipur,Murtikaar Udhyog Nagar,From pin only
cus_1e31a9b0-99e,Maharashtra,Nagpur,Nagpur,Itwari,Confirmed (pin + address agree)
cus_1e32527e-937,Maharashtra,Mumbai,Mumbai,Jogeshwari West,Confirmed (pin + address agree)
cus_1e35c367-e37,Maharashtra,Nagpur,Nagpur,Vayusena Nagar,Confirmed (pin + address agree)
cus_1e3763d4-50d,Madhya Pradesh,Indore,Indore,CAT Square,From pin only
cus_1e3a5fdf-224,Madhya Pradesh,Indore,Indore,Rau,Confirmed (pin + address agree)
cus_1e401651-518,Madhya Pradesh,Jabalpur,Jabalpur,Shastri Nagar,Confirmed (pin + address agree)
cus_1e4265fb-495,Maharashtra,Solapur,Solapur,Jule,Confirmed (pin + address agree)
cus_1e453f8f-e26,Maharashtra,Palghar,Virar,Virar East,Confirmed (pin + address agree)
cus_1e50788b-5c8,Rajasthan,Jaipur,Jaipur,Lal Dungri,Confirmed (pin + address agree)
cus_1e514a2a-385,Maharashtra,Palghar,Vasai,,From pin only
cus_1e54a40a-1b7,Maharashtra,Palghar,Nala Sopara,,From sheet text only
cus_1e54ed9b-2ef,Madhya Pradesh,Jabalpur,Jabalpur,Adhartal,From address only (no pin)
cus_1e56ec3f-3a8,Kerala,Kannur,Kadavathur,,Check: pin and address disagree
cus_1e587667-24b,Rajasthan,Jaipur,Jaipur,Jhotwara,Confirmed (pin + address agree)
cus_1e5ff5a0-331,Kerala,Kozhikode,Azhiyur,,Confirmed (pin + address agree)
cus_1e849a52-a18,Chhattisgarh,Bilaspur,Bilaspur,Telipara,From pin only
cus_1e90307b-f71,Maharashtra,Nashik,Kashti,,From sheet text only
cus_1e906703-b30,Madhya Pradesh,Indore,Indore,Khajrana,Confirmed (pin + address agree)
cus_1e978525-4d2,Rajasthan,Jaipur,Jaipur,Jhotwara,Confirmed (pin + address agree)
cus_1e97a5dc-96a,Maharashtra,Bhandara,Bhandara,MSEB Colony,From address only (no pin)
cus_1e97d44e-cb1,Maharashtra,Palghar,Palghar,Vevoor,From address only (no pin)
cus_1ea3138b-faa,Maharashtra,Mumbai,Mumbai,Malad,From sheet text only
cus_1eabb6e1-243,Madhya Pradesh,Dhar,Pithampur,,Confirmed (pin + address agree)
cus_1eae5c6d-de0,Maharashtra,Raigad,Raigad,Taloja,Confirmed (pin + address agree)
cus_1eb5d286-de9,Maharashtra,Palghar,Vasai,Naigaon,From sheet text only
cus_1eb7f07b-bd1,Maharashtra,Palghar,Boisar,Sanjay Nagar,From sheet text only
cus_1ebf9484-f49,Madhya Pradesh,Jabalpur,Jabalpur,,Confirmed (pin + address agree)
cus_1ec1f57f-b7d,Rajasthan,Jaipur,Jaipur,Murlipura at Mishra Ka Barh,From pin only
cus_1ec566e1-73a,Maharashtra,Kolhapur,Kolhapur,Shastri Nagar,Confirmed (pin + address agree)
cus_1ec65a77-c27,Kerala,Kozhikode,Cherapuram,Kuttiady,From pin only
cus_1ed78756-022,Rajasthan,Chittorgarh,Chittorgarh,Pratap Nagar,Confirmed (pin + address agree)
cus_1edc7d20-5ec,Maharashtra,Raigad,Roha,Wali,Confirmed (pin + address agree)
cus_1eed0c02-667,Rajasthan,Barmer,Balotra,,Confirmed (pin + address agree)
cus_1efbacdf-922,Maharashtra,Nagpur,Nagpur,,From sheet text only
cus_1f101b63-d02,Odisha,Khorda,Bhubaneswar,Pandav Nagar,Confirmed (pin + address agree)
cus_1f125e54-3a8,Rajasthan,Jaipur,Jaipur,Jhotwara,Confirmed (pin + address agree)
cus_1f17ab0d-26f,Maharashtra,Nagpur,Nagpur,Seminary Hills,Check: pin and address disagree
cus_1f1f693e-19a,Maharashtra,Jalgaon,Jalgaon,Rampeth,Confirmed (pin + address agree)
cus_1f4c5702-a82,Madhya Pradesh,Indore,Indore,,Confirmed (pin + address agree)
cus_1f5fc8de-d87,Kerala,Kozhikode,Purameri,Orkkatteri,From pin only
cus_1f654e01-4ea,Rajasthan,Jodhpur,Jodhpur,Pratap Nagar,Confirmed (pin + address agree)
cus_1f65c742-ab2,Madhya Pradesh,Jabalpur,Jabalpur,Maheshpur,Confirmed (pin + address agree)
cus_1f6cff77-b4a,Maharashtra,Pune,Pune,Hadapsar,From pin only
cus_1f8d2cba-0ca,Maharashtra,Thane,Dombivli,,Confirmed (pin + address agree)
cus_1f989388-3a8,Rajasthan,Jaipur,Jaipur,Jhotwara,From address only (no pin)
cus_1fa4a79e-438,Maharashtra,Thane,Ambernath,,From address only (no pin)
cus_1fa87e10-687,Madhya Pradesh,Indore,Indore,Sanwariya Nagar,Confirmed (pin + address agree)
cus_1fb0ec8a-a2f,Madhya Pradesh,Chhatarpur,Chhatarpur,Vishwanath Colony,Confirmed (pin + address agree)
cus_1fbf10c8-d07,Kerala,Kollam,Kayamkulam,Karunagappalli,From pin only
cus_1fbfc494-996,Maharashtra,Nagpur,Nagpur,Zingabai Takli,Check: pin and address disagree
cus_1fc1d481-7fc,Rajasthan,Jaipur,Jaipur,Vaishali Nagar,Confirmed (pin + address agree)
cus_1fc5093d-07a,Rajasthan,Jaipur,Jaipur,Dahar Ka Balaji,Confirmed (pin + address agree)
cus_1fdf3b39-41c,Maharashtra,Palghar,Boisar,Sanjay Nagar,From address only (no pin)
cus_200655cd-76b,Maharashtra,Palghar,Vasai,Vasai East,From sheet text only
cus_200e9472-fb0,Maharashtra,Palghar,Mira-Bhayandar,Bhayandar West,From address only (no pin)
cus_2014af7a-af5,Madhya Pradesh,Indore,Indore,Gadi Adda,Confirmed (pin + address agree)
cus_2014c029-b31,Maharashtra,Kolhapur,Kolhapur,,From sheet text only
cus_20187e59-78f,Rajasthan,Jaipur,Jaipur,Sitapura,Confirmed (pin + address agree)
cus_2029523a-c2a,Madhya Pradesh,Jabalpur,Jabalpur,Madan Mahal,Confirmed (pin + address agree)
cus_2041814a-ae3,Madhya Pradesh,Jabalpur,Jabalpur,Vikas Nagar,Confirmed (pin + address agree)
cus_204cfe5a-5ca,Kerala,Kozhikode,Azhiyur,Azhiyour,From pin only
cus_20526cc8-b0d,Maharashtra,Palghar,Boisar,Vanipada,From address only (no pin)
cus_20795d9e-d7f,Maharashtra,Thane,Bhiwandi,Dapode,Confirmed (pin + address agree)
cus_207aa8a9-48f,Madhya Pradesh,Indore,Indore,Ranipura,Confirmed (pin + address agree)
cus_207b73f4-284,Madhya Pradesh,Indore,Indore,,From sheet text only
cus_2082c23e-811,Rajasthan,Jaipur,Jaipur,Murlipura,Confirmed (pin + address agree)
cus_2088864b-700,Kerala,Kozhikode,Menhaniam,Perambra,From pin only
cus_2090490a-270,Madhya Pradesh,Indore,Indore,Chhawni,Confirmed (pin + address agree)
cus_20a17755-777,Madhya Pradesh,Jabalpur,Jabalpur,Gour,From pin only
cus_20a2bdd7-e55,Maharashtra,Raigad,Raigad,Taloja,From pin only
cus_20bb6f52-0c2,Madhya Pradesh,Indore,Indore,Shantinath Puri,Confirmed (pin + address agree)
cus_20cd35f1-586,Madhya Pradesh,Jabalpur,Jabalpur,Ambedkar Colony,Confirmed (pin + address agree)
cus_20cf867f-e4d,Maharashtra,Thane,Bhiwandi,Dapode,Confirmed (pin + address agree)
cus_20d4bb4c-4da,Rajasthan,Jaipur,Jaipur,Jhotwara,Confirmed (pin + address agree)
cus_20eac60c-f16,Maharashtra,Nagpur,Nagpur,Dixit Nagar,Confirmed (pin + address agree)
cus_21171d4b-d7b,Maharashtra,Palghar,Palghar,Juna Palghar,From address only (no pin)
cus_211d38a0-a1f,Kerala,Kozhikode,Azhiyur,Azhiyoor,From pin only
cus_2121b54e-c64,Madhya Pradesh,Jabalpur,Khajri,,Confirmed (pin + address agree)
cus_213e14de-6cc,Odisha,Cuttack,Cuttack,Jyoti Bihar,Confirmed (pin + address agree)
cus_214ba5d3-921,Kerala,Thiruvananthapuram,Thiruvananthapuram,Palkulangara,Confirmed (pin + address agree)
cus_2151f40b-60b,Madhya Pradesh,Indore,Indore,,Confirmed (pin + address agree)
cus_2157ded9-8bb,Maharashtra,Raigad,Raigad,Taloja,From pin only
cus_2171421d-604,Maharashtra,Nagpur,Nagpur,Mohan Nagar,Confirmed (pin + address agree)
cus_21743787-027,Rajasthan,Ajmer,Kishangarh,Adarsh Nagar,Confirmed (pin + address agree)
cus_2186ead2-fbc,Maharashtra,Thane,Ambernath,,From sheet text only
cus_21926098-ce1,Madhya Pradesh,Sehore,Sehore,Swadesh Nagar,Confirmed (pin + address agree)
cus_219b9f4b-532,Maharashtra,Solapur,Solapur,,Confirmed (pin + address agree)
cus_21a5fd9e-c90,Madhya Pradesh,Jabalpur,Jabalpur,Cantt,Check: pin and address disagree
cus_21be2b03-431,Dadra and Nagar Haveli and Daman and Diu,Daman,Daman,Ringanwada,From address only (no pin)
cus_21c9ec5c-ce0,Maharashtra,Thane,Bhiwandi,Saravali,Confirmed (pin + address agree)
cus_21d012f8-1aa,Maharashtra,Palghar,Boisar,,From address only (no pin)
cus_21d2f38a-a98,Maharashtra,Solapur,Begampur,,From pin only
cus_21d382a7-9cb,Madhya Pradesh,Jabalpur,Jabalpur,,Confirmed (pin + address agree)
cus_21e6e6d1-691,Madhya Pradesh,Jabalpur,Jabalpur,Raksha Karmachari Colony,Confirmed (pin + address agree)
cus_21efcec6-06b,Rajasthan,Jaipur,Jaipur,Maruti Nagar,Confirmed (pin + address agree)
cus_21f1ad69-ef9,Rajasthan,Ajmer,Ajmer,Naya Bazaar,Confirmed (pin + address agree)
cus_220256dd-83f,Maharashtra,Palghar,Virar,Virar East,Confirmed (pin + address agree)
cus_22170cd1-204,Madhya Pradesh,Vidisha,Vidisha,Talaiya Mohalla,Confirmed (pin + address agree)
cus_221d2672-3b2,Madhya Pradesh,Jabalpur,Jabalpur,Onriya,From pin only
cus_22268825-f8e,Rajasthan,Jaipur,Jaipur,Jhotwara,Confirmed (pin + address agree)
cus_222a75f0-d05,Madhya Pradesh,Indore,Indore,Mayakhedi,Confirmed (pin + address agree)
cus_222e4a0e-e73,Rajasthan,Jaipur,Jaipur,Karni Vihar,Confirmed (pin + address agree)
cus_222e7a75-ff0,Rajasthan,Ajmer,Ajmer,Hathi Bhata,Confirmed (pin + address agree)
cus_2237ff41-23a,Rajasthan,Ajmer,Ajmer,Dargah Bazar,Confirmed (pin + address agree)
cus_2245aed1-a9d,Rajasthan,Jaipur,Jaipur,Jhotwara,Confirmed (pin + address agree)
cus_225087bf-e57,Kerala,Kozhikode,Payyoli,,Confirmed (pin + address agree)
cus_2257d61b-987,Maharashtra,Raigad,Khopoli,Sajgaon,From pin only
cus_225ee352-321,Maharashtra,Mumbai,Mumbai,Malad,From pin only
cus_226a4d1b-b67,Kerala,Kollam,Mulavana,Kanjiracode,Confirmed (pin + address agree)
cus_226e81ca-dda,Goa,North Goa,Mapusa,Rajawado,Confirmed (pin + address agree)
cus_22854a40-3dc,Maharashtra,Thane,Bhiwandi,,From sheet text only
cus_228b13ff-3e8,Maharashtra,Raigad,Mangaon,,From address only (no pin)
cus_2290084f-3c3,Odisha,Angul,Angul,Badakera,From pin only
cus_229226f7-12c,Kerala,Ernakulam,Kochi,,From pin only
cus_22a5cc62-0da,Rajasthan,Jaipur,Chomu,,Confirmed (pin + address agree)
cus_22b3b9e9-8d0,Maharashtra,Thane,,,Not locatable
cus_22d1881b-a57,Rajasthan,Jaipur,Jaipur,Durgapura,Confirmed (pin + address agree)
cus_22d3ec04-af7,Maharashtra,Thane,Kalyan,Khadakpada,Confirmed (pin + address agree)
cus_22f3748e-4e3,Maharashtra,Mumbai,Mumbai,Andheri West,Confirmed (pin + address agree)
cus_22fc87e6-4a0,Kerala,Kasargod,Kanhangad,Puthiyavalapu,Confirmed (pin + address agree)
cus_2300d38e-ad0,Maharashtra,Thane,Ambernath,MIDC East,Confirmed (pin + address agree)
cus_23082dee-871,Rajasthan,Jaipur,Jaipur,Bani Park,Confirmed (pin + address agree)
cus_231ae25a-ecb,Maharashtra,Thane,Dombivli,Dombivli East,Confirmed (pin + address agree)
cus_231dee07-bde,Maharashtra,Thane,Badlapur,Rameshwadi,Confirmed (pin + address agree)
cus_232eb3b4-122,Odisha,Koraput,Jeypore,,Confirmed (pin + address agree)
cus_233828b8-1df,Maharashtra,Thane,Bhiwandi,Kaneri,Confirmed (pin + address agree)
cus_2343a3ca-8f7,Maharashtra,Thane,Saralgaon,,Confirmed (pin + address agree)
cus_236e936e-7f2,Rajasthan,Ajmer,Ajmer,,Confirmed (pin + address agree)
cus_237adb18-9e8,Maharashtra,Thane,Dombivli,Dombivli West,Confirmed (pin + address agree)
cus_238174d3-aab,Madhya Pradesh,Indore,Indore,Palda,Confirmed (pin + address agree)
cus_238940c4-19b,Bihar,Patna,Patna City,,From sheet text only
cus_239ce49f-39c,Rajasthan,Ajmer,Ajmer,Kaisar Ganj,Confirmed (pin + address agree)
cus_239fc4f6-5b3,Madhya Pradesh,Indore,Indore,,Confirmed (pin + address agree)
cus_23a18c5c-002,Madhya Pradesh,Bhopal,Bhopal,Gulmohar Colony,Confirmed (pin + address agree)
cus_23b0bb03-3bf,Madhya Pradesh,Indore,Indore,Lasudia Mori,Check: pin and address disagree
cus_23c5c433-3ba,Gujarat,Rajkot,Shapar,,From address only (no pin)
cus_23e6f0d7-dec,Goa,North Goa,Mapusa,Angod,Confirmed (pin + address agree)
cus_23e809a3-6e0,Rajasthan,Ajmer,Pushkar,,From address only (no pin)
cus_23f354c6-49d,Kerala,Kottayam,Kanjirappally,Kokkappally,From pin only
cus_24039550-7bc,Madhya Pradesh,Indore,Indore,Telephone Nagar,Confirmed (pin + address agree)
cus_240d162b-1b3,Kerala,Thiruvananthapuram,Varkala,,Confirmed (pin + address agree)
cus_240e3c52-e55,Maharashtra,Thane,Thane,Shilphata,Confirmed (pin + address agree)
cus_24187206-b55,Maharashtra,Mumbai,Mumbai,Borivali West,Confirmed (pin + address agree)
cus_24294958-9d6,Madhya Pradesh,Indore,Indore,,From sheet text only
cus_24346029-803,Madhya Pradesh,Indore,Indore,,Confirmed (pin + address agree)
cus_2437bb6a-034,Madhya Pradesh,Indore,Indore,Navlakha,Confirmed (pin + address agree)
cus_243926c9-868,Rajasthan,Ajmer,Badlya,Mdr 6,Confirmed (pin + address agree)
cus_243ece23-bdf,Madhya Pradesh,Indore,Indore,Scheme 54 PU4,Confirmed (pin + address agree)
cus_244737db-b59,Maharashtra,Wardha,Wardha,Mahadevpura,Confirmed (pin + address agree)
cus_24896120-124,Maharashtra,Palghar,Vasai,Vasai East,From sheet text only
cus_248ba346-2f3,Madhya Pradesh,Indore,Indore,Tilak Nagar,Confirmed (pin + address agree)
cus_24977aea-37b,Odisha,Khorda,Bhubaneswar,Padmakesarpur,Confirmed (pin + address agree)
cus_2499f6a8-d76,Rajasthan,Jaipur,Jaipur,Vaishali Nagar,Confirmed (pin + address agree)
cus_249a63de-ca1,Rajasthan,Jaipur,Jaipur,Tonk Phatak,Confirmed (pin + address agree)
cus_24afab56-cbb,Maharashtra,Mumbai,Mumbai,Goregaon,Confirmed (pin + address agree)
cus_24d0da5a-025,Maharashtra,Thane,Kalyan,Dwarli Gaon,Confirmed (pin + address agree)
cus_24d9ec88-927,Maharashtra,Mumbai,Mumbai,Jogeshwari West,Confirmed (pin + address agree)
cus_24ec7db7-e5f,Madhya Pradesh,Indore,Indore,Pardesipura,Confirmed (pin + address agree)
cus_24f7a88f-6e5,Maharashtra,Thane,Kalyan,Khadakpada,Confirmed (pin + address agree)
cus_250da35d-61d,Dadra and Nagar Haveli and Daman and Diu,Daman,Vapi,Imran Nagar,Confirmed (pin + address agree)
cus_25137d68-9db,Madhya Pradesh,Dhar,Pithampur,Pithampur Industrial Area,From address only (no pin)
cus_252689e4-35e,Maharashtra,Nagpur,Nagpur,Shantinagar Colony,Confirmed (pin + address agree)
cus_252b6d84-42a,Maharashtra,Palghar,Maswan,Mvw4Wpp,From address only (no pin)
cus_25446093-8df,Gujarat,Valsad,Vapi,Gidc,From address only (no pin)
cus_254920d7-c53,Maharashtra,Thane,Badlapur,Dattanagar,Confirmed (pin + address agree)
cus_25605954-e51,Madhya Pradesh,Jabalpur,Jabalpur,Chandmari,Confirmed (pin + address agree)
cus_256b4d67-761,Madhya Pradesh,Bhopal,Bhopal,Sbi bank,Confirmed (pin + address agree)
cus_256ba236-449,Madhya Pradesh,Indore,Indore,Chhavani,Confirmed (pin + address agree)
cus_2578ef21-39f,Rajasthan,Ajmer,Bandanwara,,From address only (no pin)
cus_2599aefe-c06,Maharashtra,Wardha,Wardha,Nalwadi,Confirmed (pin + address agree)
cus_25a78d07-bc1,Madhya Pradesh,Indore,Indore,Sadar Bazar,Check: pin and address disagree
cus_25b9aafb-cef,Maharashtra,Nagpur,Nagpur,Shambhu Nagar,Confirmed (pin + address agree)
cus_25c2be73-811,Maharashtra,Thane,Thane,,From pin only
cus_25c5c434-09d,Rajasthan,Jaipur,Jaipur,Jagatpura,Confirmed (pin + address agree)
cus_25ce51ab-bf0,Rajasthan,Jaipur,Jaipur,Mansarovar,Confirmed (pin + address agree)
cus_25d4d866-247,Kerala,Kottayam,Kottayam,Kodimatha,Confirmed (pin + address agree)
cus_25d82571-207,Maharashtra,Nagpur,Nagpur,Deendayal Nagar,Confirmed (pin + address agree)
cus_25e101e3-c88,Maharashtra,Palghar,Vasai,,From pin only
cus_25fd0da9-d96,Goa,North Goa,Panaji,Cortin,Confirmed (pin + address agree)
cus_25fdfeef-b5b,Maharashtra,Mumbai,Mumbai,Dahisar West,Confirmed (pin + address agree)
cus_26074bd6-636,Madhya Pradesh,Ratlam,Ratlam,Shastri Nagar,Check: pin and address disagree
cus_26106de7-c89,Maharashtra,Mumbai,Mumbai,Borivali West,Confirmed (pin + address agree)
cus_2617afd0-465,Gujarat,Rajkot,Morbi,Sardar Nagar,Confirmed (pin + address agree)
cus_264821dd-f68,Maharashtra,Palghar,Vasai,Sativli,From sheet text only
cus_264d3a3a-ade,Maharashtra,Kolhapur,Gandhinagar,,From sheet text only
cus_26739a14-b44,Rajasthan,Nagaur,Parbatsar,Gandhi Chowk,Confirmed (pin + address agree)
cus_2677f882-280,Maharashtra,Sangli,Atpadi,,Confirmed (pin + address agree)
cus_267ac7c0-0a5,Maharashtra,Sangli,Vita,Advi Peth,Confirmed (pin + address agree)
cus_267dfe6a-441,Rajasthan,Kota,Kota,Kaithuni Pole Kota,Confirmed (pin + address agree)
cus_2689d306-7a3,Goa,South Goa,Vasco Da Gama,Vaddem,Confirmed (pin + address agree)
cus_268c5099-666,Rajasthan,Jodhpur,Jodhpur,Baldev Nagar,Confirmed (pin + address agree)
cus_268cf88e-ee3,Kerala,Kozhikode,Payyoli,,Confirmed (pin + address agree)
cus_268fc9e4-d94,Maharashtra,Thane,Ulhasnagar,Press Bazar,Confirmed (pin + address agree)
cus_26967316-393,Maharashtra,Thane,Thane,Thane West,Confirmed (pin + address agree)
cus_269b625d-2a1,Rajasthan,Kota,Kota,Electricity Board Area,Confirmed (pin + address agree)
cus_26cc6f4c-7d1,Madhya Pradesh,Vidisha,Vidisha,Baripura,From pin only
cus_26d04b90-dd9,Maharashtra,Thane,Ulhasnagar,Manera Gaon,Confirmed (pin + address agree)
cus_26d57c99-bc9,Rajasthan,Jaipur,Jaipur,Kanwar Nagar,Confirmed (pin + address agree)
cus_26db1555-35a,Madhya Pradesh,Bhopal,Bhopal,,From sheet text only
cus_26f7db42-fdc,Maharashtra,Nagpur,Nagpur,Ishwar Nagar,From address only (no pin)
cus_27057659-815,Maharashtra,Mumbai,Mumbai,,Confirmed (pin + address agree)
cus_2707ebc1-fab,Madhya Pradesh,Indore,Indore,Bombay Bazar,From pin only
cus_2708a733-a40,Madhya Pradesh,Mandsaur,Sitamau,,Confirmed (pin + address agree)
cus_2734c52e-786,Madhya Pradesh,Indore,Indore,Badi Bhamori,From address only (no pin)
cus_2747b049-360,Madhya Pradesh,Indore,Indore,Kalani Nagar,Confirmed (pin + address agree)
cus_2757967e-e28,Maharashtra,Mumbai,Mumbai,Borivali,From sheet text only
cus_27587431-999,Rajasthan,Jodhpur,Jodhpur,Ashok Nagar,Confirmed (pin + address agree)
cus_275f2823-d40,Rajasthan,Ajmer,Kishangarh,RICCO Industrial Area,Confirmed (pin + address agree)
cus_27668619-30c,Rajasthan,Ajmer,Kekri,,From pin only
cus_276705de-b59,Madhya Pradesh,Jabalpur,Jabalpur,Karmeta,Confirmed (pin + address agree)
cus_27739e1f-2e7,Kerala,Kannur,Panoor,,Confirmed (pin + address agree)
cus_2779c389-dcb,Madhya Pradesh,Jabalpur,Jabalpur,Cheevani Phamad Nagar,Confirmed (pin + address agree)
cus_27b61b0a-2eb,Kerala,Kannur,Chokli,,Check: pin and address disagree
cus_27bafb79-a34,Rajasthan,Nagaur,Merta,,Confirmed (pin + address agree)
cus_27bff0a7-dba,Maharashtra,Raigad,Patalganga,,From sheet text only
cus_27c0d731-24f,Maharashtra,Palghar,Vasai,Vasai East,From sheet text only
cus_27c2952b-cbe,Madhya Pradesh,Dhar,Pithampur,Pithampur Industrial Area,From sheet text only
cus_27d642bb-4f1,Maharashtra,Akola,Akola,Mominpura,From address only (no pin)
cus_27e6bfe9-38e,Maharashtra,Thane,Bhiwandi,Kaneri,Confirmed (pin + address agree)
cus_27f87221-77c,Maharashtra,Thane,Dombivli,Dombivli West,Confirmed (pin + address agree)
cus_2805a6ab-fa1,Maharashtra,Thane,Kalyan,Nandivali Gaon,Check: pin and address disagree
cus_28066b18-493,Maharashtra,Nagpur,Matkazari,,Confirmed (pin + address agree)
cus_2815acb6-82f,Maharashtra,Nagpur,Nagpur,T Point,Confirmed (pin + address agree)
cus_281d6f40-298,Maharashtra,Solapur,Tembhurni,,From pin only
cus_281f1747-770,Maharashtra,Palghar,Vasai,Vasai East,From sheet text only
cus_2823ab8f-276,Maharashtra,Nagpur,Nagpur,Mahal,Confirmed (pin + address agree)
cus_2826c0a8-a91,Odisha,Dhenkanal,Dhenkanal,Mh3Vfmv,Confirmed (pin + address agree)
cus_283d6869-2f0,Maharashtra,Palghar,Kaman,Bapana,Check: pin and address disagree
cus_284f523c-6b8,Maharashtra,Nanded,Nanded,,Check: pin and address disagree
cus_28652766-13a,Madhya Pradesh,Jabalpur,Jabalpur,Vijay Nagar,Confirmed (pin + address agree)
cus_28701a10-3a6,Madhya Pradesh,Bhopal,Bhopal,,From sheet text only
cus_288eda7a-c6e,Madhya Pradesh,Indore,Indore,Rau,Confirmed (pin + address agree)
cus_28949dab-e61,Maharashtra,Mumbai,Mumbai,Andheri East,Confirmed (pin + address agree)
cus_28973ffc-dd5,Maharashtra,Osmanabad,Tamalwadi,Gondhalwadi,From pin only
cus_289fdf21-ecf,Odisha,Bhadrak,Charampa,,Confirmed (pin + address agree)
cus_28ba69a9-da3,Maharashtra,Solapur,Mangalwedha,,Check: pin and address disagree
cus_28c97f47-ed2,Madhya Pradesh,Indore,Indore,Khajrana,Confirmed (pin + address agree)
cus_28dcf3e5-0c1,Madhya Pradesh,Indore,Indore,Kelod,Confirmed (pin + address agree)
cus_28e01ae3-137,Madhya Pradesh,Jabalpur,Jabalpur,Sanjeevani Nagar,Confirmed (pin + address agree)
cus_28f222cb-3ef,Kerala,Thrissur,Thrissur,Chembukkav,Confirmed (pin + address agree)
cus_28fc92ee-68f,Dadra and Nagar Haveli and Daman and Diu,Daman,Vapi,Gidc,Confirmed (pin + address agree)
cus_28fdb08f-4a0,Kerala,Thiruvananthapuram,Thiruvananthapuram,,Confirmed (pin + address agree)
cus_28ff19cd-af2,Maharashtra,Thane,Dombivli,Dombivli East,Confirmed (pin + address agree)
cus_290da827-4a0,Maharashtra,Kolhapur,Chinchwad,,Check: pin and address disagree
cus_29177148-64a,Maharashtra,Nagpur,Nagpur,Badil Kheda,Confirmed (pin + address agree)
cus_2937a39d-31c,Madhya Pradesh,Indore,Indore,Mahalaxmi Nagar,Confirmed (pin + address agree)
cus_294c74bb-610,Rajasthan,Sikar,Sikar,Jat Colony,Confirmed (pin + address agree)
cus_295c341e-cf4,Odisha,Ganjam,Brahmapur,Triveni Nagar,Confirmed (pin + address agree)
cus_295c60f3-2f8,Maharashtra,Ahmednagar,Ahmednagar,,From sheet text only
cus_297b7b28-0d9,Rajasthan,Jaipur,Jaipur,Murlipura,Confirmed (pin + address agree)
cus_299b085d-a5b,Maharashtra,Palghar,Mira-Bhayandar,,Confirmed (pin + address agree)
cus_299ffdbe-b72,Maharashtra,Solapur,Natepute,,Check: pin and address disagree
cus_29a909dd-36c,Odisha,Koraput,Jeypore,,Confirmed (pin + address agree)
cus_29b0bc9a-9a3,Maharashtra,Thane,Thane,Vadape,From pin only
cus_29c1e713-836,Madhya Pradesh,Indore,Indore,Manglaya Sadak,Check: pin and address disagree
cus_29d02299-6e1,Madhya Pradesh,Indore,Indore,Arvindo Hospital,Confirmed (pin + address agree)
cus_29d039ba-ff0,Kerala,Thiruvananthapuram,Thiruvananthapuram,Maruthankuzhi,Confirmed (pin + address agree)
cus_29d2c8f8-7a3,Maharashtra,Pune,Pune,,From sheet text only
cus_29db613f-2eb,Maharashtra,Sangli,Sangli,,From pin only
cus_29e12e3c-4b4,Maharashtra,Osmanabad,Dharashiv,Lakshmi Nagar,Confirmed (pin + address agree)
cus_29e240f9-5c1,Odisha,Khorda,Bhubaneswar,Phulnakhara,From pin only
cus_29f7be3f-8b0,Rajasthan,Barmer,Balotra,,Check: pin and address disagree
cus_2a08b010-7d8,Maharashtra,Thane,Bhiwandi,,From pin only
cus_2a0baab3-ed2,Maharashtra,Palghar,Virar,Virar West,Confirmed (pin + address agree)
cus_2a230077-e56,Maharashtra,Pune,Pune,Shukrawar Peth,Confirmed (pin + address agree)
cus_2a235de9-292,Madhya Pradesh,Dewas,Dewas,Nagar Nigam Colony,Confirmed (pin + address agree)
cus_2a288e7e-7f4,Rajasthan,Jaipur,Jaipur,Jhotwara,Confirmed (pin + address agree)
cus_2a2f73d8-42a,Odisha,Khorda,Bhubaneswar,Phulnakhara,From pin only
cus_2a47e821-514,Madhya Pradesh,Indore,Indore,Chota Bangarda,Confirmed (pin + address agree)
cus_2a4835ab-fd8,Maharashtra,Pune,Pune,Hadapsar,Confirmed (pin + address agree)
cus_2a4a19b5-c53,Kerala,Kozhikode,Villiappally,,Confirmed (pin + address agree)
cus_2a4d8552-754,Maharashtra,Thane,Kalyan,,From sheet text only
cus_2a51dc49-db6,Madhya Pradesh,Indore,Indore,Raj Mohalla,Confirmed (pin + address agree)
cus_2a5aa54f-e17,Kerala,Thiruvananthapuram,Thiruvananthapuram,Devapalan Nagar,Confirmed (pin + address agree)
cus_2a5bb43b-712,Rajasthan,Jaipur,Jaipur,Laxmi Narayan Puri,Confirmed (pin + address agree)
cus_2a6559c8-013,Rajasthan,Kota,Kota,Electricity Board Area,Confirmed (pin + address agree)
cus_2a6cfff2-0a3,Maharashtra,Thane,Dombivli,Dombivli East,Confirmed (pin + address agree)
cus_2a7f8df3-4e4,Madhya Pradesh,Indore,Indore,Siddharth Nagar,Confirmed (pin + address agree)
cus_2a8445b3-30d,Maharashtra,Pune,Pune,Raviwar Peth,Confirmed (pin + address agree)
cus_2aa3c073-3c3,Maharashtra,Solapur,Solapur,Rana Pratap Nagar,From address only (no pin)
cus_2aabd5c4-29b,Maharashtra,Solapur,Solapur,Jule,Confirmed (pin + address agree)
cus_2ac6083c-660,Madhya Pradesh,Indore,Indore,Sarafa Bazar,Confirmed (pin + address agree)
cus_2ac99082-b8f,Maharashtra,Thane,Kalyan,Gauripada,Confirmed (pin + address agree)
cus_2ace7329-902,Maharashtra,Solapur,Bhose,Bhose Pati,From pin only
cus_2ad04ff6-918,Dadra and Nagar Haveli and Daman and Diu,Daman,Daman,Dabhel,From pin only
cus_2ad5031b-df7,Kerala,Kozhikode,Meppayur,,Confirmed (pin + address agree)
cus_2af62f1c-b9f,Maharashtra,Thane,Dombivli,Dombivli East,From pin only
cus_2afc5f58-ce2,Odisha,Puri,Puri,,Confirmed (pin + address agree)
cus_2b11ba4a-aea,Madhya Pradesh,Bhopal,Bhopal,Shahpura,Confirmed (pin + address agree)
cus_2b200d88-76b,Madhya Pradesh,Hoshangabad,Narmadapuram,Narayan Nagar,Confirmed (pin + address agree)
cus_2b26c441-5a6,Maharashtra,Thane,Badlapur,Belavali,Confirmed (pin + address agree)
cus_2b351159-af4,Rajasthan,Chittorgarh,Chittorgarh,Chandan Pura,Confirmed (pin + address agree)
cus_2b3d0aa9-cbb,Rajasthan,Jaipur,Jaipur,Shankar Nagar,Confirmed (pin + address agree)
cus_2b45df4d-506,Madhya Pradesh,Bhopal,Bhopal,Bairagarh,Confirmed (pin + address agree)
cus_2b56e8f7-c60,Madhya Pradesh,Indore,Indore,Sukhlia,Confirmed (pin + address agree)
cus_2b8b3b26-9eb,Madhya Pradesh,Burhanpur,Burhanpur,Monin Pura,Check: pin and address disagree
cus_2ba6b214-48f,Maharashtra,Thane,Kalyan,Kalyan East,Check: pin and address disagree
cus_2bb107c3-50f,Kerala,Thiruvananthapuram,Thiruvananthapuram,Maruthankuzhi,Confirmed (pin + address agree)
cus_2bb8a799-652,Madhya Pradesh,Indore,Indore,Daulatganj,Confirmed (pin + address agree)
cus_2bc6b3b7-755,Maharashtra,Mumbai,Mumbai,Kandivali West,Confirmed (pin + address agree)
cus_2bd4203b-4b8,Maharashtra,Palghar,Nala Sopara,Nalasopara West,From sheet text only
cus_2bee1456-afd,Maharashtra,Thane,Mira-Bhayandar,Bhayandar East,Confirmed (pin + address agree)
cus_2bf73be4-6fc,Maharashtra,Pune,Pune,Budhwar Peth,From address only (no pin)
cus_2bf98567-53f,Maharashtra,Nanded,Nanded,Harsh Nagar,Confirmed (pin + address agree)
cus_2c042af3-3a4,Kerala,Thiruvananthapuram,Kulathummal,Kattakkada,Confirmed (pin + address agree)
cus_2c145616-276,Odisha,Ganjam,Brahmapur,Gosani Nuagam,From address only (no pin)
cus_2c160b06-575,Chhattisgarh,Bilaspur,Bilaspur,Jarahbhata,Confirmed (pin + address agree)
cus_2c19d958-3e0,Maharashtra,Thane,Bhiwandi,Narpoli Gaon,Confirmed (pin + address agree)
cus_2c21b5be-0d1,Rajasthan,Pali,Bar,Jaitaran,Confirmed (pin + address agree)
cus_2c21ba3a-3d4,Rajasthan,Jaipur,Jaipur,Pratap Nagar,Confirmed (pin + address agree)
cus_2c308902-111,Madhya Pradesh,Indore,Indore,Anjani Nagar,Confirmed (pin + address agree)
cus_2c33b9fc-ef0,Maharashtra,Thane,Kalyan,Nandivali Gaon,Confirmed (pin + address agree)
cus_2c371f2a-098,Madhya Pradesh,Jabalpur,Jabalpur,Chandmari,Confirmed (pin + address agree)
cus_2c50ba25-bb9,Maharashtra,Thane,Dombivli,Kalu Nagar,Confirmed (pin + address agree)
cus_2c5e8564-7ed,Maharashtra,Palghar,Mira-Bhayandar,,Confirmed (pin + address agree)
cus_2c6a021f-12f,Rajasthan,Jaipur,Jaipur,Sushilpura,Confirmed (pin + address agree)
cus_2c813653-8a2,Gujarat,Rajkot,Morbi,Sardar Nagar,Confirmed (pin + address agree)
cus_2c8aef1d-66b,Rajasthan,Bhilwara,Bhilwara,Chandrashekar Azad Nagar,Confirmed (pin + address agree)
cus_2c928f15-d71,Odisha,Khorda,Bhubaneswar,Patrapada,Confirmed (pin + address agree)
cus_2c96b4f3-383,Kerala,Kozhikode,Nadapuram,Kakkemvelli,Confirmed (pin + address agree)
cus_2c9bc25f-71e,Maharashtra,Nagpur,Nagpur,Sitabuldi,Confirmed (pin + address agree)
cus_2ca679ff-d21,Maharashtra,Akola,Akola,Dahigaon Gawande,Confirmed (pin + address agree)
cus_2cc2910c-61c,Odisha,Khorda,Bhubaneswar,,From pin only
cus_2cc47dac-bed,Maharashtra,Mumbai,Mumbai,Bhuleshwar,Confirmed (pin + address agree)
cus_2cd1777c-71b,Maharashtra,Palghar,Boisar,Sanjay Nagar,From sheet text only
cus_2ce18400-52b,Odisha,Dhenkanal,Dhenkanal,Jawahar Chouk,Confirmed (pin + address agree)
cus_2ce18c54-b0c,Kerala,Kozhikode,Kakkattil,Chelakkad,Confirmed (pin + address agree)
cus_2cfb6672-3e6,Madhya Pradesh,Hoshangabad,Harda,,From address only (no pin)
cus_2d189afb-aff,Maharashtra,Palghar,Virar,,From pin only
cus_2d190b97-94c,Rajasthan,Jaipur,Chomu,Naya BaJar,Check: pin and address disagree
cus_2d19bb5f-dc4,Maharashtra,Nanded,Nanded,Kautha,Confirmed (pin + address agree)
cus_2d2b41f9-fa8,Dadra and Nagar Haveli and Daman and Diu,Daman,Vapi,Koliwara (Pardi,Confirmed (pin + address agree)
cus_2d39a4fe-7b5,Madhya Pradesh,Bhopal,Bhopal,,From sheet text only
cus_2d485130-66e,Maharashtra,Amravati,Amravati,Habib Nagar,Confirmed (pin + address agree)
cus_2d563a4a-84e,Maharashtra,Thane,Bhiwandi,Chavindra,Confirmed (pin + address agree)
cus_2d5eaa47-5fc,Maharashtra,Mumbai,Mumbai,Kandivali,From pin only
cus_2d62a480-695,Odisha,Ganjam,Chatrapur,Rama Krishna Nagar,Confirmed (pin + address agree)
cus_2d75cc41-d73,Rajasthan,Jodhpur,Jodhpur,Bhadu Market,Confirmed (pin + address agree)
cus_2d7c9bd2-8f4,Maharashtra,Kolhapur,Kolhapur,Shahupuri,Confirmed (pin + address agree)
cus_2d832da7-cec,Kerala,Kozhikode,Tuneri,,From address only (no pin)
cus_2d891f5c-613,Kerala,Kozhikode,Kannookkara,,Confirmed (pin + address agree)
cus_2d8b98ec-1e9,Maharashtra,Palghar,Vasai,Vasai East,Confirmed (pin + address agree)
cus_2d965f3c-41f,Maharashtra,Latur,Latur,Ganj Golai,Confirmed (pin + address agree)
cus_2d991aec-eaa,Rajasthan,Jaipur,Jaipur,Chitrakoot,Confirmed (pin + address agree)
cus_2d9a5c1d-6cd,Tamil Nadu,Nilgiris,Gudalur,,Confirmed (pin + address agree)
cus_2d9f4199-060,Maharashtra,Thane,Amane,,Check: pin and address disagree
cus_2dacb64d-ebc,Maharashtra,Thane,Ambernath,Morivali,Confirmed (pin + address agree)
cus_2db92a26-548,Kerala,Kannur,Chokli,,From pin only
cus_2dc039b7-928,Odisha,Khorda,Bhubaneswar,,From sheet text only
cus_2dc51602-049,Maharashtra,Wardha,Wardha,Mahadevpura,Confirmed (pin + address agree)
cus_2dc99e93-abd,Maharashtra,Ahmednagar,Ahmednagar,,From sheet text only
cus_2dca5f1d-bb4,Rajasthan,Jaipur,Jaipur,Sodala,Confirmed (pin + address agree)
cus_2dcae412-a3b,Rajasthan,Hanumangarh,Hanumangarh,Puran Nagar,From address only (no pin)
cus_2dd2d5af-cf2,Madhya Pradesh,Indore,Indore,Rau,Confirmed (pin + address agree)
cus_2de12117-c95,Madhya Pradesh,Indore,Indore,,From pin only
cus_2e0cf1fe-2e1,Maharashtra,Nagpur,Nagpur,Ayodhya nagar,From address only (no pin)
cus_2e152e0b-529,Rajasthan,Jodhpur,Jodhpur,Basni,Confirmed (pin + address agree)
cus_2e164c4b-3e8,Maharashtra,Thane,Shahapur,,Confirmed (pin + address agree)
cus_2e1930a5-247,Madhya Pradesh,Jabalpur,Jabalpur,Karmeta,Confirmed (pin + address agree)
cus_2e1c0fed-460,Goa,South Goa,Vasco Da Gama,Vaddem,Confirmed (pin + address agree)
cus_2e24f839-ea0,Maharashtra,Thane,Badlapur,Station Pada,From address only (no pin)
cus_2e261ef2-d17,Maharashtra,Solapur,Solapur,Shaniwar Peth,From address only (no pin)
cus_2e38a70c-3b8,Madhya Pradesh,Jabalpur,Jabalpur,Shastri Nagar,Confirmed (pin + address agree)
cus_2e4e5f4d-eb3,Madhya Pradesh,Indore,Indore,Badi Bhamori,Confirmed (pin + address agree)
cus_2e57add3-f45,Maharashtra,Nagpur,Nagpur,Sanmarga Nagar,Confirmed (pin + address agree)
cus_2e5da933-299,Maharashtra,Thane,Shahapur,Kalambhe,Confirmed (pin + address agree)
cus_2e812570-886,Madhya Pradesh,Indore,Indore,LIG Colony,Confirmed (pin + address agree)
cus_2e848f86-b36,Maharashtra,Thane,Kalyan,Bhoiwada,Confirmed (pin + address agree)
cus_2e957731-2f9,Maharashtra,Thane,Navi Mumbai,Turbhe,Confirmed (pin + address agree)
cus_2e9c66f0-bd9,Madhya Pradesh,Indore,Indore,Mahalaxmi Nagar,Confirmed (pin + address agree)
cus_2e9c85c2-796,Madhya Pradesh,Indore,Indore,Sangam Nagar,Confirmed (pin + address agree)
cus_2e9d5d7c-625,Madhya Pradesh,Jabalpur,Mohas,infront of Sharda sweets,From address only (no pin)
cus_2ea1c21b-b59,Odisha,Koraput,Borigumma,Biju Expy,Confirmed (pin + address agree)
cus_2ea790bf-e04,Rajasthan,Jaipur,Jaipur,Sumel,Confirmed (pin + address agree)
cus_2eaa2547-c16,Maharashtra,Kolhapur,Kolhapur,New Shahupuri,Confirmed (pin + address agree)
cus_2eaee9d8-009,Maharashtra,Solapur,Pandharpur,June Pat,Confirmed (pin + address agree)
cus_2eaf1bf5-030,Maharashtra,Palghar,Vasai,,Not locatable
cus_2eb31dae-14f,Maharashtra,Chandrapur,Chandrapur,Bazar Ward,From address only (no pin)
cus_2ebc38f0-f3a,Madhya Pradesh,Indore,Indore,Nanda Nagar,Confirmed (pin + address agree)
cus_2ee1f2d9-988,Madhya Pradesh,Bhopal,Bhopal,Maharana Pratap Nagar,Confirmed (pin + address agree)
cus_2ef3224f-260,Rajasthan,Ajmer,Ajmer,Mahaveer Colony,Confirmed (pin + address agree)
cus_2efb063c-207,Maharashtra,Palghar,Vasai,Vasai East,Confirmed (pin + address agree)
cus_2f0324f0-b71,Maharashtra,Solapur,Sangola,Kadlas Naka,Confirmed (pin + address agree)
cus_2f04e889-15b,Maharashtra,Thane,Wagle Estate,Wagle Estate,Not locatable
cus_2f05b03b-74e,Maharashtra,Palghar,Boisar,,Not locatable
cus_2f13807a-766,Goa,South Goa,Ponda,Khadpabandh,Confirmed (pin + address agree)
cus_2f187407-a8e,Gujarat,Rajkot,Morbi,Anant Nagar,Confirmed (pin + address agree)
cus_2f188dd8-b57,Maharashtra,Palghar,Vasai,Naigaon,From pin only
cus_2f1a7e9f-e71,Maharashtra,Thane,Kalyan,Kalyan West,Confirmed (pin + address agree)
cus_2f1d1607-34e,Madhya Pradesh,Indore,Indore,Vaishali Nagar,Confirmed (pin + address agree)
cus_2f1dc7a2-8c1,Rajasthan,Jaipur,Chomu,Sarna Doongar,From pin only
cus_2f2c7b74-701,Rajasthan,Jodhpur,Jodhpur,Meera Nagar,Confirmed (pin + address agree)
cus_2f2e125b-50b,Maharashtra,Thane,Navi Mumbai,,Confirmed (pin + address agree)
cus_2f2fd00c-225,Kerala,Kozhikode,Meppayur,,Confirmed (pin + address agree)
cus_2f324e91-823,Maharashtra,Aurangabad,Chhatrapati Sambhajinagar,Mondha,From address only (no pin)
cus_2f39728e-ee3,Madhya Pradesh,Ratlam,Jaora,,Confirmed (pin + address agree)
cus_2f464144-bf4,Odisha,Ganjam,Ganjam,,Confirmed (pin + address agree)
cus_2f47f6b5-d92,Madhya Pradesh,Sehore,Sherpur,,Check: pin and address disagree
cus_2f5768aa-19a,Maharashtra,Raigad,Raigad,Panvel,Confirmed (pin + address agree)
cus_2f59e389-186,Rajasthan,Ajmer,Beawar,Shahpura Mohalla,Check: pin and address disagree
cus_2f69e2b2-a59,Madhya Pradesh,Jabalpur,Jabalpur,Adhartal,Confirmed (pin + address agree)
cus_2f6f04d5-641,Rajasthan,Jodhpur,Jodhpur,Surya Colony,Confirmed (pin + address agree)
cus_2f71130a-b5d,Maharashtra,Solapur,Londhevasti,,From pin only
cus_2f73b6fc-91f,Kerala,Kannur,Thalassery,Vayalalam,From pin only
cus_2f8c8d3d-f36,Madhya Pradesh,Jabalpur,Jabalpur,South Civil Lines,Confirmed (pin + address agree)
cus_2f936ed1-62e,Rajasthan,Kota,Kota,Gumanpura,From address only (no pin)
cus_2fa11cb3-f82,Kerala,Alappuzha,Chennithala,,Confirmed (pin + address agree)
cus_2fbe8924-0e8,Odisha,Khorda,Bhubaneswar,Khandagiri,Confirmed (pin + address agree)
cus_2fc2bf1f-185,Kerala,Kozhikode,Parakkadavu,,Confirmed (pin + address agree)
cus_2fc58e77-326,Odisha,Puri,Nimapada,,From address only (no pin)
cus_2fd1eae8-c92,Madhya Pradesh,Indore,Indore,Mahalaxmi Nagar,Confirmed (pin + address agree)
cus_2fe20173-9d8,Madhya Pradesh,Bhopal,Bhopal,Peer Gate Area,Confirmed (pin + address agree)
cus_2fe3a1c6-557,Madhya Pradesh,Indore,Indore,Sudama Nagar,Confirmed (pin + address agree)
cus_2fe76666-e9f,Maharashtra,Nagpur,Nagpur,Civil Lines,Confirmed (pin + address agree)
cus_2febc5e7-e2f,Rajasthan,Bhilwara,Bhilwara,Shastri Nagar,Confirmed (pin + address agree)
cus_2fed6f29-5a8,Maharashtra,Jalgaon,Jalgaon,Midc,Confirmed (pin + address agree)
cus_2fefd6d2-94a,Madhya Pradesh,Indore,Indore,Badi Bhamori,Confirmed (pin + address agree)
cus_2ff07b7d-d7b,Maharashtra,Sangli,Dighanchi,Gwghv4M,Check: pin and address disagree
cus_2ff37601-ed6,Madhya Pradesh,Mandsaur,Mandsaur,Kalakhet,Confirmed (pin + address agree)
cus_2ffe16ac-3e0,Kerala,Kasargod,Kasaragod,Bedira,Confirmed (pin + address agree)
cus_3009b317-567,Maharashtra,Thane,Dombivli,Dombivli East,Confirmed (pin + address agree)
cus_300ac69c-6e0,Maharashtra,Pune,Pune,Kondwa,From sheet text only
cus_30151713-418,Madhya Pradesh,Dewas,Dewas,Gomti Nagar,Confirmed (pin + address agree)
cus_301673d7-69a,Madhya Pradesh,Jabalpur,Jabalpur,Gohalpur,Confirmed (pin + address agree)
cus_301e2400-b1f,Madhya Pradesh,Indore,Indore,Mahalaxmi Nagar,Confirmed (pin + address agree)
cus_30210a2c-d01,Dadra and Nagar Haveli and Daman and Diu,Daman,Daman,Ringanwada,From pin only
cus_302a13c9-a44,Madhya Pradesh,Indore,Indore,Chandan Nagar,Confirmed (pin + address agree)
cus_303acdcd-c94,Kerala,Kottayam,Thiruvalla,Mamoodu,From pin only
cus_305e73d9-62c,Maharashtra,Palghar,Vasai,,From pin only
cus_306635f5-dcd,Rajasthan,Jaipur,Jaipur,Durgapura,Confirmed (pin + address agree)
cus_306c1bf0-231,Odisha,Cuttack,Cuttack,Ranihat Colony,Confirmed (pin + address agree)
cus_306c2fa4-226,Maharashtra,Mumbai,Mumbai,Andheri West,Confirmed (pin + address agree)
cus_306d1a3c-d71,Maharashtra,Thane,Bhiwandi,,From pin only
cus_306f56fd-055,Maharashtra,Mumbai,Mumbai,Malad West,From address only (no pin)
cus_30ac4324-c74,Maharashtra,Kolhapur,Gadhinglaj,,From sheet text only
cus_30babc33-fe5,Madhya Pradesh,Jabalpur,Jabalpur,Maharajpur,Confirmed (pin + address agree)
cus_30c3ef09-6d7,Madhya Pradesh,Bhopal,Bhopal,Chouraha,Confirmed (pin + address agree)
cus_30cfb551-3f2,Kerala,Kozhikode,Azhiyur,Chombala,Confirmed (pin + address agree)
cus_30e3e892-9be,Madhya Pradesh,Jabalpur,Jabalpur,New Ranjhi,Confirmed (pin + address agree)
cus_30e926f5-55b,Maharashtra,Buldhana,Buldhana,Chaitanyawadi,Confirmed (pin + address agree)
cus_30f02b1d-30f,Maharashtra,Raigad,Kolad,,Check: pin and address disagree
cus_30f18607-601,Odisha,Sundergarh,Rourkela,Udit Nagar,Confirmed (pin + address agree)
cus_30ff1cd0-294,Rajasthan,Jodhpur,Jodhpur,,From sheet text only
cus_310740cd-cb1,Gujarat,Rajkot,Rajkot,Navagam,Not locatable
cus_311e04ec-191,Madhya Pradesh,Jabalpur,Jabalpur,Karmeta,Confirmed (pin + address agree)
cus_312926d9-30e,Maharashtra,Thane,Kalyan,Khadakpada,Confirmed (pin + address agree)
cus_31459136-2f9,Madhya Pradesh,Indore,Indore,Musakhedi,Confirmed (pin + address agree)
cus_316878da-c3c,Maharashtra,Mumbai,Mumbai,Dahisar West,Confirmed (pin + address agree)
cus_318cc8ec-89a,Kerala,Ernakulam,Kochi,Ernakulam,Confirmed (pin + address agree)
cus_319693aa-bdb,Kerala,Thrissur,Thrissur,Thottilpalam,From pin only
cus_3199b936-7cf,Rajasthan,Jaipur,Jaipur,Ambika Colony,Confirmed (pin + address agree)
cus_319a68a9-1ce,Odisha,Cuttack,Jagatpur,Chandrasekharprasad,From pin only
cus_31af9b50-bbe,Madhya Pradesh,Bhopal,Gehun Kheda,,Check: pin and address disagree
cus_31b18beb-829,Gujarat,Rajkot,Gondal,Gayatri Nagar,Confirmed (pin + address agree)
cus_31b8f890-f59,Madhya Pradesh,Indore,Mhow Gaon,Dharnaka,Confirmed (pin + address agree)
cus_31c4bfe1-86c,Madhya Pradesh,West Nimar,Khargone,Gouridham Extension Colony,Confirmed (pin + address agree)
cus_31c57c7d-cb3,Madhya Pradesh,Indore,Indore,Palda,Confirmed (pin + address agree)
cus_31c5e083-67e,Kerala,Pathanamthitta,Thiruvalla,,From address only (no pin)
cus_31d3afe0-fb9,Rajasthan,Hanumangarh,Hanumangarh,,From address only (no pin)
cus_31d79811-dc2,Madhya Pradesh,Jabalpur,Jabalpur,Garha,Confirmed (pin + address agree)
cus_31d9dca7-c00,Odisha,Kendujhar,Barbil,,Confirmed (pin + address agree)
cus_31e1969e-4fd,Madhya Pradesh,Sehore,Sehore,Sindhi Colony,From address only (no pin)
cus_31e67a34-d3d,Maharashtra,Solapur,Akkalkot,Vidyanagar,Confirmed (pin + address agree)
cus_31e6f5f1-32e,Maharashtra,Nagpur,Nagpur,Chandan Nagar,Confirmed (pin + address agree)
cus_31e8d250-8cc,Odisha,Cuttack,Jagatpur,Jagatpur Industrial Estate,Confirmed (pin + address agree)
cus_31e9fbba-309,Maharashtra,Solapur,Madha,Sanmati Nagar,Confirmed (pin + address agree)
cus_3201f23e-47b,Kerala,Malappuram,Tirur,Meenadathur,Confirmed (pin + address agree)
cus_32080e20-4d6,Madhya Pradesh,Sehore,Sehore,Chhavni,Confirmed (pin + address agree)
cus_3209af4d-807,Maharashtra,Palghar,Palghar,Boisar,From address only (no pin)
cus_320cdae4-1de,Rajasthan,Jaipur,Jaipur,Malviya Nagar,Confirmed (pin + address agree)
cus_320cf7a5-79c,Odisha,Khorda,Khordha,Balianta,Check: pin and address disagree
cus_321968f1-e3e,Kerala,Thrissur,Thrissur,Veliyannur,Confirmed (pin + address agree)
cus_323958f4-6b8,Maharashtra,Thane,Dombivli,Dombivli East,From sheet text only
cus_324531c1-606,Rajasthan,Pali,Pali,Mahaveer Nagar,Confirmed (pin + address agree)
cus_32617c62-a91,Madhya Pradesh,Indore,Indore,Kibe Compound,Confirmed (pin + address agree)
cus_32640a97-da7,Karnataka,Bengaluru,Bengaluru,Lingarajapuram,Confirmed (pin + address agree)
cus_3270be88-247,Kerala,Kollam,Kollam,Karbala,From address only (no pin)
cus_3276177f-81c,Maharashtra,Thane,Kalyan,Usha Nagar,Confirmed (pin + address agree)
cus_3276b2cb-58f,Madhya Pradesh,Indore,Indore,Krishnodaya Nagar,Confirmed (pin + address agree)
cus_328c4e78-2db,Gujarat,Rajkot,Morbi,Bela,From pin only
cus_329eb4a2-f01,Rajasthan,Jaipur,Jaipur,Govindpura,Confirmed (pin + address agree)
cus_32b0fec3-136,Maharashtra,Pune,Pune,Rasta Peth,From address only (no pin)
cus_32c0fa4e-4ee,Maharashtra,Palghar,Vasai,,From pin only
cus_32c36e68-55c,Odisha,Dhenkanal,Dhenkanal,Kanchan Bazar,Confirmed (pin + address agree)
cus_32d4f5d1-8ee,Rajasthan,Ajmer,Beawar,Krishna Colony,From address only (no pin)
cus_32d94951-da5,Maharashtra,Yavatmal,Yavatmal,Pangari,Confirmed (pin + address agree)
cus_32f3aed0-bc6,Madhya Pradesh,Jabalpur,Jabalpur,Adhartal,Confirmed (pin + address agree)
cus_32f5dc48-8fe,Maharashtra,Palghar,Boisar,Sanjay Nagar,From address only (no pin)
cus_32f75764-7ad,Kerala,Kannur,Thalassery,Pilakool,Confirmed (pin + address agree)
cus_32fee615-77c,Maharashtra,Palghar,Vasai,Vasai West,Confirmed (pin + address agree)
cus_33026920-478,Odisha,Ganjam,Brahmapur,Triveni Nagar,Confirmed (pin + address agree)
cus_33054ede-102,Maharashtra,Thane,Kalyan,Gopal krishna Nagar,Confirmed (pin + address agree)
cus_33195244-e48,Maharashtra,Palghar,Vasai,Vasai East,Confirmed (pin + address agree)
cus_3323b783-ec3,Madhya Pradesh,Jabalpur,Jabalpur,Karmeta,Confirmed (pin + address agree)
cus_3327e8c8-b12,Odisha,Ganjam,Brahmapur,Manjari Nagar,Confirmed (pin + address agree)
cus_33299690-dfc,Maharashtra,Thane,Kalyan,Hanuman Nagar,Confirmed (pin + address agree)
cus_332f7a67-f8a,Maharashtra,Solapur,Solapur,Mangalwar Peth,Confirmed (pin + address agree)
cus_333b1b74-a58,Maharashtra,Pune,Pune,Bhawani Peth,Confirmed (pin + address agree)
cus_3352fd69-ccb,Rajasthan,Jaipur,Jaipur,Murlipura,Confirmed (pin + address agree)
cus_335ecc4c-66a,Maharashtra,Thane,Thane,Thane West,Confirmed (pin + address agree)
cus_336ef2f4-4e7,Maharashtra,Thane,Thane,Thane West,Confirmed (pin + address agree)
cus_337a0bbe-d63,Kerala,Kozhikode,Kozhikode,Mananchira,Confirmed (pin + address agree)
cus_337da1bd-faa,Madhya Pradesh,Dewas,Dewas,Karmchari Colony,Confirmed (pin + address agree)
cus_33888f2a-07e,Rajasthan,Jodhpur,Jodhpur,Rawaton Ka Bass,Confirmed (pin + address agree)
cus_3394f1ef-3d6,Maharashtra,Nagpur,Nagpur,Prasad Nagar,From address only (no pin)
cus_33997b3c-909,Maharashtra,Palghar,Vasai,,From pin only
cus_33b0bfbb-490,Karnataka,Bengaluru,Bengaluru,,From sheet text only
cus_33b74431-a5a,Madhya Pradesh,Indore,Indore,,Confirmed (pin + address agree)
cus_33b78575-e0a,Madhya Pradesh,Dhar,Pithampur,Sagour Kuti,Check: pin and address disagree
cus_33b7cb4a-a13,Madhya Pradesh,Hoshangabad,Narmadapuram,Joshipur,Confirmed (pin + address agree)
cus_33c42e1c-804,Madhya Pradesh,Jabalpur,Jabalpur,Yadav Colony,Confirmed (pin + address agree)
cus_33d27eb6-a13,Odisha,Sundergarh,Rourkela,,From pin only
cus_33e76e66-74f,Rajasthan,Jodhpur,Jodhpur,Madhuban,Confirmed (pin + address agree)
cus_33f44edb-cfc,Odisha,Sambalpur,Sambalpur,Khetrajpur,Confirmed (pin + address agree)
cus_340449f5-451,Maharashtra,Palghar,Vasai,Sandor,Confirmed (pin + address agree)
cus_3404e499-a7b,Maharashtra,Raigad,Tala,Wali,Check: pin and address disagree
cus_34179b3e-55b,Rajasthan,Bhilwara,Mandal,Raneegpura,From pin only
cus_3421ca10-606,Maharashtra,Kolhapur,Valivade,,From address only (no pin)
cus_34239c97-db3,Maharashtra,Thane,Bhiwandi,Avachit Pada,Confirmed (pin + address agree)
cus_342927ae-e83,Odisha,Dhenkanal,Kaimati,Siaria,From pin only
cus_3432cbbc-a3f,Kerala,Kannur,Chokli,Palloor,From pin only
cus_3445e3cb-7c0,Maharashtra,Pune,Pune,Wagholi,Confirmed (pin + address agree)
cus_344b986d-317,Maharashtra,Palghar,Vasai,,From pin only
cus_3452bfdc-009,Maharashtra,Solapur,Karmala,Ganeshnagar,Confirmed (pin + address agree)
cus_34545a90-810,Maharashtra,Solapur,Solapur,Rangraj Nagar,Confirmed (pin + address agree)
cus_345dc70e-d04,Maharashtra,Thane,Badlapur,Kulgaon,Confirmed (pin + address agree)
cus_346ca591-871,Kerala,Kottayam,Mundakayam,,Confirmed (pin + address agree)
cus_348d742a-f8d,Kerala,Kasargod,Kanhangad,,From pin only
cus_3491e7b1-3a3,Rajasthan,Ajmer,Ajmer,Nagra,Confirmed (pin + address agree)
cus_349b0a8d-a34,Madhya Pradesh,Jabalpur,Jabalpur,Marhatal,Confirmed (pin + address agree)
cus_34adbc43-3e9,Dadra and Nagar Haveli and Daman and Diu,Daman,Vapi,Gidc,Confirmed (pin + address agree)
cus_34b6fe83-800,Maharashtra,Mumbai,Mumbai,Jogeshwari West,Confirmed (pin + address agree)
cus_34b9f784-133,Gujarat,Rajkot,Rajkot,Karanpara,Confirmed (pin + address agree)
cus_34d4fd57-d00,Maharashtra,Mumbai,Mumbai,Malad West,From address only (no pin)
cus_34f115c6-030,Rajasthan,Jaipur,Jaipur,Lal Dungri,Confirmed (pin + address agree)
cus_34f90869-c6a,Rajasthan,Jaipur,Jaipur,Pratap Nagar Vistar,Confirmed (pin + address agree)
cus_34fc2025-044,Maharashtra,Nagpur,Nagpur,Chitnis Nagar,Confirmed (pin + address agree)
cus_3503002f-aa8,Madhya Pradesh,Jabalpur,Jabalpur,Adhartal,Confirmed (pin + address agree)
cus_350d4486-3cc,Maharashtra,Thane,Badlapur,Kulgaon,Confirmed (pin + address agree)
cus_3511402b-c09,Maharashtra,Thane,Kalyan,Bhoiwada,Confirmed (pin + address agree)
cus_35159805-184,Maharashtra,Mumbai,Mumbai,Malad West,Check: pin and address disagree
cus_351e413a-1ca,Maharashtra,Palghar,Vasai,Vasai East,Check: pin and address disagree
cus_352d22e7-fd4,Maharashtra,Palghar,Dahanu,Malyan,Check: pin and address disagree
cus_353bbe0c-b51,Madhya Pradesh,Neemuch,Neemuch,Neemuch Chawni,Confirmed (pin + address agree)
cus_35455b09-88b,Maharashtra,Palghar,Virar,Virar East,Confirmed (pin + address agree)
cus_35490e51-f0b,Madhya Pradesh,Bhopal,Bhopal,Ayodhya Nagar,Confirmed (pin + address agree)
cus_354f60c4-a88,Rajasthan,Jaipur,Jaipur,Pratap Nagar,Confirmed (pin + address agree)
cus_355025af-005,Maharashtra,Latur,Latur,Sawe Wadi,Confirmed (pin + address agree)
cus_3555a966-283,Rajasthan,Jodhpur,Jodhpur,Lawaran,Confirmed (pin + address agree)
cus_355be141-52c,Odisha,Cuttack,Cuttack,Gurudijhatia,Confirmed (pin + address agree)
cus_355d6336-281,Maharashtra,Raigad,Khopoli,Laxminagar,Confirmed (pin + address agree)
cus_3570e04e-31d,Madhya Pradesh,Bhopal,Bhopal,Bhanpur,Confirmed (pin + address agree)
cus_358008d6-691,Maharashtra,Thane,Ulhasnagar,Vitthalwadi,Confirmed (pin + address agree)
cus_3583b4e8-faa,Rajasthan,Jaipur,Jaipur,Bhakrota,Confirmed (pin + address agree)
cus_359aa23e-9ee,Madhya Pradesh,Indore,Indore,Chandan Nagar,Confirmed (pin + address agree)
cus_35a41f29-bc4,Madhya Pradesh,Bhopal,Bhopal,TT Nagar,Confirmed (pin + address agree)
cus_35a82f84-f45,Maharashtra,Solapur,Solapur,Jule,Confirmed (pin + address agree)
cus_35ab3105-f13,Kerala,Kannur,Kadavathur,,Check: pin and address disagree
cus_35ae010b-cd9,Maharashtra,Aurangabad,Chhatrapati Sambhajinagar,Sindhi Colony,Confirmed (pin + address agree)
cus_35b2420d-476,Madhya Pradesh,Indore,Indore,Banganga,Confirmed (pin + address agree)
cus_35b44681-081,Maharashtra,Mumbai,Mumbai,,From sheet text only
cus_35bfe567-4f6,Odisha,Cuttack,Cuttack,Mal Godown Market,Confirmed (pin + address agree)
cus_35c5c823-cf1,Odisha,Angul,Angul,,Confirmed (pin + address agree)
cus_35c7dc70-062,Maharashtra,Buldhana,Buldhana,Ramnagar,Confirmed (pin + address agree)
cus_35d2af5a-7a1,Delhi,South East Delhi,New Delhi,Okhla,From sheet text only
cus_35d2af74-f43,Maharashtra,Mumbai,Mumbai,Kandivali West,Confirmed (pin + address agree)
cus_35e00dc7-0fb,Kerala,Thiruvananthapuram,Thiruvananthapuram,Pazhavangadi,Confirmed (pin + address agree)
cus_35e61fb3-489,Odisha,Jajapur,Byasanagar,Panikoili,From pin only
cus_35f2acbd-612,Madhya Pradesh,Indore,Indore,Teen Imli Chauraha,From address only (no pin)
cus_35f2c6f1-707,Madhya Pradesh,Burhanpur,Burhanpur,Jamalpura,Confirmed (pin + address agree)
cus_36325897-0c9,Kerala,Kottayam,Kottayam,Market,Confirmed (pin + address agree)
cus_3633cec4-820,Kerala,Kannur,Kidanhi,Kunnummakara,From pin only
cus_363ee24a-914,Maharashtra,Thane,Ulhasnagar,Sidhi Vinayak Nagar,Confirmed (pin + address agree)
cus_364e8c12-98c,Maharashtra,Nanded,Nanded,Dashmesh Nagar,Confirmed (pin + address agree)
cus_36699918-89e,Maharashtra,Nagpur,Nagpur,Rameshwari,Confirmed (pin + address agree)
cus_36740979-815,Odisha,Sambalpur,Sambalpur,Panchagochhia,Confirmed (pin + address agree)
cus_3684f3b7-198,Rajasthan,Ajmer,Kishangarh,Madanganj,Confirmed (pin + address agree)
cus_369244d0-29c,Maharashtra,Nagpur,Umred,Bhandarkar Layout,Confirmed (pin + address agree)
cus_36a4e2c1-130,Maharashtra,Thane,Dombivli,Chole Gaon,Confirmed (pin + address agree)
cus_36c42e9a-aa6,Madhya Pradesh,Indore,Indore,Anjani Nagar,Confirmed (pin + address agree)
cus_36cfd615-ad5,Rajasthan,Jaipur,Jaipur,Lalarpura,Confirmed (pin + address agree)
cus_36d2d318-333,Rajasthan,Jaipur,Jaipur,Vidyadhar Nagar,From address only (no pin)
cus_36f1fd20-c09,Rajasthan,Jodhpur,Jodhpur,DDP Nagar,Confirmed (pin + address agree)
cus_3701ad62-b5e,Kerala,Ernakulam,Kochi,Ernakulam,Confirmed (pin + address agree)
cus_370815d7-091,Rajasthan,Jaipur,Chomu,Magadh Nagar,Confirmed (pin + address agree)
cus_371e3646-45e,Odisha,Sambalpur,Sambalpur,Panchagochhia,Confirmed (pin + address agree)
cus_371e9e03-c8f,Madhya Pradesh,Bhopal,Bhopal,Maharana Pratap Nagar,Check: pin and address disagree
cus_37263e23-c24,Madhya Pradesh,Dhar,Pithampur,H.B Colony,Check: pin and address disagree
cus_37389bfe-131,Madhya Pradesh,Dewas,Dewas,Khatamba,From pin only
cus_373c2345-8da,Maharashtra,Yavatmal,Yavatmal,Choti Gujri,Confirmed (pin + address agree)
cus_3773bed6-070,Maharashtra,Nagpur,Nagpur,Mahal,Confirmed (pin + address agree)
cus_377981d6-7d2,Maharashtra,Palghar,Vasai,Vasai East,Confirmed (pin + address agree)
cus_377d96ea-be7,Maharashtra,Palghar,Mira-Bhayandar,,Confirmed (pin + address agree)
cus_37899681-743,Kerala,Kozhikode,Cheruvannur,,Confirmed (pin + address agree)
cus_37a59648-67e,Rajasthan,Chittorgarh,Chittorgarh,Krishna Colony,Confirmed (pin + address agree)
cus_37a818c7-6e7,Odisha,Sambalpur,Sambalpur,Sakhipara,From address only (no pin)
cus_37b5b2d7-80b,Maharashtra,Mumbai,Mumbai,,Check: pin and address disagree
cus_37b69276-f04,Odisha,Dhenkanal,Dhenkanal,Gudianali,Confirmed (pin + address agree)
cus_37cd18ab-7b1,Madhya Pradesh,Jabalpur,Jabalpur,Karmeta,Check: pin and address disagree
cus_37d23665-ecd,Rajasthan,Bhilwara,Bhilwara,Bhopal Ganj,Confirmed (pin + address agree)
cus_37d61d4a-81f,Kerala,Pathanamthitta,Pathanamthitta,Pandalam,From pin only
cus_37d8df18-1fa,Maharashtra,Wardha,Wardha,Nalwadi,From address only (no pin)
cus_37e29376-ac4,Maharashtra,Buldhana,Buldhana,,From sheet text only
cus_37ed8045-a58,Maharashtra,Pune,Pune,Hadapsar,Confirmed (pin + address agree)
cus_380525ca-e67,Rajasthan,Jaipur,Jaipur,Brahampuri,Confirmed (pin + address agree)
cus_3808bd28-b98,Maharashtra,Wardha,Wardha,Nalwadi,Confirmed (pin + address agree)
cus_381a03e4-b61,Maharashtra,Chandrapur,Chandrapur,Bazar Ward,Confirmed (pin + address agree)
cus_383ce062-8fe,Madhya Pradesh,Indore,Indore,Kibe Compound,Confirmed (pin + address agree)
cus_3841a88b-22a,Madhya Pradesh,Ujjain,Gogapur,Kasari,Confirmed (pin + address agree)
cus_3848db2a-a9c,Madhya Pradesh,Jabalpur,Jabalpur,Adhartal,Confirmed (pin + address agree)
cus_3848f886-d5f,Madhya Pradesh,Dhar,Pithampur,Pithampur Industrial Area,Confirmed (pin + address agree)
cus_384ab500-0b1,Kerala,Kozhikode,Menhaniam,Perambra,From pin only
cus_3868f727-993,Rajasthan,Sikar,Sikar,New Janta Colony,Confirmed (pin + address agree)
cus_386ca52b-5f4,Madhya Pradesh,Indore,Indore,Ahmad Nagar,Confirmed (pin + address agree)
cus_3880afc4-d78,Maharashtra,Thane,Bhiwandi,Dapode,Check: pin and address disagree
cus_3889f602-4e5,Madhya Pradesh,Indore,Indore,,From sheet text only
cus_3893bb25-65b,Maharashtra,Nagpur,Nagpur,Shantinagar Colony,Confirmed (pin + address agree)
cus_389f9999-fb0,Maharashtra,Mumbai,Mumbai,I C Colony,Confirmed (pin + address agree)
cus_38a942fc-71a,Madhya Pradesh,Jabalpur,Jabalpur,Jamtara,Check: pin and address disagree
cus_38b6697a-c3a,Maharashtra,Thane,Dombivli,Dombivli East,Confirmed (pin + address agree)
cus_38d43775-5a1,Maharashtra,Thane,Kalyan,Bhoiwada,Confirmed (pin + address agree)
cus_38e272de-79f,Odisha,Dhenkanal,Dhenkanal,Dhenkanal Sadar,Confirmed (pin + address agree)
cus_38e8748c-a81,Madhya Pradesh,Indore,Indore,Vinay Nagar,Confirmed (pin + address agree)
cus_38ef330b-4bf,Chhattisgarh,Durg,Durg,Guru Nanak Nagar,Confirmed (pin + address agree)
cus_38fb1e75-167,Gujarat,Valsad,Vapi,Gidc,From address only (no pin)
cus_38fbfe88-f0a,Madhya Pradesh,Indore,Indore,,Confirmed (pin + address agree)
cus_38fd97ec-845,Maharashtra,Thane,Ambernath,Additional M.I.D.C,Confirmed (pin + address agree)
cus_39028c9a-e13,Rajasthan,Bhilwara,Bhilwara,,Confirmed (pin + address agree)
cus_390984dc-a33,Maharashtra,Solapur,Solapur,Keshav Nagra,Confirmed (pin + address agree)
cus_3911be4e-332,Odisha,Khorda,Bhubaneswar,Dumduma,Confirmed (pin + address agree)
cus_391474c6-5cc,Rajasthan,Jaipur,Jaipur,Murlipura,Confirmed (pin + address agree)
cus_3917069c-f2e,Rajasthan,Jaipur,Jaipur,Jagatpura,Confirmed (pin + address agree)
cus_39244418-ce9,Maharashtra,Thane,Saralgaon,,Confirmed (pin + address agree)
cus_39299fbe-7a3,Maharashtra,Mumbai,Mumbai,Goregaon West,From sheet text only
cus_3940b24e-2c1,Kerala,Thiruvananthapuram,Attingal,Kizhakkupuram,Confirmed (pin + address agree)
cus_394dd5c2-fb2,Madhya Pradesh,Indore,Indore,Dr. Ambedkar Nagar (Mhow),From pin only
cus_395a79c8-6ee,Madhya Pradesh,Indore,Indore,,Confirmed (pin + address agree)
cus_39876129-ddd,Odisha,Khorda,Khordha,Balianta,From address only (no pin)
cus_39896e18-1cb,Maharashtra,Kolhapur,Gandhinagar,Vasanshah Colony,From address only (no pin)
cus_398e1c9d-98d,Maharashtra,Palghar,Boisar,Mahavir Nagar,From address only (no pin)
cus_398e7dc9-ce2,Maharashtra,Palghar,Vasai,Vasai East,From sheet text only
cus_39b051f3-51e,Madhya Pradesh,Indore,Indore,Usha Nagar,Confirmed (pin + address agree)
cus_39b0ff23-6dc,Maharashtra,Palghar,Nala Sopara,,From pin only
cus_39b8994c-7e1,Maharashtra,Gondia,Gondia,Sindhi Colony,Confirmed (pin + address agree)
cus_39baf83a-843,Maharashtra,Mumbai,Mumbai,Powai,Confirmed (pin + address agree)
cus_39bdc448-5d5,Kerala,Kozhikode,Parakkadavu,,Confirmed (pin + address agree)
cus_39c11adb-78d,Maharashtra,Pune,Pune,Mundhwa,From address only (no pin)
cus_39cfe489-68d,Maharashtra,Thane,Ulhasnagar,Sidhi Vinayak Nagar,Confirmed (pin + address agree)
cus_39d71ee3-67c,Rajasthan,Kota,Kota,Electricity Board Area,Confirmed (pin + address agree)
cus_39defd67-ce4,Maharashtra,Palghar,Virar,Dahisar,From pin only
cus_39e45f4d-9ce,Rajasthan,Ajmer,Bijainagar,,Confirmed (pin + address agree)
cus_39e80241-e6a,Maharashtra,Thane,Thane,Diva,Confirmed (pin + address agree)
cus_3a18fe40-7e8,Madhya Pradesh,Bhopal,Bhopal,Gandhi Nagar,Check: pin and address disagree
cus_3a233fa0-36a,Kerala,Thiruvananthapuram,Thiruvananthapuram,Kunjalumoodu,Confirmed (pin + address agree)
cus_3a23638e-2a0,Rajasthan,Jaipur,Jaipur,Kanwar Nagar,Check: pin and address disagree
cus_3a374483-678,Rajasthan,Jaipur,Jaipur,Khatipura,Confirmed (pin + address agree)
cus_3a37a665-49f,Madhya Pradesh,Indore,Indore,Pardesipura,Confirmed (pin + address agree)
cus_3a404fb5-a7f,Maharashtra,Akola,Akola,Midc,Check: pin and address disagree
cus_3a41f68c-56d,Maharashtra,Solapur,Solapur,Hatture Vasti,Confirmed (pin + address agree)
cus_3a51ffd0-409,Maharashtra,Thane,Thane,Thane West,Confirmed (pin + address agree)
cus_3a612c3a-443,Kerala,Thiruvananthapuram,Kulathummal,Kattakkada,From pin only
cus_3a62ccd2-8a7,Kerala,Kannur,Thalassery,Thuvakkunnu,From pin only
cus_3a68279c-cea,Dadra and Nagar Haveli and Daman and Diu,Daman,Daman,,From pin only
cus_3a778568-238,Madhya Pradesh,Jabalpur,Jabalpur,Gour Pump,From pin only
cus_3a7be46e-c93,Rajasthan,Jaipur,Jaipur,Jhotwara,Confirmed (pin + address agree)
cus_3a810fa6-92c,Maharashtra,Thane,Thane,Diva,Confirmed (pin + address agree)
cus_3a83c386-025,Odisha,Khorda,Bhubaneswar,Jayadev Vihar,Confirmed (pin + address agree)
cus_3a9c9257-7b7,Madhya Pradesh,Indore,Indore,Bhawrasla,Confirmed (pin + address agree)
cus_3aa61600-756,Madhya Pradesh,Bhopal,Bhopal,Maharana Pratap Nagar,From address only (no pin)
cus_3aaad9f8-f77,Maharashtra,Thane,Kalyan,Bhoiwada,From address only (no pin)
cus_3ab51389-5cc,Rajasthan,Kota,Kota,Electricity Board Area,Confirmed (pin + address agree)
cus_3ad118a2-8a6,Maharashtra,Nagpur,Nagpur,Manewada,Confirmed (pin + address agree)
cus_3ad676c5-132,Maharashtra,Palghar,Nala Sopara,Nalasopara East,From pin only
cus_3ae4d0b3-ce2,Odisha,Koraput,Jeypore,,Check: pin and address disagree
cus_3af1e22d-3f5,Maharashtra,Raigad,Kolad,,From address only (no pin)
cus_3afc8831-2b3,Punjab,Ludhiana,Ludhiana,,From sheet text only
cus_3b07f7c4-23b,Rajasthan,Kota,Kota,Dadwara,Confirmed (pin + address agree)
cus_3b15d28f-d8e,Rajasthan,Jaipur,Jaipur,Laxmipura at Nataniwala,From sheet text only
cus_3b2e6e9b-4b7,Kerala,Pathanamthitta,Thiruvalla,Kuttoor,From pin only
cus_3b48d219-b36,Madhya Pradesh,East Nimar,Khandwa,Ghaspura,Confirmed (pin + address agree)
cus_3b4bebf8-712,Kerala,Kozhikode,Kozhikode,Kannanchery,From address only (no pin)
cus_3b5a8d63-53b,Rajasthan,Barmer,Balotra,,Confirmed (pin + address agree)
cus_3b9d20b4-7c0,Madhya Pradesh,East Nimar,Nagpur,Ghaspura,Check: pin and address disagree
cus_3bbb54b2-52c,Maharashtra,Buldhana,Malkapur,Old- Town,Confirmed (pin + address agree)
cus_3bc43f88-b2c,Rajasthan,Kota,Kota,Electricity Board Area,Confirmed (pin + address agree)
cus_3bcc0957-76d,Maharashtra,Palghar,Virar,Virar East,Confirmed (pin + address agree)
cus_3bd3dcf8-d41,Maharashtra,Pune,Pune,Wagholi,From address only (no pin)
cus_3be9b3bb-1b0,Maharashtra,Thane,Dombivli,Dombivli West,Confirmed (pin + address agree)
cus_3c07d9ee-318,Rajasthan,Jaipur,Jaipur,Tagore Nagar,Confirmed (pin + address agree)
cus_3c0d25b7-395,Rajasthan,Jaipur,Jaipur,Khatipura,Confirmed (pin + address agree)
cus_3c15cf4b-130,Madhya Pradesh,Jabalpur,Jabalpur,Madan Mahal,Confirmed (pin + address agree)
cus_3c168d57-d28,Odisha,Cuttack,Jagatpur,Jagatpur Industrial Estate,Confirmed (pin + address agree)
cus_3c1b3d91-f06,Maharashtra,Nagpur,Nagpur,W C L Colony,Confirmed (pin + address agree)
cus_3c1cf888-1c6,Madhya Pradesh,Jabalpur,Jabalpur,Yadav Colony,Confirmed (pin + address agree)
cus_3c1d1493-f11,Odisha,Sambalpur,Sambalpur,Khetrajpur,Confirmed (pin + address agree)
cus_3c27ac84-412,Kerala,Kozhikode,Chombala,,Confirmed (pin + address agree)
cus_3c28ceba-d03,Maharashtra,Thane,Thane,Thane West,Confirmed (pin + address agree)
cus_3c3d4dda-8d5,Maharashtra,Mumbai,Mumbai,Andheri West,Confirmed (pin + address agree)
cus_3c5a320a-8e2,Odisha,Puri,Puri,Badasankha,Confirmed (pin + address agree)
cus_3c5d6e9c-87f,Maharashtra,Thane,Navi Mumbai,Pawane,From sheet text only
cus_3c5eae0f-d9e,Gujarat,Rajkot,Rajkot,Bhakti Nagar,Confirmed (pin + address agree)
cus_3c66350d-432,Maharashtra,Ratnagiri,Rajapur,Mulla Wada,From address only (no pin)
cus_3c8a7d32-72e,Kerala,Palakkad,Palakkad,Nurani,Confirmed (pin + address agree)
cus_3c8e743a-6ab,Madhya Pradesh,Indore,Indore,Mechanic Nagar,Confirmed (pin + address agree)
cus_3ce86166-d9a,Maharashtra,Palghar,Palghar,Shakti Udyog Nagar,From address only (no pin)
cus_3d26f8eb-ec9,Maharashtra,Thane,Ambernath,Additional M.I.D.C,Confirmed (pin + address agree)
cus_3d27e778-c64,Maharashtra,Solapur,Velapur,,From address only (no pin)
cus_3d2a2f9e-235,Rajasthan,Jaipur,Jaipur,Panchyawala,From address only (no pin)
cus_3d49de2d-243,Maharashtra,Thane,Titwala,Atali,Confirmed (pin + address agree)
cus_3d4c24e0-280,Maharashtra,Palghar,Mira-Bhayandar,,From pin only
cus_3d54b9d2-4a5,Maharashtra,Palghar,Dahanu,Patel Pada,From address only (no pin)
cus_3d556f5f-6c7,Odisha,Cuttack,Cuttack,Bachhapur,From pin only
cus_3d657159-009,Madhya Pradesh,Indore,Indore,,Confirmed (pin + address agree)
cus_3d792987-d58,Maharashtra,Thane,Thane,Thane West,Confirmed (pin + address agree)
cus_3d7ddb63-b9e,Madhya Pradesh,Indore,Indore,Mahavir Nagar,Confirmed (pin + address agree)
cus_3d82f8c7-1cb,Madhya Pradesh,Indore,Indore,Rau,Confirmed (pin + address agree)
cus_3d98716f-96b,Chhattisgarh,Raigarh,Raigarh,,From sheet text only
cus_3d9dbf90-e0a,Maharashtra,Thane,Dombivli,Dombivli East,Confirmed (pin + address agree)
cus_3d9e9b79-04f,Odisha,Koraput,Jeypore,Bikram Nagar,Confirmed (pin + address agree)
cus_3da99818-781,Gujarat,Rajkot,Rajkot,Vidya Nagar,Confirmed (pin + address agree)
cus_3dbd60a7-6dd,Madhya Pradesh,Satna,Satna,Sangram Colony,Confirmed (pin + address agree)
cus_3dc087e7-2d1,Madhya Pradesh,Jabalpur,Jabalpur,Nandni Ronsara,From pin only
cus_3dedd8c2-30c,Maharashtra,Palghar,Boisar,,From address only (no pin)
cus_3e05bddd-e23,Maharashtra,Palghar,Nala Sopara,,From pin only
cus_3e0d0cc8-012,Kerala,Kozhikode,Parakkadavu,,Confirmed (pin + address agree)
cus_3e0d56e3-eb3,Odisha,Khorda,Bhubaneswar,Patia,Confirmed (pin + address agree)
cus_3e27f04c-4dd,Kerala,Kannur,Kadavathur,,Check: pin and address disagree
cus_3e287411-b6c,Maharashtra,Nagpur,Nagpur,Dixit Nagar,Confirmed (pin + address agree)
cus_3e347ad0-c0b,Kerala,Alappuzha,Alappuzha,,From sheet text only
cus_3e453d2b-42d,Rajasthan,Ajmer,Ajmer,Nagra,From address only (no pin)
cus_3e58b6f2-b45,Rajasthan,Ajmer,Ajmer,Baldev Nagar,Confirmed (pin + address agree)
cus_3e64096b-94e,Maharashtra,Palghar,Virar,Virar West,Confirmed (pin + address agree)
cus_3e66a137-dff,Maharashtra,Thane,Dombivli,Dombivli East,From sheet text only
cus_3e6dcea5-bfd,Gujarat,Rajkot,Morbi,Sardar Nagar,Confirmed (pin + address agree)
cus_3e7d1600-dd1,Madhya Pradesh,Neemuch,Manasa,,Confirmed (pin + address agree)
cus_3e965652-81c,Rajasthan,Jaipur,Jaipur,Sukhdeopura Nohara,Confirmed (pin + address agree)
cus_3ea624fc-a3b,Maharashtra,Palghar,Virar,Virar West,Confirmed (pin + address agree)
cus_3eb93640-375,Rajasthan,Jaipur,Jaipur,Gopal Pura Mode,Confirmed (pin + address agree)
cus_3ed7cdec-ece,Maharashtra,Solapur,Barshi,Bhim Nagar,Confirmed (pin + address agree)
cus_3ee98d46-b13,Rajasthan,Jaipur,Jaipur,Khatipura,Check: pin and address disagree
cus_3ef0e926-89c,Goa,South Goa,Goa,,From sheet text only
cus_3ef35485-e63,Maharashtra,Mumbai,Mumbai,Malad West,Confirmed (pin + address agree)
cus_3f002587-daa,Rajasthan,Jaipur,Jaipur,Jhotwara,Confirmed (pin + address agree)
cus_3f123905-786,Kerala,Kannur,Thalassery,Palissery,Confirmed (pin + address agree)
cus_3f14e168-8b9,Odisha,Cuttack,Cuttack,CDA Sector 11,Confirmed (pin + address agree)
cus_3f1e3fa7-0cf,Maharashtra,Aurangabad,Chhatrapati Sambhajinagar,Sindhi Colony,From address only (no pin)
cus_3f2a3e6d-2a2,Madhya Pradesh,Indore,Indore,Goyal Nagar,Confirmed (pin + address agree)
cus_3f3ebf78-3c8,Maharashtra,Nagpur,Nagpur,Gandhibagh,Confirmed (pin + address agree)
cus_3f4309bf-ae3,Odisha,Cuttack,Cuttack,Siba Bazar,Confirmed (pin + address agree)
cus_3f77b887-1d9,Maharashtra,Palghar,Palghar,Vishnu Nagar,From address only (no pin)
cus_3f7d8ab9-82d,Odisha,Dhenkanal,Dhenkanal,GayatriNagar,From pin only
cus_3f8278b4-30a,Odisha,Cuttack,Athagarh,Upar Sahi,Confirmed (pin + address agree)
cus_3f863d26-1c3,Maharashtra,Nagpur,Nagpur,Wadi,Confirmed (pin + address agree)
cus_3f99fae0-c43,Maharashtra,Buldhana,Buldhana,Vishnuwadi,Confirmed (pin + address agree)
cus_3fa02b6d-193,Rajasthan,Ganganagar,Jodhpur,Sri Ganganagar,From sheet text only
cus_3fa76c54-d7a,Rajasthan,Jaipur,Jaipur,Kankha Ki Dhani,Confirmed (pin + address agree)
cus_3fa9512b-f87,Maharashtra,Nagpur,Nagpur,Lakadganj,Check: pin and address disagree
cus_3fbe2ce6-b10,Maharashtra,Mumbai,Mumbai,Kandivali East,Confirmed (pin + address agree)
cus_3fe0fcf4-7af,Rajasthan,Jaipur,Jaipur,Sitapura,Confirmed (pin + address agree)
cus_3fe188a8-6e4,Odisha,Cuttack,Cuttack,CDA Sector 7,Confirmed (pin + address agree)
cus_4001aef7-bf5,Madhya Pradesh,Bhopal,Bhopal,Maharana Pratap Nagar,Check: pin and address disagree
cus_400b396d-5b7,Madhya Pradesh,Bhopal,Bhopal,,From sheet text only
cus_400cccb2-691,Madhya Pradesh,Vidisha,Vidisha,Shastri Nagar,Confirmed (pin + address agree)
cus_402262ef-8c3,Dadra and Nagar Haveli and Daman and Diu,Daman,Vapi,Gidc,Confirmed (pin + address agree)
cus_4027f2f7-44a,Madhya Pradesh,Indore,Indore,Hukma Khedi,Confirmed (pin + address agree)
cus_40336580-008,West Bengal,Kolkata,Kolkata,,From sheet text only
cus_40484f75-66f,Maharashtra,Thane,Murbad,,From address only (no pin)
cus_404d2c55-ce4,Odisha,Khorda,Bijipur,,From address only (no pin)
cus_40560833-12e,Maharashtra,Jalgaon,Bhusawal,Kanhaya Kunj,Confirmed (pin + address agree)
cus_405b7a33-f02,Odisha,Puri,Nimapada,Mahabir Colony,Confirmed (pin + address agree)
cus_4061af8c-f4d,Kerala,Kasargod,Kanhangad,Puthiyavalapu,From address only (no pin)
cus_4063a939-e5b,Rajasthan,Ajmer,Ajmer,Abhiyanta Nagar,From address only (no pin)
cus_40672daa-544,Madhya Pradesh,Indore,Indore,Bhagirathpura,Confirmed (pin + address agree)
cus_406d4580-cfe,Madhya Pradesh,Indore,Indore,Scheme 54 PU4,Confirmed (pin + address agree)
cus_40728760-374,Madhya Pradesh,Bhopal,Bhopal,Maharana Pratap Nagar,Confirmed (pin + address agree)
cus_40806fab-e5f,Maharashtra,Nagpur,Nagpur,,From sheet text only
cus_408c7eed-5f4,Maharashtra,Palghar,Boisar,,From sheet text only
cus_408d3583-bda,Maharashtra,Thane,Tembhi Naka,Tembhi Naka,Not locatable
cus_40978421-684,Madhya Pradesh,Indore,Indore,Rau,Confirmed (pin + address agree)
cus_40a5fad0-6d1,Madhya Pradesh,Burhanpur,Burhanpur,Rastipura Colony,Confirmed (pin + address agree)
cus_40a879c4-c8d,Maharashtra,Thane,Thane,Thane West,Confirmed (pin + address agree)
cus_40abba8c-b98,Maharashtra,Palghar,Boisar,Sanjay Nagar,From address only (no pin)
cus_40ad03d5-b21,Maharashtra,Jalgaon,Bhusawal,Ramdev Baba Nagar,Confirmed (pin + address agree)
cus_40afa04f-b8d,Maharashtra,Thane,Thane,Thane West,Confirmed (pin + address agree)
cus_40b2e30c-b68,Maharashtra,Latur,Latur,Sawe Wadi,Confirmed (pin + address agree)
cus_40b7cf58-fd0,Rajasthan,Jaipur,Jaipur,Sanganer,Confirmed (pin + address agree)
cus_40ba97b2-699,Madhya Pradesh,Indore,Indore,,Confirmed (pin + address agree)
cus_40e29c88-7ef,Maharashtra,Thane,Thane,Mumbra,From sheet text only
cus_40e806a6-950,Karnataka,Bengaluru,Bangalore,,From sheet text only
cus_40efd307-b00,Maharashtra,Mumbai,Mumbai,Goregaon West,Confirmed (pin + address agree)
cus_40f2aff3-d20,Maharashtra,Nagpur,Nagpur,Wadi,Confirmed (pin + address agree)
cus_40f983cf-e5c,Maharashtra,Ratnagiri,Ratnagiri,Bazarpeth,From address only (no pin)
cus_41088ab4-517,Maharashtra,Mumbai,Mumbai,Andheri East,Confirmed (pin + address agree)
cus_410ef81b-a90,Rajasthan,Jodhpur,Jodhpur,Shastri Nagar,Confirmed (pin + address agree)
cus_4114cc0a-bea,Maharashtra,Palghar,Vasai,Vasai East,Confirmed (pin + address agree)
cus_41167128-4de,Kerala,Kasargod,Kasaragod,,Confirmed (pin + address agree)
cus_411f8484-c3c,Madhya Pradesh,Dewas,Dewas,Ganga Nagar,Confirmed (pin + address agree)
cus_412566d4-844,Rajasthan,Bhilwara,Bhilwara,Bhopal Ganj,Confirmed (pin + address agree)
cus_412d5562-8b5,Odisha,Khorda,Bhubaneswar,Khandagiri,Confirmed (pin + address agree)
cus_41326488-405,Rajasthan,Bhilwara,Bhilwara,Pratap Nagar,Confirmed (pin + address agree)
cus_4133da01-c09,Kerala,Ernakulam,Kochi,Edappally,Confirmed (pin + address agree)
cus_414993a0-47c,Rajasthan,Sikar,Mahroli,,Check: pin and address disagree
cus_414b9805-1da,Rajasthan,Jaipur,Jaipur,Jhotwara,Confirmed (pin + address agree)
cus_4153fbc3-17d,Madhya Pradesh,Indore,Indore,Bajrang Nagar,Confirmed (pin + address agree)
cus_417bc001-60b,Madhya Pradesh,Indore,Indore,Palda,Confirmed (pin + address agree)
cus_41ad3024-f2d,Madhya Pradesh,Indore,Indore,Ranipura,Confirmed (pin + address agree)
cus_41b0d9f7-419,Rajasthan,Bhilwara,Bhilwara,Azad Nagar,Confirmed (pin + address agree)
cus_41d07674-488,Madhya Pradesh,Sehore,Sehore,Sindhi Colony,Confirmed (pin + address agree)
cus_41d32856-e2e,Rajasthan,Jaipur,Jaipur,Jhotwara,Confirmed (pin + address agree)
cus_41dcb216-512,Maharashtra,Ratnagiri,Ratnagiri,Sadanand Wadi,Confirmed (pin + address agree)
cus_41edfb7d-013,Rajasthan,Jodhpur,Jodhpur,Sardarpura,From address only (no pin)
cus_41f4f69b-b2a,Odisha,Ganjam,Chatrapur,Rama Krishna Nagar,Confirmed (pin + address agree)
cus_41f76028-684,Maharashtra,Palghar,Mira-Bhayandar,Bhayandar,From sheet text only
cus_41fd6d50-6b0,Maharashtra,Sangli,Sangli,Gaon Bhag,From address only (no pin)
cus_41fef9ae-46b,Rajasthan,Jaipur,Jaipur,Murlipura,Confirmed (pin + address agree)
cus_41ff16f5-e79,Madhya Pradesh,West Nimar,Khargone,Jawahar Nagar,Confirmed (pin + address agree)
cus_42035d2c-25e,Rajasthan,Jhalawar,Kota,Rampura,Confirmed (pin + address agree)
cus_42135f31-cc6,Madhya Pradesh,Indore,Indore,Gandhi Nagar,Confirmed (pin + address agree)
cus_4214dc6a-22a,Maharashtra,Thane,Badlapur,Kulgaon,Confirmed (pin + address agree)
cus_4215323b-f6a,Rajasthan,Jodhpur,Jodhpur,Jodhpur City,Confirmed (pin + address agree)
cus_4219c297-0d1,Rajasthan,Barmer,Barmer,Kalyanpura,Confirmed (pin + address agree)
cus_421bc70e-cb6,Goa,North Goa,Mapusa,Angod,Confirmed (pin + address agree)
cus_42205260-a82,Maharashtra,Palghar,Virar,Virar East,Confirmed (pin + address agree)
cus_4229b685-890,Madhya Pradesh,Indore,Indore,Shramik Colony,Confirmed (pin + address agree)
cus_42531758-6e6,Madhya Pradesh,Dhar,Pithampur,Pithampur Industrial Area,From pin only
cus_425913ba-a62,Maharashtra,Thane,Thane,,Confirmed (pin + address agree)
cus_4262509f-c9f,Maharashtra,Nagpur,Nagpur,Ayodhya nagar,Confirmed (pin + address agree)
cus_42832995-d29,Madhya Pradesh,Dhar,Dhar,Pochaupati,Confirmed (pin + address agree)
cus_4283362b-c8f,Kerala,Kozhikode,Nadapuram,Kakkemvelli,From pin only
cus_428c3237-703,Maharashtra,Palghar,Mira-Bhayandar,,From pin only
cus_4297efe2-68b,Madhya Pradesh,Indore,Indore,Vaibhav Nagar Sector A,Confirmed (pin + address agree)
cus_4299d9f6-89d,Madhya Pradesh,Jabalpur,Jabalpur,Ganjipura,Confirmed (pin + address agree)
cus_42a2e51a-195,Maharashtra,Mumbai,Mumbai,Kandivali East,Confirmed (pin + address agree)
cus_42a430dd-cee,Madhya Pradesh,Dhar,Pithampur,Pithampur Industrial Area,Not locatable
cus_42a4a385-aa9,Maharashtra,Solapur,Barshi,Bhim Nagar,From address only (no pin)
cus_42a6b58a-acb,Madhya Pradesh,Jabalpur,Jabalpur,Karmeta,Check: pin and address disagree
cus_42b0a490-2b9,Maharashtra,Thane,Bhiwandi,Narpoli Gaon,Confirmed (pin + address agree)
cus_42cc0d14-cf8,Odisha,Cuttack,Cuttack,LIC Colony,Confirmed (pin + address agree)
cus_42e145bf-1aa,Rajasthan,Barmer,Barmer,Kothwali,Confirmed (pin + address agree)
cus_42f6c438-74e,Maharashtra,Thane,Bhiwandi,Yewai,From sheet text only
cus_4310214f-dd5,Maharashtra,Palghar,Nala Sopara,Palghar,Confirmed (pin + address agree)
cus_432e7f03-f34,Odisha,Bargarh,Bargarh,,From address only (no pin)
cus_432ffe25-ad4,Maharashtra,Mumbai,Mumbai,Kandivali East,From address only (no pin)
cus_43440307-a6e,Madhya Pradesh,Indore,Indore,Brijeshwari Annexe,Confirmed (pin + address agree)
cus_434cccf3-74b,Maharashtra,Solapur,Malshiras,Shikshak Colony,Confirmed (pin + address agree)
cus_43529c8e-64b,Kerala,Thiruvananthapuram,Neyyattinkara,Alummoodu,Confirmed (pin + address agree)
cus_435fd4a0-42a,Maharashtra,Thane,Kalyan,Bhoiwada,Confirmed (pin + address agree)
cus_4361a266-262,Maharashtra,Pune,Pune,Shukrawar Peth,Confirmed (pin + address agree)
cus_436e1946-687,Madhya Pradesh,Indore,Indore,Jamna Nagar,Confirmed (pin + address agree)
cus_4372d052-815,Odisha,Khorda,Bhubaneswar,Aerodrome Area,From address only (no pin)
cus_43835e35-849,Maharashtra,Solapur,Natepute,,Check: pin and address disagree
cus_438b67e9-316,Maharashtra,Thane,Mira-Bhayandar,Bhayandar East,Confirmed (pin + address agree)
cus_4392134a-8c8,Madhya Pradesh,Indore,Indore,Badi Bhamori,From address only (no pin)
cus_4394f48d-072,Odisha,Khorda,Bhubaneswar,Khandagiri,Confirmed (pin + address agree)
cus_439d268d-498,Madhya Pradesh,Jabalpur,Lakhnadon,Jamtara,From pin only
cus_43a15b91-f26,Chhattisgarh,Rajnandgaon,Rajnandgaon,Tanka Para,Confirmed (pin + address agree)
cus_43b8a02d-767,Maharashtra,Ratnagiri,Ratnagiri,Tilak Ali,From address only (no pin)
cus_43c405bd-161,Maharashtra,Nanded,Nanded,Vishnu Nagar,Confirmed (pin + address agree)
cus_43cd296f-dba,Maharashtra,Solapur,Jeur,,Check: pin and address disagree
cus_43d95187-05a,Rajasthan,Jaipur,Jaipur,Murlipura,Confirmed (pin + address agree)
cus_43e2dbcd-9a7,Maharashtra,Palghar,Nala Sopara,,From pin only
cus_43e78ba6-6ce,Rajasthan,Jaipur,Jaipur,Bagru,Confirmed (pin + address agree)
cus_43eb6921-a30,Madhya Pradesh,Bhopal,Bhopal,Ayodhya Nagar,Check: pin and address disagree
cus_43edaf9d-30d,Maharashtra,Nagpur,Nagpur,Gandhibagh,Confirmed (pin + address agree)
cus_43fd66f9-6b5,Maharashtra,Thane,Kalyan,,From pin only
cus_440896f1-84b,Maharashtra,Thane,Bhiwandi,Kalher,Confirmed (pin + address agree)
cus_440e685c-8e6,Madhya Pradesh,Indore,Indore,Rrcat,Confirmed (pin + address agree)
cus_440f9bbd-1df,Madhya Pradesh,Vidisha,Ganj Basoda,,Confirmed (pin + address agree)
cus_44136575-724,Maharashtra,Palghar,Virar,Virar East,Confirmed (pin + address agree)
cus_44146c77-093,Maharashtra,Thane,Navi Mumbai,Pawane,From sheet text only
cus_443ec40d-1bc,Madhya Pradesh,Bhopal,Bhopal,Karond,Confirmed (pin + address agree)
cus_4467c7b8-326,Madhya Pradesh,Jabalpur,Jabalpur,Garha,Confirmed (pin + address agree)
cus_44967222-011,Kerala,Kozhikode,Kunnamangalam,Thamarassery,From pin only
cus_4498bced-965,Madhya Pradesh,Jabalpur,Jabalpur,Human Mandir,From pin only
cus_44a8e8ed-046,Maharashtra,Kolhapur,Gandhinagar,,From address only (no pin)
cus_44af12af-927,Rajasthan,Kota,Kota,Gumanpura,Confirmed (pin + address agree)
cus_44b57958-872,Maharashtra,Kolhapur,Kolhapur,,From address only (no pin)
cus_44b87994-94c,Rajasthan,Kota,Kota,Anantpura,Confirmed (pin + address agree)
cus_44be5329-242,Rajasthan,Ajmer,Ajmer,Fmrgrr7,From pin only
cus_44e88c90-5f2,Madhya Pradesh,Indore,Indore,Rau,Confirmed (pin + address agree)
cus_44f1944b-683,Maharashtra,Nagpur,Nagpur,Chandrakiran Nagar,Confirmed (pin + address agree)
cus_450a1ebc-203,Rajasthan,Jaipur,Jaipur,Sitapura,Confirmed (pin + address agree)
cus_4514a59c-0dc,Maharashtra,Thane,Shahapur,,Confirmed (pin + address agree)
cus_45276675-36a,Rajasthan,Jaipur,Jaipur,Kanwar Nagar,Confirmed (pin + address agree)
cus_452bb00f-936,Odisha,Cuttack,Cuttack,LIC Colony,Confirmed (pin + address agree)
cus_4530ce78-468,Madhya Pradesh,Raisen,Bhopal,Mandideep,Confirmed (pin + address agree)
cus_45330257-ab9,Madhya Pradesh,Jabalpur,Sukha,,From pin only
cus_4533599c-551,Maharashtra,Raigad,Nagothane,,From address only (no pin)
cus_4534a524-32b,Madhya Pradesh,Indore,Indore,,From sheet text only
cus_453d6b79-02c,Madhya Pradesh,Bhopal,Bhopal,,Confirmed (pin + address agree)
cus_4541ccff-c0f,Maharashtra,Mumbai,Mumbai,Dahisar East,Confirmed (pin + address agree)
cus_45423243-4d6,Madhya Pradesh,Dewas,Dewas,Gomti Nagar,Confirmed (pin + address agree)
cus_4576c2f4-8dc,Maharashtra,Gadchiroli,Gadchiroli,Aheri,From address only (no pin)
cus_458ae24b-9c6,Rajasthan,Ajmer,Pisangan,,Confirmed (pin + address agree)
cus_459181ad-8e5,Rajasthan,Kota,Kota,,From address only (no pin)
cus_45973a75-353,Maharashtra,Sangli,Sangli,Ganapati Peth,Confirmed (pin + address agree)
cus_459d93d0-a91,Gujarat,Rajkot,Rajkot,Bhakti Nagar,Confirmed (pin + address agree)
cus_45a2ba46-214,Madhya Pradesh,Jabalpur,Jabalpur,infront of Akansha steel,Confirmed (pin + address agree)
cus_45aa9d61-11f,Madhya Pradesh,Jabalpur,Jabalpur,Polipather,Confirmed (pin + address agree)
cus_45b3232a-384,Madhya Pradesh,Indore,Indore,Shramik Colony,Confirmed (pin + address agree)
cus_45b3ab81-57b,Maharashtra,Thane,Kalyan,Gopal krishna Nagar,Confirmed (pin + address agree)
cus_45c1299d-900,Maharashtra,Jalgaon,JalGoan,,From sheet text only
cus_45c2f46f-a49,Rajasthan,Chittorgarh,Chittorgarh,Shastri Nagar,Confirmed (pin + address agree)
cus_45cb36b0-286,Rajasthan,Jaipur,Jaipur,Pink City,Check: pin and address disagree
cus_45ce3a8d-7b5,Maharashtra,Thane,Navi Mumbai,Kopar Khairane,From sheet text only
cus_45e20ada-37a,Odisha,Dhenkanal,Dhenkanal,,Confirmed (pin + address agree)
cus_45f61d10-3e6,Maharashtra,Ratnagiri,Lanja,,From address only (no pin)
cus_45f7f21b-0e4,Maharashtra,Thane,Dombivli,Dombivli East,Confirmed (pin + address agree)
cus_4605e2d8-ac0,Maharashtra,Kolhapur,Pimpri-Chinchwad,Chinchwad,From sheet text only
cus_4609976c-8d5,Rajasthan,Jaipur,Jaipur,Sindhi Camp,Confirmed (pin + address agree)
cus_460b61c1-85d,Maharashtra,Mumbai,Mumbai,Dahisar East,Confirmed (pin + address agree)
cus_462a7a6e-5a3,Madhya Pradesh,Mandla,Bijadandi,,Not locatable
cus_462dadb8-392,Maharashtra,Palghar,Nala Sopara,Nalasopara West,Confirmed (pin + address agree)
cus_4635bc7f-067,Kerala,Thiruvananthapuram,Pazhayakunnummel,Kilimanoor,Confirmed (pin + address agree)
cus_4635cbab-c91,Maharashtra,Thane,Murbad,,Confirmed (pin + address agree)
cus_463cc53d-fe1,Rajasthan,Jhalawar,Jhalrapatan,,Confirmed (pin + address agree)
cus_465b9391-0e8,Madhya Pradesh,Bhopal,Bhopal,,From sheet text only
cus_46715914-ea3,Maharashtra,Thane,Kolegaon,Krishnai Nagar,Check: pin and address disagree
cus_467765e6-ca8,Kerala,Kannur,Kuthuparamba,,Confirmed (pin + address agree)
cus_46780ecc-31d,Rajasthan,Ajmer,Ajmer,Vaishali Nagar,Confirmed (pin + address agree)
cus_4683c57c-928,Rajasthan,Jaipur,Jaipur,Vidyadhar Nagar,Confirmed (pin + address agree)
cus_46873ff3-b70,Maharashtra,Thane,Mira-Bhayandar,Bhayandar East,Confirmed (pin + address agree)
cus_468d42b1-4b2,Odisha,Cuttack,Cuttack,Bahadulapatna,From pin only
cus_4692a8a7-f61,Madhya Pradesh,Jabalpur,Suhagi,Adhartal,Confirmed (pin + address agree)
cus_469c5417-814,Kerala,Alappuzha,Alappuzha,Aikyabharatham,Confirmed (pin + address agree)
cus_469f52d5-541,Maharashtra,Palghar,Vasai,Vasai West,Confirmed (pin + address agree)
cus_46a49c18-f7d,Maharashtra,Palghar,Vasai,,From sheet text only
cus_46ae8956-9e1,Rajasthan,Bundi,Bundi,Vikasnagar,Confirmed (pin + address agree)
cus_46b22593-9ad,Madhya Pradesh,Bhopal,Bhopal,,From sheet text only
cus_46b52534-a1f,Madhya Pradesh,Burhanpur,Burhanpur,Monin Pura,Check: pin and address disagree
cus_46be40f9-822,Madhya Pradesh,Bhopal,Bhopal,Talaiya,Check: pin and address disagree
cus_46c12277-c15,Maharashtra,Mumbai,Mumbai,Andheri East,Confirmed (pin + address agree)
cus_46db5373-9a5,Maharashtra,Thane,Mira-Bhayandar,Bhayandar East,Confirmed (pin + address agree)
cus_46df6970-bd1,Maharashtra,Palghar,Chinchoti,,Check: pin and address disagree
cus_46ed19b1-cc6,Maharashtra,Palghar,Mira-Bhayandar,,Confirmed (pin + address agree)
cus_46ffec92-28a,Rajasthan,Jaipur,Jaipur,Brijlalpura,Confirmed (pin + address agree)
cus_4701f765-bef,Madhya Pradesh,Jabalpur,Jabalpur,Umria,Confirmed (pin + address agree)
cus_47371c49-1d8,Maharashtra,Palghar,Nala Sopara,Boisar,From pin only
cus_47388c65-a07,Odisha,Dhenkanal,Dhenkanal,Jawahar Chouk,Confirmed (pin + address agree)
cus_4764bb4c-3f4,Maharashtra,Solapur,Solapur,Akkalkot,Confirmed (pin + address agree)
cus_4775f712-615,Maharashtra,Mumbai,Mumbai,Andheri East,Confirmed (pin + address agree)
cus_477c70ab-b18,Madhya Pradesh,Dewas,Dewas,Rajaram Nagar,Confirmed (pin + address agree)
cus_47891705-9ac,Madhya Pradesh,Indore,Indore,Transport Nagar,Confirmed (pin + address agree)
cus_47a2d513-3d5,Rajasthan,Chittorgarh,Chittorgarh,Krishna Colony,Confirmed (pin + address agree)
cus_47ae6574-4f4,Odisha,Koraput,Jeypore,Ganga Nagar,Confirmed (pin + address agree)
cus_47b1f475-96e,Maharashtra,Thane,Bhiwandi,,From sheet text only
cus_47cabb58-1de,Rajasthan,Ajmer,Ajmer,Gmp73Vj,Confirmed (pin + address agree)
cus_47cfd904-e6f,Maharashtra,Palghar,Mira-Bhayandar,,Confirmed (pin + address agree)
cus_47e33123-e7c,Odisha,Sundergarh,Rourkela,,Confirmed (pin + address agree)
cus_47e47433-be6,Maharashtra,Palghar,Vasai,,From pin only
cus_47f22963-e4a,Odisha,Cuttack,Cuttack,,From sheet text only
cus_47fd7541-b0c,Maharashtra,Nagpur,Nagpur,Gokulpeth,Confirmed (pin + address agree)
cus_47fe7104-811,Madhya Pradesh,Bhopal,Bhopal,Bharat Nagar,Confirmed (pin + address agree)
cus_4805c6db-d8d,Maharashtra,Thane,Mira-Bhayandar,Bhayandar East,Confirmed (pin + address agree)
cus_4817b01c-df4,Rajasthan,Jaipur,Jaipur,Vidhyut Nagar,From address only (no pin)
cus_481e6c1a-5fb,Odisha,Cuttack,Banki,,From address only (no pin)
cus_482d0cc0-c3f,Maharashtra,Thane,Badlapur,Kulgaon,Confirmed (pin + address agree)
cus_48416b97-dc1,Maharashtra,Thane,Mira-Bhayandar,Bhayandar East,From address only (no pin)
cus_4841c683-5be,Kerala,Palakkad,Palakkad,Parakkunnam,Confirmed (pin + address agree)
cus_485b10a4-368,Rajasthan,Jaipur,Bagru,Adarsh Colony,Confirmed (pin + address agree)
cus_48742798-c3e,Madhya Pradesh,Indore,Indore,Gulzar Colony,Confirmed (pin + address agree)
cus_487697fe-1ac,Rajasthan,Jaipur,Jaipur,Vidyadhar Nagar,From address only (no pin)
cus_488be260-a08,Rajasthan,Jaipur,Jaipur,Vidyadhar Nagar,Confirmed (pin + address agree)
cus_4891d5f6-65e,Maharashtra,Mumbai,Mumbai,Andheri East,From address only (no pin)
cus_48b7ee95-8c5,Maharashtra,Palghar,Mira-Bhayandar,,Confirmed (pin + address agree)
cus_48ce4158-ede,Madhya Pradesh,Jabalpur,Jabalpur,Transport Nagar,Confirmed (pin + address agree)
cus_48dff037-6d9,Maharashtra,Raigad,Khopoli,,From sheet text only
cus_48ee7ceb-feb,Odisha,Khorda,Bhubaneswar,Phulnakhara,From pin only
cus_48f884c8-641,Maharashtra,Palghar,Nala Sopara,,From pin only
cus_48fdae5f-885,Rajasthan,Jodhpur,Jodhpur,Jodhpur BSF Trg Centre,Confirmed (pin + address agree)
cus_4902b059-b16,Maharashtra,Mumbai,Mumbai,Dahisar East,Confirmed (pin + address agree)
cus_490a902d-12e,Gujarat,Valsad,Vapi,Gidc,From address only (no pin)
cus_490aea5b-166,Madhya Pradesh,Jabalpur,Jabalpur,Premnagar,Confirmed (pin + address agree)
cus_490c18f1-d21,Odisha,Khorda,Bhubaneswar,Chandrasekharpur,Confirmed (pin + address agree)
cus_49134488-f67,Madhya Pradesh,Indore,Indore,South Toda,Confirmed (pin + address agree)
cus_4913682b-639,Rajasthan,Jaipur,Jaipur,Surajpole Bazar,Confirmed (pin + address agree)
cus_491e26bf-5e3,Maharashtra,Nagpur,Bidgaon,,Check: pin and address disagree
cus_492dccde-ad7,Maharashtra,Thane,Kalyan,Hanuman Nagar,Confirmed (pin + address agree)
cus_4931dd32-60f,Maharashtra,Buldhana,Buldhana,Ramnagar,Confirmed (pin + address agree)
cus_4937ebca-eb2,Rajasthan,Jaipur,Jaipur,Vishwakarma Industrial Area,Confirmed (pin + address agree)
cus_4941c0da-e7a,Madhya Pradesh,Indore,Indore,,Confirmed (pin + address agree)
cus_494a71a9-ea6,Madhya Pradesh,Raisen,Raisen,,From sheet text only
cus_494e90e1-079,Madhya Pradesh,Indore,Indore,Lasudia Mori,From address only (no pin)
cus_495ef09d-3a0,Maharashtra,Thane,Thane,Thane West,Confirmed (pin + address agree)
cus_497027d2-f7a,Rajasthan,Jaipur,Jaipur,Shyam Nagar,Confirmed (pin + address agree)
cus_4971b955-dab,Chhattisgarh,Bilaspur,Bilaspur,,From sheet text only
cus_49800f37-2fb,Karnataka,Bengaluru,Bengaluru,Yelahanka New Town,Confirmed (pin + address agree)
cus_4984eea0-f59,Odisha,Cuttack,Cuttack,LIC Colony,Confirmed (pin + address agree)
cus_49874dbb-883,Madhya Pradesh,Vidisha,Vidisha,Puranpura,Confirmed (pin + address agree)
cus_498b11ee-88a,Maharashtra,Palghar,Virar,Virar East,Confirmed (pin + address agree)
cus_49a2675b-40d,Madhya Pradesh,Indore,Indore,Palda,Confirmed (pin + address agree)
cus_49b2b7bc-fe7,Maharashtra,Thane,Navi Mumbai,Nerul,From sheet text only
cus_49b7afe9-59f,Maharashtra,Jalgaon,Bhusawal,Kanhaya Kunj,Confirmed (pin + address agree)
cus_49c2405a-f92,Maharashtra,Thane,Vasai,Deodal,From sheet text only
cus_49ca0925-37c,Odisha,Khorda,Bhubaneswar,Patrapada,Confirmed (pin + address agree)
cus_49cfc3f7-d8a,Madhya Pradesh,Indore,Indore,Sheetal Nagar,Check: pin and address disagree
cus_49e35e4d-1a9,Kerala,Thiruvananthapuram,Thiruvananthapuram,Thycaud,Confirmed (pin + address agree)
cus_49e45be5-310,Rajasthan,Jaipur,Jaipur,Purani Basti,Confirmed (pin + address agree)
cus_4a008096-ccf,Rajasthan,Jaipur,Jaipur,Kanakpura,Confirmed (pin + address agree)
cus_4a18ca43-939,Rajasthan,Kota,Kota,Electricity Board Area,Confirmed (pin + address agree)
cus_4a192eb2-8e9,Maharashtra,Palghar,Mumbai,Village -Kolhi,From pin only
cus_4a1a68d3-b38,Maharashtra,Thane,Badlapur,,From pin only
cus_4a2980a4-03c,Maharashtra,Thane,Bhiwandi,Padma Nagar,Confirmed (pin + address agree)
cus_4a389d2b-271,Rajasthan,Ajmer,Bijainagar,,Confirmed (pin + address agree)
cus_4a3b90f6-742,Maharashtra,Thane,Ulhasnagar,Vitthalwadi,Confirmed (pin + address agree)
cus_4a4b4182-b6a,Maharashtra,Palghar,Vasai,,From pin only
cus_4a526251-11e,Rajasthan,Jaipur,Jaipur,Murlipura,Confirmed (pin + address agree)
cus_4a5787a6-fa9,Rajasthan,Ajmer,Ajmer,Dargah Bazar,Confirmed (pin + address agree)
cus_4a5ce612-d41,Rajasthan,Ajmer,Ajmer,Gyan Vihar Colony,Confirmed (pin + address agree)
cus_4a6bcfb7-5e0,Gujarat,Rajkot,Rajkot,Gundavadi,Confirmed (pin + address agree)
cus_4a6e15fd-fd3,Maharashtra,Nagpur,Nagpur,Vayusena Nagar,Confirmed (pin + address agree)
cus_4a6f202b-42b,Maharashtra,Palghar,Boisar,,From sheet text only
cus_4a7353e6-379,Kerala,Kannur,Kuthuparamba,Suba Mahal,From pin only
cus_4a737722-cab,Rajasthan,Ajmer,Beawar,R.K. Colony,Confirmed (pin + address agree)
cus_4a8fba67-454,Maharashtra,Nagpur,Nagpur,Vivekanand Nagar,Confirmed (pin + address agree)
cus_4aa3b1e4-789,Kerala,Thiruvananthapuram,Varkala,,Confirmed (pin + address agree)
cus_4aa52625-e1c,Madhya Pradesh,Ratlam,Ratlam,Laxman Pura,Confirmed (pin + address agree)
cus_4aae0d47-120,Madhya Pradesh,Indore,Indore,Morod,From pin only
cus_4ab86252-452,Maharashtra,Nagpur,Nagpur,Chandrakiran Nagar,Confirmed (pin + address agree)
cus_4acd955c-68b,Maharashtra,Thane,Ulhasnagar,Ramayan Nagar,Confirmed (pin + address agree)
cus_4addc44f-771,Madhya Pradesh,Indore,Indore,,Confirmed (pin + address agree)
cus_4af6e64a-587,Rajasthan,Pali,Haripur,,Check: pin and address disagree
cus_4b04d561-7cc,Rajasthan,Sikar,Reengus,Ringas,Confirmed (pin + address agree)
cus_4b1a4227-b8b,Kerala,Kozhikode,Koyilandy,Parapalli,Confirmed (pin + address agree)
cus_4b213eec-9a3,Rajasthan,Jodhpur,Bilara,,Confirmed (pin + address agree)
cus_4b21991b-c30,Maharashtra,Thane,Badlapur,Rameshwadi,Confirmed (pin + address agree)
cus_4b2783ba-95d,Maharashtra,Thane,Thane,Thane West,Confirmed (pin + address agree)
cus_4b30f514-48d,Odisha,Khorda,Bhubaneswar,Baragarh,Confirmed (pin + address agree)
cus_4b324a2b-022,Karnataka,Bagalkot,Jamkhandi,,From sheet text only
cus_4b326749-2d5,Maharashtra,Ratnagiri,Ratnagiri,Police Head Quarters,From address only (no pin)
cus_4b444345-c55,Rajasthan,Jaipur,Jaipur,Mansarovar,Confirmed (pin + address agree)
cus_4b55cb35-2ab,Maharashtra,Palghar,Nala Sopara,Palghar,From sheet text only
cus_4b66ede4-392,Maharashtra,Thane,Thane,Thane West,Confirmed (pin + address agree)
cus_4b6ad9b6-e44,Kerala,Alappuzha,Alappuzha,,From pin only
cus_4b70a98c-ac0,Maharashtra,Thane,Bhiwandi,,From address only (no pin)
cus_4b79b66c-a74,Rajasthan,Jaipur,Jaipur,Pink City,Confirmed (pin + address agree)
cus_4b967c4a-116,Rajasthan,Ajmer,Ajmer,Dargah Bazar,Confirmed (pin + address agree)
cus_4b9be15e-6ad,Madhya Pradesh,Indore,Indore,Juni Indore,Confirmed (pin + address agree)
cus_4b9bf7e2-f09,Maharashtra,Thane,Kalyan,Purnima,Confirmed (pin + address agree)
cus_4b9e87db-354,Rajasthan,Chittorgarh,Chittorgarh,Shastri Nagar,Confirmed (pin + address agree)
cus_4ba1322d-86b,Madhya Pradesh,Bhopal,Bhopal,Alpana Tiraha,Confirmed (pin + address agree)
cus_4bae1a63-441,Maharashtra,Palghar,Boisar,Betegaon,From sheet text only
cus_4baf7efc-059,Maharashtra,Thane,Ulhasnagar,Press Bazar,Confirmed (pin + address agree)
cus_4bb78fd4-3bf,Rajasthan,Jaipur,Jaipur,Vidyadhar Nagar,Confirmed (pin + address agree)
cus_4bbbb360-3bc,Rajasthan,Ajmer,Ajmer,Ramganj,Confirmed (pin + address agree)
cus_4bc0fcc3-c43,Rajasthan,Alwar,Alwar,Aravali Vihar,Confirmed (pin + address agree)
cus_4bda39be-6df,Maharashtra,Sangli,Sangli,Khanbhag,From address only (no pin)
cus_4be90632-3cb,Madhya Pradesh,Indore,Indore,Sanvid Nagar,Confirmed (pin + address agree)
cus_4bea2479-ee6,Rajasthan,Ajmer,Ajmer,Ramganj,Confirmed (pin + address agree)
cus_4c1890bc-c8e,Maharashtra,Nagpur,Nagpur,Bhagwan Nagar,From address only (no pin)
cus_4c1db132-19e,Madhya Pradesh,Jabalpur,Katangi,,Confirmed (pin + address agree)
cus_4c2857e0-835,Maharashtra,Nagpur,Nagpur,Byramji Town,Confirmed (pin + address agree)
cus_4c2df27f-92c,Madhya Pradesh,Bhopal,Bhopal,Maharana Pratap Nagar,Confirmed (pin + address agree)
cus_4c33debb-1e5,Maharashtra,Thane,Ulhasnagar,Ambivali,From pin only
cus_4c3ed39e-722,Kerala,Malappuram,Tirur,Meenadathur,Confirmed (pin + address agree)
cus_4c4c7f4c-976,Madhya Pradesh,Bhopal,Bhopal,Peer Gate Area,Confirmed (pin + address agree)
cus_4c4f0bdb-7a6,Kerala,Kannur,Panoor,,From address only (no pin)
cus_4c6212dc-4ef,Maharashtra,Thane,Dombivli,Dombivli West,From address only (no pin)
cus_4c671d9d-7c9,Madhya Pradesh,Sagar,Sagar,Shukrawari Hills,Confirmed (pin + address agree)
cus_4c7833f7-f35,Madhya Pradesh,Jabalpur,Jabalpur,Karmeta,Confirmed (pin + address agree)
cus_4c7dccae-7a6,Maharashtra,Solapur,Malshiras,Shrinath Nagar,Confirmed (pin + address agree)
cus_4c8ecd3c-17f,Maharashtra,Palghar,Vasai,,From pin only
cus_4ca0cf6f-258,Maharashtra,Palghar,Boisar,,From address only (no pin)
cus_4caca05c-6a6,Madhya Pradesh,Satna,Satna,Jeevan Jyoti Colony,Confirmed (pin + address agree)
cus_4caf0bf1-123,Maharashtra,Thane,Bhiwandi,Gaibi Nagar Bhiwandi,Confirmed (pin + address agree)
cus_4caffbad-26c,Rajasthan,Ajmer,Ajmer,Panchsheel Nagar,From address only (no pin)
cus_4cb9d92d-907,Maharashtra,Aurangabad,Chhatrapati Sambhajinagar,Jaffer Gate,From address only (no pin)
cus_4cbccea4-506,Maharashtra,Nagpur,Nagpur,Pardi,Confirmed (pin + address agree)
cus_4cbd6c34-555,Madhya Pradesh,Bhopal,Bhopal,Shahpura,Confirmed (pin + address agree)
cus_4cc7ccc0-8c0,Dadra and Nagar Haveli and Daman and Diu,Daman,Daman,Ringanwada,From pin only
cus_4cc97db1-223,Maharashtra,Akola,Akola,,From sheet text only
cus_4cc9d796-da9,Kerala,Thiruvananthapuram,Thiruvananthapuram,Palayam,Confirmed (pin + address agree)
cus_4cd79ee5-1d4,Maharashtra,Solapur,Solapur,,From sheet text only
cus_4cf2fc28-808,Maharashtra,Gondia,Gondia,Laxmi Nagar,Check: pin and address disagree
cus_4d0b8302-6aa,Maharashtra,Thane,Dombivli,Dombivli West,Confirmed (pin + address agree)
cus_4d0f648b-048,Madhya Pradesh,Indore,Pithampur,Kalibillod,From pin only
cus_4d45de79-9e3,Maharashtra,Solapur,Mandrup,,Check: pin and address disagree
cus_4d4780d3-850,Dadra and Nagar Haveli and Daman and Diu,Daman,Vapi,Imran Nagar,Confirmed (pin + address agree)
cus_4d4c5e95-510,Maharashtra,Nagpur,Nagpur,Wadi,Confirmed (pin + address agree)
cus_4d53e571-cf6,Rajasthan,Jaipur,Jaipur,Mansarovar,Confirmed (pin + address agree)
cus_4d62cfc9-97f,Maharashtra,Thane,Bhiwandi,Narpoli,Confirmed (pin + address agree)
cus_4d6645d0-6d5,Kerala,Kozhikode,Purameri,Edacheri,Confirmed (pin + address agree)
cus_4d6ac8f2-9fc,Madhya Pradesh,Indore,Indore,Sarafa Bazar,Confirmed (pin + address agree)
cus_4d785b12-194,Maharashtra,Thane,Bhiwandi,Gaibi Nagar Bhiwandi,Confirmed (pin + address agree)
cus_4d82b05e-e62,Madhya Pradesh,Jabalpur,Jabalpur,Bilhari,Confirmed (pin + address agree)
cus_4d8d48e1-1a4,Maharashtra,Palghar,Boisar,Vanipada,From address only (no pin)
cus_4d976562-e47,Madhya Pradesh,Jabalpur,Jabalpur,Lalmati,Confirmed (pin + address agree)
cus_4d97847f-8a1,Maharashtra,Thane,Ambernath,Housing Board Colony,Confirmed (pin + address agree)
cus_4da2882a-201,Rajasthan,Jaipur,Jaipur,Bhakrota,Check: pin and address disagree
cus_4da7c944-caf,Rajasthan,Jaipur,Jaipur,Jhotwara,Confirmed (pin + address agree)
cus_4dacc1bc-71b,Maharashtra,Nagpur,Nagpur,,From sheet text only
cus_4daf20c3-f46,Maharashtra,Osmanabad,Latur,Netaji Nagar,Confirmed (pin + address agree)
cus_4db4ff7d-766,Madhya Pradesh,Indore,Indore,Vishnu Puri Colony,Confirmed (pin + address agree)
cus_4dbb6d1a-a83,Rajasthan,Kota,Kota,Shrinath Puram,Confirmed (pin + address agree)
cus_4dbdec19-e48,Maharashtra,Nagpur,Nagpur,Dighori,Confirmed (pin + address agree)
cus_4dcc306f-c31,Madhya Pradesh,Indore,Indore,Gandhi Nagar,Confirmed (pin + address agree)
cus_4dd41008-924,Madhya Pradesh,Bhopal,Bhopal,Chuna Bhatti,Check: pin and address disagree
cus_4dd87858-319,Maharashtra,Thane,Thane,Datiwali Gaon,Confirmed (pin + address agree)
cus_4ddb7a1b-69b,Kerala,Thiruvananthapuram,Thiruvananthapuram,Chacka,Confirmed (pin + address agree)
cus_4de1214f-5d7,Odisha,Nabarangapur,Nabarangapur,Nabarangapur PS,Confirmed (pin + address agree)
cus_4dee9377-da4,Odisha,Cuttack,Cuttack,Nuntikiri,From sheet text only
cus_4df07e6c-4b5,Madhya Pradesh,Jabalpur,Jabalpur,JDA Colony,Confirmed (pin + address agree)
cus_4df80f9b-ffd,Maharashtra,Thane,Ambernath,MIDC East,Confirmed (pin + address agree)
cus_4e148ceb-363,Rajasthan,Jaipur,Jaipur,,Confirmed (pin + address agree)
cus_4e187ae5-a23,Maharashtra,Kolhapur,Valivade,,From address only (no pin)
cus_4e1c7b01-f4c,Kerala,Kottayam,Kottayam,Kumaranalloor,Confirmed (pin + address agree)
cus_4e287170-c39,Odisha,Koraput,Jeypore,,Confirmed (pin + address agree)
cus_4e2de20d-260,Rajasthan,Jaipur,Jaipur,Gopal Pura Mode,Confirmed (pin + address agree)
cus_4e364db0-1da,Maharashtra,Nagpur,Nagpur,Chandan Nagar,From address only (no pin)
cus_4e3ea470-675,Maharashtra,Mumbai,Mumbai,Kandivali West,Confirmed (pin + address agree)
cus_4e4435b0-e15,Rajasthan,Jhalawar,Kota,Rampura,From address only (no pin)
cus_4e4a8ce7-cfa,Rajasthan,Kota,Kota,Gumanpura,From address only (no pin)
cus_4e5c6775-037,Maharashtra,Raigad,Pen,Chinchpada,Confirmed (pin + address agree)
cus_4e6066b9-7c2,Kerala,Kozhikode,Vatakara,Nandi Bazar,From pin only
cus_4e643b65-5ee,Madhya Pradesh,Indore,Indore,Palakhedi,Confirmed (pin + address agree)
cus_4e6cd48c-a19,Kerala,Ernakulam,Kothamangalam,Thankalam,Confirmed (pin + address agree)
cus_4e971fc5-b2b,Maharashtra,Solapur,Mangalwedha,Shivaji Nagar,From address only (no pin)
cus_4e9fe26c-f86,West Bengal,Kolkata,Kolkata,,From address only (no pin)
cus_4ea0cd13-adf,Maharashtra,Thane,Kalyan,,Confirmed (pin + address agree)
cus_4eaec7c3-3b3,Rajasthan,Pali,Nimaaj,,From sheet text only
cus_4ece0cfd-384,Rajasthan,Ajmer,Ajmer,Makhupura Industrial Area,Confirmed (pin + address agree)
cus_4ece92fd-cd2,Maharashtra,Thane,Ambernath,,From sheet text only
cus_4ed96965-05f,Maharashtra,Thane,Thane,Datiwali Gaon,Confirmed (pin + address agree)
cus_4eebb5d6-e83,Goa,South Goa,Madgaon,Madel,Confirmed (pin + address agree)
cus_4ef7d9bb-b95,Odisha,Khorda,Bhubaneswar,Chandrasekharpur,Confirmed (pin + address agree)
cus_4f0f3b14-e93,Rajasthan,Ganganagar,Anupgarh,Market,From address only (no pin)
cus_4f1b29a9-ff1,Maharashtra,Ratnagiri,Lanja,Vg5Xvqv,From address only (no pin)
cus_4f24a781-c19,Maharashtra,Palghar,Vasai,Vasai East,Confirmed (pin + address agree)
cus_4f28e40b-b8b,Rajasthan,Ajmer,Ajmer,Adarsh Nagar,Confirmed (pin + address agree)
cus_4f30b7c3-630,Maharashtra,Palghar,Mira-Bhayandar,Naigaon East,From pin only
cus_4f363070-4cd,Maharashtra,Mumbai,Mumbai,Goregaon West,Confirmed (pin + address agree)
cus_4f3d4168-d33,Kerala,Kozhikode,Koyilandy,,From sheet text only
cus_4f3f259f-d93,Kerala,Alappuzha,Mannar,,Confirmed (pin + address agree)
cus_4f51b4ab-0e5,Kerala,Ernakulam,Kothamangalam,,Confirmed (pin + address agree)
cus_4f5644cd-26c,Madhya Pradesh,Indore,Indore,Devguradia,Confirmed (pin + address agree)
cus_4f595469-9f2,Madhya Pradesh,Jabalpur,Barela,,Confirmed (pin + address agree)
cus_4f694a05-b9f,Maharashtra,Thane,Dombivli,Dombivli East,Check: pin and address disagree
cus_4f86c0cb-948,Maharashtra,Solapur,Tembhurni,,Check: pin and address disagree
cus_4f8bb666-50f,Maharashtra,Yavatmal,Yavatmal,Pangari,Confirmed (pin + address agree)
cus_4faf30fc-7b1,Maharashtra,Thane,Mira-Bhayandar,Bhayandar East,Confirmed (pin + address agree)
cus_4fc7c727-7e0,Rajasthan,Ganganagar,Jodhpur,Sri Ganganagar,From sheet text only
cus_4fc8ac6a-0fe,Odisha,Baleswar,Balasore,,From sheet text only
cus_4fd0ea09-635,Maharashtra,Thane,Bhiwandi,Kongaon,From sheet text only
cus_4fe0090f-cf0,Madhya Pradesh,Ratlam,Ratlam,Samta Nagar,Confirmed (pin + address agree)
cus_501d4754-e03,Madhya Pradesh,Bhopal,Bhopal,Lalghati,Confirmed (pin + address agree)
cus_504a1fc6-44b,Maharashtra,Solapur,Solapur,Bhadravathi Peth,Confirmed (pin + address agree)
cus_505def46-ae5,Kerala,Kozhikode,Purameri,Orkkatteri,From pin only
cus_50697079-5dc,Rajasthan,Sikar,Reengus,Ringas,Confirmed (pin + address agree)
cus_5082f4c9-05c,Rajasthan,Jaipur,Jaipur,Kalwar,From pin only
cus_508c79cd-e18,Odisha,Khorda,Bhubaneswar,Ghangapatna,From pin only
cus_508d6b0f-9ab,Rajasthan,Jaipur,Jaipur,Mansarovar,Check: pin and address disagree
cus_509eac70-ef2,Madhya Pradesh,Ratlam,Ratlam,Laxman Pura,Confirmed (pin + address agree)
cus_50ac1053-3a0,Kerala,Pathanamthitta,Pathanamthitta,Chittoor,Confirmed (pin + address agree)
cus_50b97f33-794,Madhya Pradesh,Indore,Indore,Bhavna Nagar,Confirmed (pin + address agree)
cus_50c0e996-7c7,Maharashtra,Palghar,Nala Sopara,Palghar,From sheet text only
cus_50cae136-b27,Kerala,Kannur,Kuthuparamba,Kottayampoyil,From pin only
cus_50d46b6b-183,Odisha,Koraput,Jeypore,,Confirmed (pin + address agree)
cus_50dccc06-d59,Madhya Pradesh,Jabalpur,Jabalpur,Saliwada,From pin only
cus_50e80fcf-80a,Kerala,Ernakulam,Kochi,Cherai,Confirmed (pin + address agree)
cus_50ead3df-198,Madhya Pradesh,Indore,Indore,Chanakyapuri,Confirmed (pin + address agree)
cus_5103c5d5-ce2,Madhya Pradesh,Bhopal,Bhopal,,From sheet text only
cus_5116096f-1bd,Madhya Pradesh,Jabalpur,Barela,,Confirmed (pin + address agree)
cus_5120f26d-e37,Maharashtra,Thane,Mira-Bhayandar,Bhayandar East,Check: pin and address disagree
cus_51221809-134,Rajasthan,Kota,Kota,Bhimganj Mandi,Confirmed (pin + address agree)
cus_513629af-7ae,Kerala,Palakkad,Palappuram,Sreeramakrishnanagar,From pin only
cus_513b0492-11b,Madhya Pradesh,Bhopal,Bhopal,Idgah Hills,Confirmed (pin + address agree)
cus_513b3a1e-878,Maharashtra,Solapur,Velapur,Bhainath Nagar,Confirmed (pin + address agree)
cus_513d8666-d64,Madhya Pradesh,Hoshangabad,Narmadapuram,,Check: pin and address disagree
cus_51475887-587,Maharashtra,Raigad,Khopoli,,From sheet text only
cus_5171d9ba-46d,Maharashtra,Palghar,Pelhar,,Check: pin and address disagree
cus_517a5a6e-b69,Madhya Pradesh,Dewas,Dewas,Gomti Nagar,Confirmed (pin + address agree)
cus_517c8f44-f6d,Madhya Pradesh,Bhopal,Bhopal,,From sheet text only
cus_5197e901-55f,Madhya Pradesh,Jabalpur,Jabalpur,Napier Town,Confirmed (pin + address agree)
cus_51a2bfbc-eac,Maharashtra,Palghar,Mira-Bhayandar,Bhayandar West,Check: pin and address disagree
cus_51a8abad-208,Rajasthan,Jodhpur,Jodhpur,Jodhpur City,Confirmed (pin + address agree)
cus_51ab5646-894,Rajasthan,Jaipur,Renwal,Kishangarh Renwal,Confirmed (pin + address agree)
cus_51c28fe6-f3a,Maharashtra,Palghar,Virar,Virar East,Confirmed (pin + address agree)
cus_51c8821f-2f2,Maharashtra,Latur,Latur,Ganj Golai,Confirmed (pin + address agree)
cus_51ddd4b2-210,Kerala,Kozhikode,Villiappally,Kurikkilad,Confirmed (pin + address agree)
cus_51dffcac-817,Madhya Pradesh,Jabalpur,Jabalpur,Sneh Nagar,Confirmed (pin + address agree)
cus_51ec5910-f4d,Kerala,Kozhikode,Naduvannur,,Confirmed (pin + address agree)
cus_51f76c2d-809,Madhya Pradesh,Vidisha,Vidisha,Baripura,Confirmed (pin + address agree)
cus_51fd9bcd-2d3,Madhya Pradesh,Dewas,Dewas,Rajaram Nagar,Confirmed (pin + address agree)
cus_520f11c7-360,Kerala,Alappuzha,Alappuzha,Sea View Ward,Confirmed (pin + address agree)
cus_521079aa-daf,Maharashtra,Palghar,Virar,Virar West,Confirmed (pin + address agree)
cus_522fd177-4ae,Rajasthan,Jaipur,Jaipur,Sirsi,Confirmed (pin + address agree)
cus_5233adc2-722,Rajasthan,Ajmer,Bijainagar,,Confirmed (pin + address agree)
cus_523c34b4-2b9,Maharashtra,Nagpur,Nagpur,Sitabuldi,From address only (no pin)
cus_523cbba8-260,Maharashtra,Raigad,Tala,Roha,Check: pin and address disagree
cus_52407989-8d2,Kerala,Kannur,Kuthuparamba,,Confirmed (pin + address agree)
cus_5242a1c6-864,Maharashtra,Mumbai,Mumbai,Malad West,Confirmed (pin + address agree)
cus_52528e2c-451,Maharashtra,Thane,Bhiwandi,Anjurphata,Confirmed (pin + address agree)
cus_5258869e-34e,Maharashtra,Solapur,Solapur,Budhavar Peth,Confirmed (pin + address agree)
cus_5263a018-757,Madhya Pradesh,Jabalpur,Jabalpur,Janki Nagar,Confirmed (pin + address agree)
cus_52655e16-40b,Madhya Pradesh,Indore,Indore,Treasure Fantasy,From pin only
cus_5265e37c-e61,Rajasthan,Jaipur,Bagru,RIICO Industrial Area,Confirmed (pin + address agree)
cus_5278bb09-8ed,Goa,South Goa,Vasco Da Gama,Vaddem,Confirmed (pin + address agree)
cus_527ce021-f47,Gujarat,Rajkot,Morbi,Kathwada,Confirmed (pin + address agree)
cus_52816c8a-696,Maharashtra,Mumbai,Mumbai,Khar West,Confirmed (pin + address agree)
cus_528724ac-184,Maharashtra,Pune,Pune,Kondwa,From sheet text only
cus_528a3b06-f8c,Rajasthan,Jaipur,Jaipur,Gokulpura,Confirmed (pin + address agree)
cus_5295a691-a7a,Maharashtra,Nagpur,Nagpur,Bhavsar Chowk,Confirmed (pin + address agree)
cus_52974fd9-bef,Maharashtra,Thane,Badlapur,,Confirmed (pin + address agree)
cus_52a262ba-8b4,Maharashtra,Palghar,Nala Sopara,Nalasopara East,Confirmed (pin + address agree)
cus_52ac1c39-772,Rajasthan,Jodhpur,Jodhpur,,Confirmed (pin + address agree)
cus_52b6d653-828,Tamil Nadu,Salem,Selam,,From sheet text only
cus_52ea468e-97c,Kerala,Malappuram,Manjeri,Karuvambram,Confirmed (pin + address agree)
cus_530788a2-ea3,Madhya Pradesh,Indore,Indore,Transport Nagar,Check: pin and address disagree
cus_530a4570-61f,Madhya Pradesh,Indore,Indore,Sirpur,Confirmed (pin + address agree)
cus_53216887-b45,Madhya Pradesh,Bhopal,Bhopal,,From address only (no pin)
cus_533bbe33-ae6,Kerala,Pathanamthitta,Thiruvalla,Kuttoor,From pin only
cus_533e4c4d-8a2,Maharashtra,Thane,Badlapur,Station Pada,Check: pin and address disagree
cus_5346ce82-043,Kerala,Kozhikode,Nadapuram,Adukkath,From pin only
cus_5347e2a9-d77,Maharashtra,Thane,Bhiwandi,,From sheet text only
cus_5367fac6-518,Maharashtra,Thane,Bhiwandi,Purna,Confirmed (pin + address agree)
cus_53720932-6c3,Madhya Pradesh,Indore,Indore,Sudama Nagar,Confirmed (pin + address agree)
cus_53740e8f-6ea,Maharashtra,Thane,Bhiwandi,Khoni,Confirmed (pin + address agree)
cus_5379574b-f58,Madhya Pradesh,Indore,Indore,Alok Nagar,Confirmed (pin + address agree)
cus_5390604d-0c5,Madhya Pradesh,Dhar,Pithampur,Pithampur Industrial Area,From pin only
cus_53a32930-d28,Madhya Pradesh,Indore,Indore,Indore GPO,Confirmed (pin + address agree)
cus_53bee35f-ced,Madhya Pradesh,Indore,Indore,,Confirmed (pin + address agree)
cus_53c32e9d-e4f,Maharashtra,Thane,Thane,Thane West,Confirmed (pin + address agree)
cus_53c53404-b12,Maharashtra,Thane,Bhiwandi,Kalher,Confirmed (pin + address agree)
cus_53cc3225-d89,Rajasthan,Jodhpur,Jodhpur,Paota,Confirmed (pin + address agree)
cus_53d4e9c8-31f,Maharashtra,Thane,Ambernath,Housing Board Colony,Confirmed (pin + address agree)
cus_53d8898a-9f0,Madhya Pradesh,Jabalpur,Jabalpur,Medical Garha,Confirmed (pin + address agree)
cus_53e0429b-66c,Rajasthan,Barmer,Balotra,Ganesh,Confirmed (pin + address agree)
cus_53e48958-e1a,Maharashtra,Thane,Badlapur,Sanewadi,Confirmed (pin + address agree)
cus_53ed057d-ab6,Karnataka,Bengaluru,Bengaluru,Basaveshwar Nagar,From address only (no pin)
cus_53f027de-a45,Maharashtra,Palghar,Nala Sopara,,From pin only
cus_53f31661-223,Odisha,Cuttack,Jagatpur,Vinayak Nagar,From address only (no pin)
cus_53f77337-6ac,Maharashtra,Mumbai,Mumbai,Kandivali East,Confirmed (pin + address agree)
cus_53f81c37-d30,Tamil Nadu,Kanyakumari,Neyyattinkara,Kaliyakkavilai,From pin only
cus_542e4b5c-3b0,Maharashtra,Nagpur,Nagpur,Ashirwad Nagar,From address only (no pin)
cus_545d1ce0-974,Maharashtra,Thane,Kolegaon,,Check: pin and address disagree
cus_54749a51-42c,Rajasthan,Jaipur,Jaipur,Bambala,Confirmed (pin + address agree)
cus_5483434b-f10,Maharashtra,Ratnagiri,Lanja,,From address only (no pin)
cus_54a74541-522,Rajasthan,Jaipur,Jaipur,Jhotwara,Confirmed (pin + address agree)
cus_54ad47b5-9ec,Madhya Pradesh,Indore,Indore,Tilak Nagar,Confirmed (pin + address agree)
cus_54b7b01b-7dd,Maharashtra,Palghar,Boisar,,From address only (no pin)
cus_54b8969b-f59,Madhya Pradesh,Indore,Indore,Rajendra Nagar,Confirmed (pin + address agree)
cus_54d07118-9dd,Rajasthan,Kota,Kota,,From sheet text only
cus_54e39c7d-418,Maharashtra,Nagpur,Nagpur,Gokulpeth,Confirmed (pin + address agree)
cus_54efe7bc-acf,Goa,South Goa,Goa,,From sheet text only
cus_550cd34f-b04,Odisha,Khorda,Khordha,Begunia,Confirmed (pin + address agree)
cus_551af88f-2e7,Odisha,Bargarh,Bargarh,Bargarh Bazar,Confirmed (pin + address agree)
cus_551b1e2c-d11,Madhya Pradesh,Dewas,Dewas,Ram Nagar,Confirmed (pin + address agree)
cus_552aba64-f24,Kerala,Kottayam,Kizhaparayar,,Confirmed (pin + address agree)
cus_554c43c2-ba9,Odisha,Dhenkanal,Dhenkanal,Kanchan Bazar,Confirmed (pin + address agree)
cus_554ec1f6-601,Maharashtra,Thane,Ulhasnagar,Kailash Colony,Confirmed (pin + address agree)
cus_555a8f07-5e1,Maharashtra,Pune,Pune,Holi Angel Shala,From sheet text only
cus_555f2ab4-ffa,Maharashtra,Thane,Ulhasnagar,Sidhi Vinayak Nagar,From pin only
cus_557140c6-538,Gujarat,Valsad,Vapi,Imran Nagar,From address only (no pin)
cus_5571fd21-1e4,Kerala,Kozhikode,Menhaniam,Perambra,From pin only
cus_5573b2eb-ec2,Maharashtra,Mumbai,Mumbai,Dahisar West,From address only (no pin)
cus_5574f627-7f8,Maharashtra,Amravati,Amravati,Vivekanand Colony,Confirmed (pin + address agree)
cus_55815bf5-692,Maharashtra,Nagpur,Nagpur,Zingabai Takli,Confirmed (pin + address agree)
cus_55839a2b-78f,Maharashtra,Latur,Latur,Ganj Golai,Check: pin and address disagree
cus_55996bb1-315,Kerala,Kannur,Kannur,Talap,From pin only
cus_559fce4e-4d9,Rajasthan,Ganganagar,Anupgarh,Market,From address only (no pin)
cus_55a34406-ea8,Madhya Pradesh,Indore,Indore,Pardesipura,Confirmed (pin + address agree)
cus_55ab431d-9c1,Maharashtra,Palghar,Vasai,Vasai East,Confirmed (pin + address agree)
cus_55be4eb0-61b,Madhya Pradesh,Indore,Indore,Dutt Nagar,Confirmed (pin + address agree)
cus_55c1d2f8-f83,Maharashtra,Thane,Kalyan,,Confirmed (pin + address agree)
cus_55d13657-28e,Madhya Pradesh,Indore,Indore,Sudama Nagar,Confirmed (pin + address agree)
cus_55d897a6-eb3,Rajasthan,Jaipur,Jaipur,Jagatpura,Confirmed (pin + address agree)
cus_55e4a297-016,Rajasthan,Pali,Jaitaran,Jhujanda,Confirmed (pin + address agree)
cus_55f810fb-fec,Maharashtra,Solapur,Modnimb,,From pin only
cus_5609b2c2-81c,Maharashtra,Nagpur,Nagpur,Nandanvan,Confirmed (pin + address agree)
cus_560f73ed-ba2,Odisha,Jajapur,Byasanagar,Dala,Confirmed (pin + address agree)
cus_5631b25e-dfe,Madhya Pradesh,Indore,Indore,Davv Takshila Parisar,Confirmed (pin + address agree)
cus_5651fd3e-8d8,Madhya Pradesh,Dewas,Dewas,Gomti Nagar,Confirmed (pin + address agree)
cus_565df926-699,Madhya Pradesh,Indore,Indore,,Confirmed (pin + address agree)
cus_566bc49b-fab,Madhya Pradesh,Indore,Indore,,Confirmed (pin + address agree)
cus_56718575-985,Rajasthan,Chittorgarh,Chittorgarh,Chandan Pura,Confirmed (pin + address agree)
cus_5675d89f-941,Maharashtra,Palghar,Virar,Chandansar,Confirmed (pin + address agree)
cus_5676fad0-026,Rajasthan,Jaipur,Jaipur,Panchyawala,Confirmed (pin + address agree)
cus_567c05af-396,Rajasthan,Ajmer,Ajmer,Gulab Bari,Check: pin and address disagree
cus_567c697a-9c2,Madhya Pradesh,Jabalpur,Jabalpur,Adhartal,Confirmed (pin + address agree)
cus_568003b8-25a,Maharashtra,Mumbai,Mumbai,Andheri West,Confirmed (pin + address agree)
cus_5687e40e-00f,Madhya Pradesh,Indore,Indore,Talawali Chanda,Confirmed (pin + address agree)
cus_56896b6d-d28,Maharashtra,Nagpur,Nagpur,East,Confirmed (pin + address agree)
cus_5694b6c9-33b,Maharashtra,Thane,Bhiwandi,Bapgaon,From pin only
cus_569c567b-c0a,Gujarat,Rajkot,Rajkot,Karanpara,Confirmed (pin + address agree)
cus_569edbbc-a02,Gujarat,Rajkot,Morbi,Sardar Nagar,Check: pin and address disagree
cus_56a82920-d5b,Kerala,Kozhikode,Vadakara,,From sheet text only
cus_56ab74cb-7ea,Maharashtra,Pune,Pune,Awhalwadi,From sheet text only
cus_56c1a53c-47e,Madhya Pradesh,Indore,Indore,Chhavani,Confirmed (pin + address agree)
cus_56d59262-8f1,Gujarat,Valsad,Vapi,Pardi,From address only (no pin)
cus_56daf6fd-12b,Maharashtra,Palghar,Virar,,From sheet text only
cus_56e9559c-dab,Odisha,Dhenkanal,Dhenkanal,,Confirmed (pin + address agree)
cus_56eb8b8d-a07,Kerala,Idukki,Thodupuzha,,Confirmed (pin + address agree)
cus_56f51d94-d9c,Maharashtra,Palghar,Mira-Bhayandar,Bhayandar West,From pin only
cus_57033c55-fde,Gujarat,Ahmedabad,Shahibag,,From sheet text only
cus_570858f8-b61,Maharashtra,Palghar,Vasai,,From pin only
cus_57093832-151,Maharashtra,Kolhapur,Kolhapur,New Shahupuri,Confirmed (pin + address agree)
cus_570e7312-138,Madhya Pradesh,Bhopal,Bhopal,,From sheet text only
cus_57395d91-a24,Odisha,Ganjam,Chatrapur,Conservation Colony,Check: pin and address disagree
cus_573a07f8-b27,Maharashtra,Palghar,Mira-Bhayandar,,Check: pin and address disagree
cus_57463289-cf3,Maharashtra,Mumbai,Mumbai,Kandivali West,Confirmed (pin + address agree)
cus_5749e195-bac,Maharashtra,Nagpur,Nagpur,,From sheet text only
cus_574d59cc-f43,Madhya Pradesh,Indore,Indore,Raj Mohalla,Confirmed (pin + address agree)
cus_5756364e-8cc,Madhya Pradesh,Indore,Indore,Khajrana,From address only (no pin)
cus_5777c0c3-37f,Gujarat,Rajkot,Rajkot,Samrat Industrial Area,Confirmed (pin + address agree)
cus_57791517-373,Rajasthan,Ajmer,Ajmer,Parbatpura,Confirmed (pin + address agree)
cus_577dc175-07a,Rajasthan,Ajmer,Ajmer,Parao,From address only (no pin)
cus_578d2ffc-7d6,Kerala,Alappuzha,Thiruvalla,Chengannur,From pin only
cus_579245dc-54c,Kerala,Kozhikode,Vadakara,,From sheet text only
cus_57af4e0c-9f4,Madhya Pradesh,West Nimar,Khargone,Jawahar Nagar,Confirmed (pin + address agree)
cus_57b6f66c-c26,Rajasthan,Jaipur,Jaipur,,From sheet text only
cus_57c0a551-705,Kerala,Thiruvananthapuram,Thiruvananthapuram,Venjarammoodu,From pin only
cus_57cba27c-25d,Kerala,Kozhikode,Menhaniam,Muliyangal,From pin only
cus_57d50426-525,Kerala,Kozhikode,Madappallly,,Check: pin and address disagree
cus_57da6828-f9f,Maharashtra,Mumbai,Mumbai,Malad West,Confirmed (pin + address agree)
cus_57dc9462-c04,Rajasthan,Jaipur,Jaipur,Pratap Nagar,Confirmed (pin + address agree)
cus_57e7ccb7-d87,Kerala,Kozhikode,Memunda,,Confirmed (pin + address agree)
cus_57ebb20b-3b2,Maharashtra,Palghar,Virar,,Confirmed (pin + address agree)
cus_57ef17be-aee,Maharashtra,Nagpur,Nagpur,Rahate Nagar,Confirmed (pin + address agree)
cus_57f39a1c-366,Madhya Pradesh,Indore,Indore,Jawahar Nagar,Confirmed (pin + address agree)
cus_57f6198b-707,Maharashtra,Palghar,Nala Sopara,,From pin only
cus_58115fcb-06e,Maharashtra,Palghar,Boisar,Sanjay Nagar,From sheet text only
cus_581e96e5-e95,Madhya Pradesh,Bhopal,Bhopal,BHE Ancillary Indusrtial Estate,From address only (no pin)
cus_5825a1a8-ecc,Gujarat,Rajkot,Rajkot,Bhakti Nagar,Confirmed (pin + address agree)
cus_583ac0bb-dba,Madhya Pradesh,Indore,Indore,Dwarkapuri,From address only (no pin)
cus_5844e342-c71,Rajasthan,Ajmer,Kishangarh,Madanganj,From address only (no pin)
cus_586647d8-a85,Madhya Pradesh,Indore,Indore,Sher Shah Suri Nagar,From address only (no pin)
cus_5866694d-5f2,Madhya Pradesh,Indore,Indore,,Confirmed (pin + address agree)
cus_586f18d5-83b,Maharashtra,Palghar,Vasai,Vasai East,Check: pin and address disagree
cus_587759ea-c8c,Kerala,Kollam,Kottarakkara,Koivila,Confirmed (pin + address agree)
cus_5888c246-c9b,Kerala,Kozhikode,Balussheri,Poonoor,From pin only
cus_588afa47-273,Maharashtra,Aurangabad,Chhatrapati Sambhajinagar,New Usmanpura,Confirmed (pin + address agree)
cus_58935c36-b8c,Maharashtra,Palghar,Vasai,Naigaon West,Confirmed (pin + address agree)
cus_589e7db8-555,Maharashtra,Raigad,Raigad,Raigad,Confirmed (pin + address agree)
cus_58a06ec5-d69,Gujarat,Rajkot,Rajkot,Uday Nagar,From address only (no pin)
cus_58a74371-651,Rajasthan,Jaipur,Jaipur,Gopalpura,From pin only
cus_58b82bed-86d,Maharashtra,Aurangabad,Pandharpur,Aurangabad,Check: pin and address disagree
cus_58c01b04-379,Chhattisgarh,Korba,Korba,,Confirmed (pin + address agree)
cus_58c46bb3-914,Maharashtra,Jalgaon,Bhusawal,Kanhaya Kunj,Confirmed (pin + address agree)
cus_58c55ca4-820,Maharashtra,Nagpur,Nagpur,Mohan Nagar,Confirmed (pin + address agree)
cus_58c9c1b8-3f6,Maharashtra,Solapur,Pandharpur,Bhosale Chowk,Confirmed (pin + address agree)
cus_58ceef4c-d8b,Madhya Pradesh,East Nimar,Khandwa,Ramganj Ward,Confirmed (pin + address agree)
cus_58d2f063-313,Rajasthan,Jaipur,Jaipur,Ashok Nagar,Confirmed (pin + address agree)
cus_58d3bf66-4cc,Maharashtra,Nagpur,Nagpur,Wadi,Confirmed (pin + address agree)
cus_58e873ed-82f,Odisha,Ganjam,Hinjilicut,Hinjillikatu,Confirmed (pin + address agree)
cus_58f2e8a4-37e,Maharashtra,Mumbai,Mumbai,Kandivali East,Check: pin and address disagree
cus_59083e07-2a3,Gujarat,Jamnagar,Jamnagar,Mahavir Park,Confirmed (pin + address agree)
cus_591b775e-549,Maharashtra,Mumbai,Mumbai,Andheri West,Check: pin and address disagree
cus_591e48be-c5c,Rajasthan,Jaipur,Jaipur,Sanganer,Confirmed (pin + address agree)
cus_591e9f8b-377,Maharashtra,Raigad,Khopoli,Yashwant Nagar,Confirmed (pin + address agree)
cus_592c89e2-949,Maharashtra,Thane,Ulhasnagar,Mukund Nagar,Confirmed (pin + address agree)
cus_593848e5-72a,Maharashtra,Thane,Dombivli,Dombivli West,Confirmed (pin + address agree)
cus_598a4b74-618,Rajasthan,Ajmer,Ajmer,Nagra,Confirmed (pin + address agree)
cus_598bb75b-a14,Rajasthan,Jaipur,Jaipur,Gokulpura,Confirmed (pin + address agree)
cus_59a9f12d-052,Madhya Pradesh,Bhopal,Bhopal,,From sheet text only
cus_59ad26da-af1,Rajasthan,Bhilwara,Mandal,Chwc8Pm,Confirmed (pin + address agree)
cus_59ad7d98-156,Maharashtra,Thane,Dombivli,Dombivli East,Confirmed (pin + address agree)
cus_59b2fe97-402,Rajasthan,Sikar,Sikar,Jaldhari Nagar,Confirmed (pin + address agree)
cus_59b39102-23a,Odisha,Cuttack,Cuttack,Nandi Sahi,Confirmed (pin + address agree)
cus_59b39a9a-f26,Maharashtra,Thane,Thane,Datiwali Gaon,Confirmed (pin + address agree)
cus_59c1fc2b-e75,Gujarat,Rajkot,Rajkot,Samrat Industrial Area,Confirmed (pin + address agree)
cus_59c3a684-17d,Maharashtra,Mumbai,Mumbai,Malad,From sheet text only
cus_59c4332f-2cb,Madhya Pradesh,Indore,Indore,Sirpur,Confirmed (pin + address agree)
cus_59c527a8-21b,Maharashtra,Mumbai,Mumbai,Dahisar East,Confirmed (pin + address agree)
cus_59d15cc0-e20,Maharashtra,Mumbai,Mumbai,Borivali,Confirmed (pin + address agree)
cus_59d3d88a-2d6,Gujarat,Rajkot,Morbi,Sardar Nagar,Confirmed (pin + address agree)
cus_59d759d7-d49,Madhya Pradesh,Indore,Indore,Sukhlia,From address only (no pin)
cus_59dc0def-2d6,Kerala,Palakkad,Pattambi,,Confirmed (pin + address agree)
cus_59f045fc-794,Madhya Pradesh,Jabalpur,Jabalpur,Wright Town,Check: pin and address disagree
cus_59f4f763-7f5,Maharashtra,Pune,Pune,Kothrud,From sheet text only
cus_59f80a67-362,Odisha,Khorda,Bhubaneswar,Balipada,From pin only
cus_59fc8000-a75,Madhya Pradesh,Indore,Jamburdi Hapsi,Nainod Village,Check: pin and address disagree
cus_59ff38b1-db8,Madhya Pradesh,Jabalpur,Jabalpur,Vikas Nagar,Confirmed (pin + address agree)
cus_5a05e4d3-8c7,Odisha,Cuttack,Cuttack,LIC Colony,Confirmed (pin + address agree)
cus_5a10a9bc-81d,Madhya Pradesh,Indore,Indore,Niranjanpur,Confirmed (pin + address agree)
cus_5a152ef8-192,Kerala,Pathanamthitta,Pathanamthitta,Chittoor,Confirmed (pin + address agree)
cus_5a1daa10-1d5,Odisha,Ganjam,Hinjilicut,Hinjillikatu,Confirmed (pin + address agree)
cus_5a1e5864-6bb,Rajasthan,Jaipur,Bassi,Bassi Mod,Confirmed (pin + address agree)
cus_5a2fbb3b-7d7,Rajasthan,Kota,Kota,Rangbari,Confirmed (pin + address agree)
cus_5a30ac3a-d14,Odisha,Ganjam,Ganjam,Bada Bazar,Confirmed (pin + address agree)
cus_5a49c3dd-75b,Kerala,Kozhikode,Maniyur,Gmh3Q52,Confirmed (pin + address agree)
cus_5a50a833-7df,Rajasthan,Jaipur,Jaipur,Pratap Nagar,Confirmed (pin + address agree)
cus_5a5d52bc-b41,Rajasthan,Jaipur,Jaipur,Daulatpura,Confirmed (pin + address agree)
cus_5a6a8e2a-088,Maharashtra,Thane,Thane,Gharivali,Confirmed (pin + address agree)
cus_5a6f10a5-7e7,Kerala,Ernakulam,Kochi,Ernakulam,Confirmed (pin + address agree)
cus_5a785d48-f3e,Madhya Pradesh,Mandsaur,Udpura,,Check: pin and address disagree
cus_5a8f6ff1-5ee,Odisha,Khorda,Bhubaneswar,Chandrasekharpur,Confirmed (pin + address agree)
cus_5a948ced-580,Puducherry,Mahe,Mahe,L.P.School Parakkal,From sheet text only
cus_5a9b12be-081,Maharashtra,Palghar,Palghar,Vevoor,From address only (no pin)
cus_5aa89498-7a7,Maharashtra,Thane,Bhiwandi,Dapode,From address only (no pin)
cus_5ab0c0ae-6a6,Kerala,Kozhikode,Katameri,Thanneerpanthal,Confirmed (pin + address agree)
cus_5abb2ce6-44a,Maharashtra,Solapur,Karmala,Vetal Peth,Confirmed (pin + address agree)
cus_5adadc49-280,Maharashtra,Nagpur,Nagpur,Shantinagar Colony,Confirmed (pin + address agree)
cus_5ae9dff7-3f5,Rajasthan,Jaipur,Jaipur,Govardhan Nagar,Confirmed (pin + address agree)
cus_5af3f1f8-929,Rajasthan,Ajmer,Ajmer,Makhupura Industrial Area,From address only (no pin)
cus_5af43dd9-e16,Maharashtra,Pune,Pimpri-Chinchwad,Bhosari,From sheet text only
cus_5af7d430-fa3,Maharashtra,Thane,Dombivli,,From sheet text only
cus_5b11200c-615,Rajasthan,Hanumangarh,Hanumangarh,Mukherjee Colony,From address only (no pin)
cus_5b1d72f6-3f5,Maharashtra,Thane,Dombivli,Thakurli,Confirmed (pin + address agree)
cus_5b252ffd-494,Maharashtra,Thane,Thane,Daighar Gaon,Confirmed (pin + address agree)
cus_5b29be3d-501,Madhya Pradesh,Bhopal,Bhopal,Peer Gate Area,Confirmed (pin + address agree)
cus_5b3224b9-b74,Kerala,Palakkad,Perintalmanna,Koppam,From pin only
cus_5b3b5e9f-f10,Maharashtra,Nagpur,Nagpur,Lakadganj,Confirmed (pin + address agree)
cus_5b40d076-f09,Rajasthan,Ajmer,Bijainagar,,Confirmed (pin + address agree)
cus_5b425054-c16,Maharashtra,Nagpur,Nagpur,Itwari,From address only (no pin)
cus_5b57ec1b-cbb,Odisha,Cuttack,Cuttack,Gobara,From sheet text only
cus_5b5878c6-027,Rajasthan,Jaipur,Jaipur,Vaishali Nagar,Confirmed (pin + address agree)
cus_5b5ce3df-112,Odisha,Ganjam,Brahmapur,Triveni Nagar,Confirmed (pin + address agree)
cus_5b5d5c09-6f6,Madhya Pradesh,Jabalpur,Jabalpur,Dhanvantari Nagar,Confirmed (pin + address agree)
cus_5b646cdc-595,Gujarat,Rajkot,Morbi,Sardar Nagar,Confirmed (pin + address agree)
cus_5b667c33-e47,Madhya Pradesh,Bhopal,Bhopal,,From sheet text only
cus_5b691828-dfb,Madhya Pradesh,Burhanpur,Burhanpur,Monin Pura,From address only (no pin)
cus_5b861b11-b84,Kerala,Thiruvananthapuram,Varkala,,Check: pin and address disagree
cus_5b885369-19a,Kerala,Kozhikode,Kozhikode,Bilathikkulam,Confirmed (pin + address agree)
cus_5b977b88-a3e,Madhya Pradesh,Indore,Indore,Daulatganj,Confirmed (pin + address agree)
cus_5b986799-512,Maharashtra,Mumbai,Mumbai,Kandivali West,From address only (no pin)
cus_5ba1c305-cd0,Maharashtra,Chandrapur,Chandrapur,Bazar Ward,From address only (no pin)
cus_5baabb99-746,Madhya Pradesh,Hoshangabad,Narmadapuram,Malakhedi,Confirmed (pin + address agree)
cus_5bb188f3-d4a,Maharashtra,Thane,Thane,Thane West,Confirmed (pin + address agree)
cus_5bbac390-9f8,Rajasthan,Bhilwara,Bhilwara,Pratap Nagar,Confirmed (pin + address agree)
cus_5bbc9546-cbd,Rajasthan,Jaipur,Jaipur,Jhotwara,Confirmed (pin + address agree)
cus_5bbdf3a3-492,Kerala,Thiruvananthapuram,Attingal,Kizhakkupuram,Confirmed (pin + address agree)
cus_5bd62543-c4e,Maharashtra,Mumbai,Mumbai,Kandivali West,Confirmed (pin + address agree)
cus_5bd94eb5-d4f,Maharashtra,Thane,Badlapur,Sanewadi,Confirmed (pin + address agree)
cus_5bdbc9e1-708,Madhya Pradesh,Bhopal,Bhopal,JP Nagar,Confirmed (pin + address agree)
cus_5beaa3ee-a43,Odisha,Khorda,Bhubaneswar,Mancheswar Industrial Estate,Confirmed (pin + address agree)
cus_5bf2c3f6-6f0,Maharashtra,Thane,Kalyan,Dudh Nakah,Confirmed (pin + address agree)
cus_5bf4f212-a0a,Maharashtra,Mumbai,Mumbai,Malad West,Confirmed (pin + address agree)
cus_5bf6d5c2-674,Gujarat,Rajkot,Morbi,Sardar Nagar,Confirmed (pin + address agree)
cus_5c068856-703,Madhya Pradesh,Jabalpur,Jabalpur,Uprainganj,Confirmed (pin + address agree)
cus_5c11ebd1-11c,Gujarat,Rajkot,Morbi,Sardar Nagar,Confirmed (pin + address agree)
cus_5c1704a3-554,Rajasthan,Jaipur,Jaipur,Jhotwara,Confirmed (pin + address agree)
cus_5c17384b-dab,Maharashtra,Thane,Dombivli,Dombivli East,From address only (no pin)
cus_5c192568-edf,Madhya Pradesh,Indore,Indore,,From sheet text only
cus_5c1cf0d8-fe1,Odisha,Kendujhar,Kendujhar,Kendujhar Sadar,From pin only
cus_5c1ecee2-4db,Maharashtra,Thane,Ambernath,New Balaji Nagar,Confirmed (pin + address agree)
cus_5c270324-ad0,Rajasthan,Ajmer,Ajmer,Gandhi Nagar,Confirmed (pin + address agree)
cus_5c30ab36-c65,Kerala,Malappuram,Manjeri,Karuvambram,Confirmed (pin + address agree)
cus_5c320500-0d0,Rajasthan,Bhilwara,Bhilwara,Bhopal Ganj,Confirmed (pin + address agree)
cus_5c437149-821,Maharashtra,Nanded,Nanded,Kautha,Confirmed (pin + address agree)
cus_5c4bea20-115,Tamil Nadu,Nilgiris,Coonoor,Grays Hill,Confirmed (pin + address agree)
cus_5c4ed30c-944,Maharashtra,Mumbai,Mumbai,Malad West,Confirmed (pin + address agree)
cus_5c54484c-145,Maharashtra,Palghar,Vasai,Vasai East,Confirmed (pin + address agree)
cus_5c5a7845-91a,Maharashtra,Palghar,Vasai,Vasai East,Confirmed (pin + address agree)
cus_5c5e283d-800,Gujarat,Mahesana,Mansa,,From sheet text only
cus_5c613709-20a,Rajasthan,Jaipur,Jaipur,Kanakpura,Confirmed (pin + address agree)
cus_5c61419b-57d,Maharashtra,Nagpur,Nagpur,Dighori,From pin only
cus_5c623ee5-275,Maharashtra,Mumbai,Mumbai,Dahisar East,Confirmed (pin + address agree)
cus_5c62b97c-925,Maharashtra,Solapur,Solapur,Ganesh Nagar,Confirmed (pin + address agree)
cus_5c703db9-a13,Madhya Pradesh,Indore,Indore,Vijay Nagar,Confirmed (pin + address agree)
cus_5ca9f982-f02,Maharashtra,Thane,Dombivli,Dombivli East,Confirmed (pin + address agree)
cus_5cb22e01-b5d,Kerala,Kozhikode,Kannookkara,Madappallly,From pin only
cus_5cb5c734-8a4,Rajasthan,Jaipur,Jaipur,Shastri Nagar,Confirmed (pin + address agree)
cus_5cb72494-c03,Madhya Pradesh,Raisen,Raisen,,Confirmed (pin + address agree)
cus_5cc597f2-09b,Rajasthan,Kota,Kota,Talwandi,Confirmed (pin + address agree)
cus_5cd64989-5df,Maharashtra,Mumbai,Mumbai,Borivali West,Confirmed (pin + address agree)
cus_5cdf75a8-a5c,Maharashtra,Palghar,Vasai,Vasai East,Confirmed (pin + address agree)
cus_5ce868f7-14c,Gujarat,Rajkot,Rajkot,Bhakti Nagar,Confirmed (pin + address agree)
cus_5ce8be97-0f6,Maharashtra,Kolhapur,Kolhapur,Kavlapur,Confirmed (pin + address agree)
cus_5ceff3d5-a3e,Maharashtra,Thane,Wagle Estate,Wagle Estate,Not locatable
cus_5cf45f66-9b6,Madhya Pradesh,West Nimar,Khargone,Saraswati Nagar,Confirmed (pin + address agree)
cus_5d068a88-eb8,Madhya Pradesh,Jabalpur,Jabalpur,Karmeta,Confirmed (pin + address agree)
cus_5d0faef8-41b,Madhya Pradesh,Bhopal,Bhopal,,Confirmed (pin + address agree)
cus_5d263545-a88,Kerala,Kannur,Thalassery,Chalil,Confirmed (pin + address agree)
cus_5d2d35d2-b5a,Maharashtra,Nagpur,Nagpur,Besa,Confirmed (pin + address agree)
cus_5d31b94d-17e,Madhya Pradesh,Ratlam,Jaora,,Confirmed (pin + address agree)
cus_5d35de7b-13b,Kerala,Palakkad,Palakkad,Nurani,Confirmed (pin + address agree)
cus_5d3a01e3-678,Chhattisgarh,Korba,Korba,,Confirmed (pin + address agree)
cus_5d45bd94-b8f,Odisha,Cuttack,Cuttack,Naya Bazaar,Confirmed (pin + address agree)
cus_5d4637f5-491,Odisha,Khorda,Bhubaneswar,Baragarh,Confirmed (pin + address agree)
cus_5d47b1e5-84a,Maharashtra,Mumbai,Mumbai,Malad West,Confirmed (pin + address agree)
cus_5d4b9b6d-d74,Maharashtra,Thane,Dombivli,Dombivli West,Confirmed (pin + address agree)
cus_5d4e7093-7ee,Rajasthan,Ajmer,Kishangarh,Madanganj,Check: pin and address disagree
cus_5d5f1eb4-3fd,Odisha,Ganjam,Brahmapur,Baidiya Nath Pur,Check: pin and address disagree
cus_5d5f7299-846,Maharashtra,Nagpur,Nagpur,Jhopad,Confirmed (pin + address agree)
cus_5d6c6f4d-f42,Rajasthan,Kota,Kota,Electricity Board Area,Confirmed (pin + address agree)
cus_5d755383-e91,Madhya Pradesh,Dewas,Dewas,Gomti Nagar,Confirmed (pin + address agree)
cus_5d83dea2-c45,Rajasthan,Jodhpur,Jodhpur,Paota,Confirmed (pin + address agree)
cus_5d85b47a-d04,Maharashtra,Thane,Kalyan,Khadakpada,Confirmed (pin + address agree)
cus_5d8e40e2-559,Maharashtra,Thane,Dombivli,Dombivli West,Confirmed (pin + address agree)
cus_5d8fe2ad-cb3,Maharashtra,Thane,Ambernath,Vandrapada,Confirmed (pin + address agree)
cus_5dafbef0-69e,Madhya Pradesh,Indore,Indore,Chandan Nagar,Confirmed (pin + address agree)
cus_5db883b5-d5e,Maharashtra,Palghar,Nala Sopara,,From pin only
cus_5dbabac0-ca0,Madhya Pradesh,Betul,Betul,Kothi Bazar,From address only (no pin)
cus_5dbb4bf6-212,Rajasthan,Barmer,Barmer,,From sheet text only
cus_5dc666f9-02b,Maharashtra,Palghar,Vasai,Vasai East,Confirmed (pin + address agree)
cus_5dca9cd9-7fd,Maharashtra,Thane,Kalyan,,From sheet text only
cus_5dd0a66c-858,Maharashtra,Pune,Pimpri-Chinchwad,Talawade,From sheet text only
cus_5dd6594e-964,Kerala,Kannur,Thalassery,,From pin only
cus_5de6b370-6ef,Odisha,Cuttack,Cuttack,Rajendra Nagar,Confirmed (pin + address agree)
cus_5de79fac-80b,Maharashtra,Solapur,Solapur,Rangraj Nagar,Confirmed (pin + address agree)
cus_5dee754c-026,Odisha,Sundergarh,Rourkela,Civil Township,Confirmed (pin + address agree)
cus_5dfdfb23-92b,Madhya Pradesh,Dewas,Dewas,,From sheet text only
cus_5e1128f6-ba5,Madhya Pradesh,Indore,Indore,,Confirmed (pin + address agree)
cus_5e1f81b0-c7a,Madhya Pradesh,Indore,Indore,,Confirmed (pin + address agree)
cus_5e244fc0-3ed,Maharashtra,Kolhapur,Kolhapur,Y.P.Powar nagar,Confirmed (pin + address agree)
cus_5e2b1a8a-4cd,Maharashtra,Pune,Pimpri-Chinchwad,Bhosari,From sheet text only
cus_5e3e442c-411,Dadra and Nagar Haveli and Daman and Diu,Daman,Vapi,Gidc,Confirmed (pin + address agree)
cus_5e428acf-fee,Kerala,Kozhikode,Kozhikode,Bilathikkulam,Confirmed (pin + address agree)
cus_5e48bf14-a9a,Odisha,Bhadrak,Charampa,,Confirmed (pin + address agree)
cus_5e4ef09b-95f,Gujarat,Rajkot,Rajkot,,Confirmed (pin + address agree)
cus_5e889955-e2f,Kerala,Kozhikode,Mundikkathazham,,From sheet text only
cus_5e88f9dd-75a,Madhya Pradesh,Indore,Indore,Sudama Nagar,Check: pin and address disagree
cus_5e8b459f-d44,Maharashtra,Akola,Akola,,From sheet text only
cus_5e9201d2-52f,Odisha,Khorda,Bhubaneswar,Arya Village,Confirmed (pin + address agree)
cus_5e9ecbf8-3eb,Maharashtra,Solapur,Vairagya,,From sheet text only
cus_5ea32d37-839,Madhya Pradesh,Indore,Indore,Banganga,Confirmed (pin + address agree)
cus_5eb01716-dce,Rajasthan,Tonk,Tonk,Maratha Colony,Confirmed (pin + address agree)
cus_5eb054dd-626,Maharashtra,Sangli,Islampur,,From pin only
cus_5eb7a74a-fdb,Maharashtra,Palghar,Boisar,,From address only (no pin)
cus_5ec9b002-a31,Maharashtra,Buldhana,Malkapur,Old- Town,Confirmed (pin + address agree)
cus_5ed0fc72-cff,Maharashtra,Thane,Thane,Mumbra,Confirmed (pin + address agree)
cus_5ee16138-197,Maharashtra,Thane,Thane,Upvan,From sheet text only
cus_5ee489d3-e72,Madhya Pradesh,Indore,Indore,Kanadiya,From pin only
cus_5ee9579f-aff,Kerala,Kasargod,Kanhangad,Cheruvathur,From pin only
cus_5eea71c5-fe1,Odisha,Ganjam,Ganjam,Raul,From pin only
cus_5efe770b-b3f,Maharashtra,Kolhapur,Kolhapur,,From sheet text only
cus_5eff0609-655,Odisha,Sambalpur,Sambalpur,Bareipali,Confirmed (pin + address agree)
cus_5f0315f9-2aa,Rajasthan,Jaipur,Jaipur,Shyam Nagar,Confirmed (pin + address agree)
cus_5f053dc7-850,Maharashtra,Nagpur,Nagpur,Wadi,Confirmed (pin + address agree)
cus_5f0a7a2d-895,Rajasthan,Jaipur,Jaipur,Sumel,Confirmed (pin + address agree)
cus_5f0f0781-4ea,Maharashtra,Jalgaon,Jalgaon,Shahunagar,From address only (no pin)
cus_5f1149bc-81e,Madhya Pradesh,Indore,Indore,Palda,Confirmed (pin + address agree)
cus_5f1e489b-0a9,Madhya Pradesh,Indore,Indore,Chandan Nagar,Confirmed (pin + address agree)
cus_5f1f919b-02e,Kerala,Pathanamthitta,Thiruvalla,Ramanchira,Confirmed (pin + address agree)
cus_5f245d39-8a1,Rajasthan,Jodhpur,Jodhpur,Paota,From address only (no pin)
cus_5f258d4a-2af,Maharashtra,Thane,Bhiwandi,,Confirmed (pin + address agree)
cus_5f331504-33d,Rajasthan,Jodhpur,Jodhpur,Bhadu Market,Confirmed (pin + address agree)
cus_5f42a1c2-32a,Maharashtra,Palghar,Vasai,Vasai West,Confirmed (pin + address agree)
cus_5f5cad71-17d,Madhya Pradesh,Bhopal,Bhopal,Gyan Kunj,Confirmed (pin + address agree)
cus_5f657c7e-d5e,Rajasthan,Sikar,Sikar,Jat Colony,Confirmed (pin + address agree)
cus_5f85bdd6-e8d,Kerala,Thiruvananthapuram,Thiruvananthapuram,Cxwwfw3,From pin only
cus_5f9137c0-f16,Rajasthan,Tonk,Tonk,Rajban,Confirmed (pin + address agree)
cus_5fca057d-f63,Odisha,Khorda,Bhubaneswar,Rasulgarh,Confirmed (pin + address agree)
cus_5fe16610-04f,Kerala,Kozhikode,Menhaniam,Muliyangal,From pin only
cus_5fffcd31-01e,Maharashtra,Raigad,Raigad,Taloja,Confirmed (pin + address agree)
cus_6013f3b9-064,Maharashtra,Sangli,Sangli,Abhay Nagar,Confirmed (pin + address agree)
cus_603d629c-ec1,Kerala,Kozhikode,Kozhikode,Calicut City,Confirmed (pin + address agree)
cus_605f2be2-c83,Maharashtra,Solapur,Tisangi,,From sheet text only
cus_6066d738-315,Madhya Pradesh,Indore,Indore,,Confirmed (pin + address agree)
cus_606a4cd1-378,Odisha,Cuttack,Cuttack,,From sheet text only
cus_6076e5fa-5ab,Rajasthan,Ajmer,Ajmer,Adarsh Nagar,Confirmed (pin + address agree)
cus_6084af2a-761,Odisha,Cuttack,Jagatpur,Vinayak Nagar,Confirmed (pin + address agree)
cus_6091f694-b78,Odisha,Khorda,Bhubaneswar,Nayapalli,Confirmed (pin + address agree)
cus_609633d3-b15,Madhya Pradesh,West Nimar,Khargone,Jawahar Nagar,Confirmed (pin + address agree)
cus_609c8183-429,Maharashtra,Thane,Thane,,From sheet text only
cus_60a75205-544,Karnataka,Bengaluru,Bengaluru,Yelahanka New Town,Confirmed (pin + address agree)
cus_60aa1e74-d23,Maharashtra,Palghar,Boisar,Awadh Nagar,Check: pin and address disagree
cus_60be27ca-27b,Kerala,Thiruvananthapuram,Nemom,,Confirmed (pin + address agree)
cus_60d10754-21e,Rajasthan,Jodhpur,Jodhpur,Saran Nagar,Confirmed (pin + address agree)
cus_60d2a130-6bd,Madhya Pradesh,Indore,Indore,Dwarkapuri,Confirmed (pin + address agree)
cus_60d32e8b-0d3,Kerala,Kasargod,Kanhangad,Puthiyavalapu,Confirmed (pin + address agree)
cus_60d7b963-01e,Madhya Pradesh,East Nimar,Khandwa,Ghaspura,Confirmed (pin + address agree)
cus_60e152f3-4a0,Maharashtra,Nagpur,Nagpur,Itwari,Confirmed (pin + address agree)
cus_6103a89f-69a,Madhya Pradesh,Indore,Indore,Siyaganj,Confirmed (pin + address agree)
cus_61064817-79d,Madhya Pradesh,Raisen,Raisen,Radha Krishna Puram,From pin only
cus_610e6b51-ac0,Odisha,Ganjam,Brahmapur,Triveni Nagar,Confirmed (pin + address agree)
cus_611493df-fca,Maharashtra,Thane,Thane,Katai Village,Confirmed (pin + address agree)
cus_612a4747-d83,Madhya Pradesh,Jabalpur,Jabalpur,Gohalpur,Confirmed (pin + address agree)
cus_6144920b-fc2,Rajasthan,Sikar,Reengus,,Confirmed (pin + address agree)
cus_6161d63f-ce8,Maharashtra,Thane,Ambernath,Vandrapada,Confirmed (pin + address agree)
cus_6162af5d-cf9,Rajasthan,Kota,Kota,Bhimganj Mandi,Confirmed (pin + address agree)
cus_61706e8e-385,Maharashtra,Palghar,Nala Sopara,,From pin only
cus_6173488e-c94,Kerala,Kozhikode,Kozhikode,West Hill,Confirmed (pin + address agree)
cus_6174d04d-c57,Kerala,Kasargod,Kanhangad,Cheruvathur,From pin only
cus_61762e59-bcf,Maharashtra,Thane,Thane,,Confirmed (pin + address agree)
cus_617f25b8-ade,Rajasthan,Jaipur,Bassi,,Confirmed (pin + address agree)
cus_61841f17-d4b,Rajasthan,Ajmer,Bijainagar,,Confirmed (pin + address agree)
cus_61a94a78-39f,Maharashtra,Mumbai,Mumbai,Malad West,Confirmed (pin + address agree)
cus_61c11831-71a,Madhya Pradesh,Raisen,Bhopal,Mandideep,Confirmed (pin + address agree)
cus_61c9cb8a-431,Madhya Pradesh,Indore,Indore,Pipliya Kumar,Confirmed (pin + address agree)
cus_61cc1b2f-ee1,Maharashtra,Solapur,Solapur,Jule,Check: pin and address disagree
cus_61e64b64-ab5,Maharashtra,Pune,Pune,Mundhwa,Confirmed (pin + address agree)
cus_61ef83d8-dda,Madhya Pradesh,Indore,Indore,Lasudia Mori,Confirmed (pin + address agree)
cus_61feec48-472,Gujarat,Rajkot,Shapar,,Check: pin and address disagree
cus_620c8bcc-35c,Rajasthan,Chittorgarh,Chittorgarh,,From sheet text only
cus_62131021-ccf,Odisha,Cuttack,Cuttack,Tulsipur,Confirmed (pin + address agree)
cus_621c74b1-680,Maharashtra,Thane,Kalyan,Gauripada,From address only (no pin)
cus_6227b75a-936,Madhya Pradesh,Bhopal,Bhopal,Karond,Confirmed (pin + address agree)
cus_622a6e1b-ccb,Maharashtra,Palghar,Vasai,,From pin only
cus_623cef7d-e07,Kerala,Thiruvananthapuram,Nedumangad,Pazhakutty,Confirmed (pin + address agree)
cus_624b271f-c51,Maharashtra,Thane,Dombivli,,From sheet text only
cus_624c8734-716,Rajasthan,Pali,Pali,,From sheet text only
cus_624f1d2b-19d,Madhya Pradesh,Indore,Indore,,Confirmed (pin + address agree)
cus_6254cd2d-978,Madhya Pradesh,Indore,Indore,Barfani Dham,Confirmed (pin + address agree)
cus_626328bf-445,Maharashtra,Palghar,Boisar,,From address only (no pin)
cus_626397f2-6f1,Maharashtra,Palghar,Vasai,Vasai East,From sheet text only
cus_62687b3c-fcc,Maharashtra,Nagpur,Nagpur,Ganeshpeth Colony,Confirmed (pin + address agree)
cus_6269ea01-fab,Maharashtra,Thane,Dombivli,Dombivli East,Confirmed (pin + address agree)
cus_626b33f8-653,Maharashtra,Thane,Badlapur,Belavali,Confirmed (pin + address agree)
cus_628ffb7d-1cc,Madhya Pradesh,Indore,Indore,,From sheet text only
cus_6293c019-0a6,Karnataka,Bengaluru,Bengaluru,Yelahanka,Confirmed (pin + address agree)
cus_62979727-d6c,Maharashtra,Nagpur,Nagpur,Ashirwad Nagar,Confirmed (pin + address agree)
cus_62a80934-ab5,Maharashtra,Nagpur,Nagpur,Gandhibagh,Confirmed (pin + address agree)
cus_62b0c02a-3ea,Maharashtra,Thane,Kalyan,Khadakpada,Confirmed (pin + address agree)
cus_62b5cb32-998,Madhya Pradesh,Dewas,Dewas,Gomti Nagar,Confirmed (pin + address agree)
cus_62bbdf6d-108,Maharashtra,Palghar,Palghar,Vishnu Nagar,From address only (no pin)
cus_62cde10e-0e2,Madhya Pradesh,Indore,Indore,Nagin Nagar,Confirmed (pin + address agree)
cus_62f770ab-474,Kerala,Kozhikode,Villiappally,Kurikkilad,Confirmed (pin + address agree)
cus_63018698-40a,Maharashtra,Kolhapur,Kolhapur,Shahupuri,Confirmed (pin + address agree)
cus_6310d433-be7,Maharashtra,Nagpur,Nagpur,Manewada,Confirmed (pin + address agree)
cus_6311eb7c-09d,Madhya Pradesh,Indore,Indore,Palsikar Colony,Confirmed (pin + address agree)
cus_631a5714-01e,Madhya Pradesh,Jabalpur,Mohas,,Confirmed (pin + address agree)
cus_6326480b-bbb,Madhya Pradesh,Vidisha,Vidisha,Dabar,Confirmed (pin + address agree)
cus_632e4726-eb8,Gujarat,Rajkot,Rajkot,Gundavadi,Confirmed (pin + address agree)
cus_633705f5-2d9,Kerala,Kozhikode,Azhiyur,Tikkoti,From pin only
cus_633bd0d8-6ff,Maharashtra,Palghar,Boisar,,From sheet text only
cus_635491db-2ca,Maharashtra,Palghar,Virar,Virar East,From sheet text only
cus_635f6881-2ef,Madhya Pradesh,Jabalpur,Jabalpur,Ghamapur,Confirmed (pin + address agree)
cus_63609411-ead,Gujarat,Rajkot,Morbi,Sardar Nagar,Confirmed (pin + address agree)
cus_63617502-9bc,Rajasthan,Bhilwara,Bhilwara,Bhopal Ganj,Confirmed (pin + address agree)
cus_63685614-06e,Kerala,Alappuzha,Alappuzha,Sea View Ward,Confirmed (pin + address agree)
cus_638335a5-6c1,Maharashtra,Thane,Kalyan,Kongaon,From pin only
cus_63854ce2-5e3,Kerala,Kannur,Thalassery,Qfc92Wh,From pin only
cus_6396b42c-185,Madhya Pradesh,Dhar,Pithampur,,From sheet text only
cus_63a40876-c16,Maharashtra,Thane,Ulhasnagar,Vitthalwadi,Confirmed (pin + address agree)
cus_63bc052c-7dc,Kerala,Thiruvananthapuram,Kulathummal,Kallikkad,From pin only
cus_63bd1612-aad,Gujarat,Rajkot,Rajkot,Bhakti Nagar,Confirmed (pin + address agree)
cus_63bf1f29-e1a,Maharashtra,Nagpur,Nagpur,Kalmana,Confirmed (pin + address agree)
cus_63c4219e-674,Madhya Pradesh,Neemuch,Neemuch,,Confirmed (pin + address agree)
cus_63c8cf73-dd9,Maharashtra,Thane,Thane,Thane West,Confirmed (pin + address agree)
cus_63d1a682-531,Madhya Pradesh,Sehore,Sehore,Industrial Colony,Confirmed (pin + address agree)
cus_63d7d7b5-e58,Maharashtra,Nagpur,Nagpur,Prakash Nagar,Confirmed (pin + address agree)
cus_63e760b5-591,Madhya Pradesh,Indore,Indore,CAT Square,Confirmed (pin + address agree)
cus_63f26337-78c,Maharashtra,Palghar,Mira-Bhayandar,,Confirmed (pin + address agree)
cus_63f2d1b0-411,Gujarat,Valsad,Vapi,Gidc,Check: pin and address disagree
cus_63f4fdeb-99e,Maharashtra,Thane,Dombivli,Devicha Pada,Confirmed (pin + address agree)
cus_63f5fcf1-1e0,Madhya Pradesh,Indore,Indore,Sachidanand Nagar,Confirmed (pin + address agree)
cus_63fc731c-519,Madhya Pradesh,Jabalpur,Jabalpur,Rampur,Confirmed (pin + address agree)
cus_63fe9f3b-080,Madhya Pradesh,Indore,Indore,,Confirmed (pin + address agree)
cus_63fec437-e8b,Maharashtra,Raigad,Khopoli,Khalapur,From pin only
cus_63fee5ba-e66,Odisha,Kendrapara,Gulnagar,,Confirmed (pin + address agree)
cus_642cf127-1c9,Madhya Pradesh,Hoshangabad,Narmadapuram,Housing Board Colony,Confirmed (pin + address agree)
cus_64309503-aa1,Maharashtra,Thane,Badlapur,Kulgaon,Confirmed (pin + address agree)
cus_6432168d-ac3,Goa,South Goa,Margao,Pajifond,Confirmed (pin + address agree)
cus_6438445f-b63,Maharashtra,Palghar,Vasai,Vasai East,From sheet text only
cus_644c41ed-0a1,Madhya Pradesh,Jabalpur,Jabalpur,Napier Town,Confirmed (pin + address agree)
cus_644cc9a6-04d,Rajasthan,Jaipur,Jaipur,Vidyadhar Nagar,Confirmed (pin + address agree)
cus_64561608-c0d,Madhya Pradesh,Indore,Indore,Badi Bhamori,Confirmed (pin + address agree)
cus_645a54b5-c38,Maharashtra,Palghar,Khaira,,Check: pin and address disagree
cus_645d3819-ebc,Maharashtra,Thane,Thane,Ambivali West,From pin only
cus_646290fc-01b,Madhya Pradesh,Sagar,Sagar,Gujarati Bazaar,Confirmed (pin + address agree)
cus_6478864a-450,Rajasthan,Ajmer,Beawar,Kisan Ganj,Confirmed (pin + address agree)
cus_647ec1a7-b21,Maharashtra,Solapur,Solapur,Budhavar Peth,Confirmed (pin + address agree)
cus_64839619-6a8,Maharashtra,Palghar,Virar,Virar East,Confirmed (pin + address agree)
cus_648d06d6-d44,Madhya Pradesh,Indore,Indore,Noorani Nagar,Confirmed (pin + address agree)
cus_64a13984-52b,Maharashtra,Raigad,Raigad,Kharghar,Confirmed (pin + address agree)
cus_64a76073-bca,Maharashtra,Thane,Bhiwandi,Gokul Nagar,Confirmed (pin + address agree)
cus_64ae758e-a4b,Maharashtra,Palghar,Nala Sopara,,From pin only
cus_64afd233-521,Madhya Pradesh,Jabalpur,Jabalpur,Madan Mahal,Confirmed (pin + address agree)
cus_64b0dcf2-0c9,Rajasthan,Jodhpur,Jodhpur,Sardarpura,Confirmed (pin + address agree)
cus_64bf9e0a-891,Maharashtra,Palghar,Nala Sopara,,From sheet text only
cus_64d165cd-711,Madhya Pradesh,Hoshangabad,Narmadapuram,Jalalabad,Confirmed (pin + address agree)
cus_64d31742-b48,Maharashtra,Palghar,Virar,Virar East,Confirmed (pin + address agree)
cus_64dacf52-768,Madhya Pradesh,Indore,Indore,South Tukoganj,Confirmed (pin + address agree)
cus_64e75d9a-e6e,Maharashtra,Thane,Ulhasnagar,Krishna Nagar,Confirmed (pin + address agree)
cus_64f27b61-14c,Madhya Pradesh,Indore,Indore,Chandan Nagar,Confirmed (pin + address agree)
cus_64f41503-74f,Gujarat,Rajkot,Rajkot,Navagam,Not locatable
cus_64ff1151-ef0,Kerala,Kannur,Chokli,Palloor,From pin only
cus_65098c76-94e,Maharashtra,Aurangabad,Chhatrapati Sambhajinagar,,From sheet text only
cus_65253285-3b0,Kerala,Malappuram,Kondotty,Kuruppath Junction,Confirmed (pin + address agree)
cus_652be461-378,Madhya Pradesh,Indore,Indore,Siyaganj,Confirmed (pin + address agree)
cus_65544932-82c,Dadra and Nagar Haveli and Daman and Diu,Daman,Vapi,Gidc,Confirmed (pin + address agree)
cus_6555d1e2-47d,Madhya Pradesh,Indore,Indore,Kabit Khedi,Confirmed (pin + address agree)
cus_6557c3ed-573,Madhya Pradesh,Bhopal,Bhopal,Maharana Pratap Nagar,Confirmed (pin + address agree)
cus_656b7c36-3bd,Maharashtra,Thane,Kalyan,Aundh,From pin only
cus_65797eed-487,Maharashtra,Thane,Padgha,Sape,From pin only
cus_657ebd0d-130,Rajasthan,Kota,Kota,Kaithuni Pole Kota,Confirmed (pin + address agree)
cus_658adfc0-041,Kerala,Kannur,New Mahe,Mahe,Check: pin and address disagree
cus_659215d1-80a,Madhya Pradesh,Indore,Indore,Indira Gandhi Nagar,Confirmed (pin + address agree)
cus_6594ee41-059,Maharashtra,Mumbai,Mumbai,Kandivali West,Confirmed (pin + address agree)
cus_659e46bc-fcb,Kerala,Kottayam,Changanassery,Puzhavathu,Confirmed (pin + address agree)
cus_65a2c61b-9ba,Rajasthan,Kota,Kota,Nayapura,From address only (no pin)
cus_65a2ece0-4e6,Madhya Pradesh,Jabalpur,Jabalpur,Rameshwaram Colony,From pin only
cus_65be1435-d15,Rajasthan,Jaipur,Jaipur,Pratap Nagar,Confirmed (pin + address agree)
cus_65cb4dfb-890,Rajasthan,Pali,Pali,Gandhi Colony,Confirmed (pin + address agree)
cus_65ce16e7-e86,Kerala,Kozhikode,Ulliyeri,,From pin only
cus_65d89d98-eb4,Odisha,Cuttack,Jagatpur,,Confirmed (pin + address agree)
cus_65eed871-0f9,Madhya Pradesh,Indore,Indore,Prabhu Nagar,From address only (no pin)
cus_65f91092-d68,Madhya Pradesh,Jabalpur,Jabalpur,Wright Town,Confirmed (pin + address agree)
cus_65fa6eed-abc,Maharashtra,Amravati,Amravati,Wahdat Nagar,Confirmed (pin + address agree)
cus_65fabf8b-acc,Gujarat,Rajkot,Rajkot,,Confirmed (pin + address agree)
cus_65fbfd9d-a29,Maharashtra,Palghar,Boisar,Mahavir Nagar,From address only (no pin)
cus_66032e1e-69b,Maharashtra,Thane,Bhiwandi,,From sheet text only
cus_66264515-c45,Kerala,Kozhikode,Kozhikode,Mananchira,Confirmed (pin + address agree)
cus_662c703d-ab0,Maharashtra,Palghar,Vasai,Vasai East,From sheet text only
cus_662cfc68-0fa,Kerala,Alappuzha,Alappuzha,Sea View Ward,Confirmed (pin + address agree)
cus_662e90e5-b58,Maharashtra,Raigad,Navghar,,Check: pin and address disagree
cus_6655fc81-19d,Maharashtra,Thane,Kalyan,Shivaji Colony,Confirmed (pin + address agree)
cus_665715d5-beb,Maharashtra,Palghar,Kalyan,Virar Phata,From pin only
cus_665822e3-493,Rajasthan,Jaipur,Jaipur,Jhotwara,Confirmed (pin + address agree)
cus_668295c6-a6f,Rajasthan,Jaipur,Jaipur,Jhotwara,Confirmed (pin + address agree)
cus_6689329a-b50,Maharashtra,Thane,Ambernath,Additional M.I.D.C,Confirmed (pin + address agree)
cus_668c4ff8-058,Rajasthan,Ajmer,Ajmer,Amar Bazar,From address only (no pin)
cus_66928eaf-482,Maharashtra,Palghar,Mira-Bhayandar,,From address only (no pin)
cus_66a2988a-c51,Madhya Pradesh,Indore,Mhow Gaon,Shanti Nagar,Confirmed (pin + address agree)
cus_66a81ac3-bc5,Maharashtra,Thane,Navi Mumbai,,From sheet text only
cus_66aa50e4-4fb,Rajasthan,Jaipur,Jaipur,Gopal Pura Mode,From address only (no pin)
cus_66ae5f93-b52,Kerala,Kozhikode,Vatakara,Edodi,Confirmed (pin + address agree)
cus_66b25f46-611,Odisha,Khorda,Bhubaneswar,Rasulgarh,Confirmed (pin + address agree)
cus_66b4f71a-0e2,Madhya Pradesh,Jabalpur,Jabalpur,Napier Town,Confirmed (pin + address agree)
cus_66c78b24-55e,Maharashtra,Solapur,Pandharpur,June Pat,Confirmed (pin + address agree)
cus_66caf931-7b9,Madhya Pradesh,Ujjain,Nagda,Prakash Nagar Colony,Confirmed (pin + address agree)
cus_66d18a6b-d6e,Maharashtra,Thane,Dombivli,Dombivli East,Confirmed (pin + address agree)
cus_66e3c9b1-371,Maharashtra,Thane,Badlapur,Katrap,Confirmed (pin + address agree)
cus_66fa9605-c18,Maharashtra,Thane,Bhiwandi,Kalher,Confirmed (pin + address agree)
cus_66fc6545-a35,Madhya Pradesh,Indore,Indore,Sanvid Nagar,Check: pin and address disagree
cus_66fdb01a-d73,Maharashtra,Palghar,Boisar,Awadh Nagar,From address only (no pin)
cus_6701f193-3c5,Rajasthan,Jodhpur,Jodhpur,Prem Nagar,From pin only
cus_6706dfb3-013,Maharashtra,Palghar,Nala Sopara,,From sheet text only
cus_671119ce-5a1,Maharashtra,Palghar,Boisar,Vanipada,From address only (no pin)
cus_6717bc6c-923,Rajasthan,Jaipur,Jaipur,Sanjay Nagar,From address only (no pin)
cus_671f00f7-ed6,Goa,South Goa,Vasco Da Gama,Vaddem,Confirmed (pin + address agree)
cus_672f4670-6c7,Maharashtra,Pune,Pune,Hadapsar,Confirmed (pin + address agree)
cus_673fdc7a-310,Maharashtra,Thane,Thane,Kalwa,From pin only
cus_674bff8c-e5e,Rajasthan,Jaipur,Jaipur,Jagatpura,Confirmed (pin + address agree)
cus_674c2417-717,Maharashtra,Thane,Murbad,,From sheet text only
cus_6753bbbd-24c,Rajasthan,Jodhpur,Jodhpur,,Confirmed (pin + address agree)
cus_6756847f-c7f,Maharashtra,Palghar,Vasai,Vasai East,Confirmed (pin + address agree)
cus_67701e50-d88,Odisha,Cuttack,Jagatpur,Jagatpur Industrial Estate,Confirmed (pin + address agree)
cus_679e9c36-630,Maharashtra,Palghar,Vasai,,From pin only
cus_67b2b0ec-ee9,Rajasthan,Jaipur,Jaipur,Sumel,Confirmed (pin + address agree)
cus_67ce0c40-f22,Kerala,Kannur,Mattannur,Indira Nagar,Confirmed (pin + address agree)
cus_67cff10d-5bf,Rajasthan,Jaipur,Jaipur,Bani Park,Confirmed (pin + address agree)
cus_67e0570e-327,Maharashtra,Thane,Bhiwandi,Ambadi Naka,From pin only
cus_67e5de5e-cd4,Goa,North Goa,Mapusa,Mapusa Municipal Market,Confirmed (pin + address agree)
cus_67faef8d-97e,Maharashtra,Pune,Pune,Ganesh Peth,Confirmed (pin + address agree)
cus_67fb1d7d-c1e,Rajasthan,Jodhpur,Jodhpur,Pratap Nagar,Confirmed (pin + address agree)
cus_6803091b-799,Rajasthan,Jaipur,Jaipur,Lalarpura,Confirmed (pin + address agree)
cus_6810aa0f-b52,Rajasthan,Ajmer,Ajmer,Adarsh Nagar,Confirmed (pin + address agree)
cus_6811e109-16a,Maharashtra,Wardha,Wardha,Mahadevpura,Confirmed (pin + address agree)
cus_681c8871-36d,Maharashtra,Thane,Thane,,From sheet text only
cus_68383eee-c29,Rajasthan,Ganganagar,Sri Ganganagar,Old Dhan Mandi,From address only (no pin)
cus_683d89d3-bf5,Madhya Pradesh,Indore,Indore,Biyabani,Confirmed (pin + address agree)
cus_684105d6-7ec,Maharashtra,Thane,Dombivli,Dombivli East,Confirmed (pin + address agree)
cus_684c80b6-ce4,Maharashtra,Solapur,Pandharpur,Chouphala,From address only (no pin)
cus_684f75e5-f04,Maharashtra,Sangli,Atpadi,Cwjmjq2,Confirmed (pin + address agree)
cus_685c4332-25b,Madhya Pradesh,Jabalpur,Jabalpur,Bengali Colony,Confirmed (pin + address agree)
cus_687c8375-959,Odisha,Khorda,Bhubaneswar,Patia,Confirmed (pin + address agree)
cus_687f129a-e00,Maharashtra,Palghar,Vasai,Vasai East,Confirmed (pin + address agree)
cus_68b2a69a-f77,Maharashtra,Thane,Thane,Diva,Confirmed (pin + address agree)
cus_68bfef54-b2e,Maharashtra,Mumbai,Mumbai,Malad East,Confirmed (pin + address agree)
cus_68d5537b-b88,Odisha,Khorda,Bhubaneswar,Nayapalli,Confirmed (pin + address agree)
cus_68d99acf-b8c,Goa,South Goa,Majorda,Goa,From pin only
cus_68dc9302-f89,Maharashtra,Palghar,Boisar,,From sheet text only
cus_68ddf188-4d3,Madhya Pradesh,Bhopal,Bhopal,,From sheet text only
cus_68f4589f-190,Madhya Pradesh,Jabalpur,Jabalpur,South Civil Lines,Confirmed (pin + address agree)
cus_6901db8a-bc4,Maharashtra,Thane,Dombivli,Dombivli East,Confirmed (pin + address agree)
cus_690ae90a-736,Odisha,Angul,Talcher,Dera,Check: pin and address disagree
cus_690c7c81-8f4,Rajasthan,Jaipur,Jaipur,Kanwar Nagar,Confirmed (pin + address agree)
cus_69401146-380,Rajasthan,Jaipur,Jaipur,Govindpura,From pin only
cus_694d6e78-5de,Kerala,Kozhikode,Koyilandy,Cmrw5H9,From pin only
cus_6950fa43-aa1,Maharashtra,Thane,Badlapur,Kharvai,Confirmed (pin + address agree)
cus_6953303c-277,Rajasthan,Bhilwara,Bhilwara,Bhopal Ganj,Confirmed (pin + address agree)
cus_6955f856-aed,Madhya Pradesh,Betul,Betul,Bajpur,Confirmed (pin + address agree)
cus_697a987a-cea,Maharashtra,Thane,Badlapur,Katrap,Confirmed (pin + address agree)
cus_697b3a19-b40,Kerala,Pathanamthitta,Pathanamthitta,Chittoor,Confirmed (pin + address agree)
cus_69c530e5-2c5,Rajasthan,Kota,Kota,Gumanpura,Confirmed (pin + address agree)
cus_69c7398f-b2f,Rajasthan,Jaipur,Jaipur,Mansarovar,Confirmed (pin + address agree)
cus_69ce8800-544,Odisha,Ganjam,Brahmapur,Manjari Nagar,Confirmed (pin + address agree)
cus_69ceee0b-276,Madhya Pradesh,Hoshangabad,Itarsi,Suraj Ganj,Confirmed (pin + address agree)
cus_69e80966-f61,Madhya Pradesh,Indore,Indore,,From pin only
cus_69ef6474-6b2,Rajasthan,Jaipur,Jaipur,Pink City,Confirmed (pin + address agree)
cus_69f00c94-ca2,Maharashtra,Nagpur,Nagpur,Vivekanand Nagar,Confirmed (pin + address agree)
cus_69fc9d69-507,Kerala,Kannur,Mattannur,Mattanur,Confirmed (pin + address agree)
cus_6a19b68a-8b2,Rajasthan,Jaipur,Jaipur,Vidyadhar Nagar,Confirmed (pin + address agree)
cus_6a1b8af6-759,Madhya Pradesh,Sehore,Sehore,Subeshnagar,Confirmed (pin + address agree)
cus_6a48f134-3ad,Maharashtra,Mumbai,Mumbai,Dahisar East,Confirmed (pin + address agree)
cus_6a4bde01-af7,Odisha,Koraput,Jeypore,,Confirmed (pin + address agree)
cus_6a4ddd4a-6c2,Gujarat,Rajkot,Rajkot,Bhakti Nagar,Confirmed (pin + address agree)
cus_6a6a14e0-ec2,Odisha,Dhenkanal,Dhenkanal,Ananda Nagar,Confirmed (pin + address agree)
cus_6a8fe893-e2c,Madhya Pradesh,Bhopal,Bhopal,Bagh Umrao Dulha,Confirmed (pin + address agree)
cus_6a91d858-f5c,Maharashtra,Thane,Thane,Thane West,Confirmed (pin + address agree)
cus_6a97bec1-314,Madhya Pradesh,Bhopal,Bhopal,,From sheet text only
cus_6a99d000-3e0,Maharashtra,Palghar,Vasai,Tamtalo,Confirmed (pin + address agree)
cus_6a9eed1b-8a4,Maharashtra,Nagpur,Nagpur,Chandrakiran Nagar,Confirmed (pin + address agree)
cus_6aba86f4-aab,Madhya Pradesh,Indore,Indore,Manglia,Confirmed (pin + address agree)
cus_6ac172e7-5f7,Madhya Pradesh,Sehore,Sehore,Swadesh Nagar,Confirmed (pin + address agree)
cus_6ac18d85-57a,Goa,South Goa,Ponda,Khadpabandh,Confirmed (pin + address agree)
cus_6ace5be2-e2a,Rajasthan,Jaipur,Jaipur,,From sheet text only
cus_6ad6ffa3-c1d,Karnataka,Bengaluru,Bengaluru,Virupakshapura,Confirmed (pin + address agree)
cus_6ad91937-dfa,Maharashtra,Thane,Bhiwandi,,From pin only
cus_6ae005b1-b65,Maharashtra,Thane,Kalyan,Syndicate,Confirmed (pin + address agree)
cus_6ae5324c-1a2,Maharashtra,Nagpur,Nagpur,Rameshwari,Confirmed (pin + address agree)
cus_6aec20ca-8d0,Maharashtra,Palghar,Nala Sopara,Nalasopara East,Check: pin and address disagree
cus_6aed0815-367,Maharashtra,Thane,Badlapur,Gaodevi,Confirmed (pin + address agree)
cus_6af9f5be-151,Kerala,Kozhikode,Kokkallur,Balussery,From pin only
cus_6b030a87-0c7,Madhya Pradesh,Dhar,Dhar,Pochaupati,Confirmed (pin + address agree)
cus_6b2002d5-6dc,Maharashtra,Amravati,Amravati,Maltekdi,From address only (no pin)
cus_6b273e3c-ef6,Odisha,Khorda,Bhubaneswar,Bapuji,Confirmed (pin + address agree)
cus_6b45c664-865,Kerala,Kozhikode,Nadapuram,Kuttiady,From pin only
cus_6b607d4b-e61,Madhya Pradesh,Indore,Indore,Sudama Nagar,Confirmed (pin + address agree)
cus_6b664ee0-a19,Madhya Pradesh,Bhopal,Bhopal,Indrapuri,Confirmed (pin + address agree)
cus_6b81d880-4a9,Maharashtra,Solapur,Malshiras,Malsiras,Confirmed (pin + address agree)
cus_6b84738c-b7c,Kerala,Idukki,Thodupuzha,Vpx9Hm,From pin only
cus_6b93998f-695,Madhya Pradesh,Dhar,Dhar,Pochaupati,Confirmed (pin + address agree)
cus_6ba8b3c2-639,Madhya Pradesh,Indore,Indore,Siyaganj,Confirmed (pin + address agree)
cus_6ba93663-0b4,Kerala,Kannur,Kidanhi,Mhvjfm2,Confirmed (pin + address agree)
cus_6bb8ae5b-3ac,Madhya Pradesh,Bhopal,Bhopal,Lalghati,Confirmed (pin + address agree)
cus_6bbf8e73-66d,Maharashtra,Jalna,Jalna,,From sheet text only
cus_6bc38069-061,Madhya Pradesh,Neemuch,Manasa,,Confirmed (pin + address agree)
cus_6be3a5bb-315,Madhya Pradesh,Dewas,Dewas,Agrawal Nagar,Confirmed (pin + address agree)
cus_6be46263-597,Odisha,Khorda,Bhubaneswar,Kesora,From pin only
cus_6bf584a8-2ef,Rajasthan,Jhalawar,Kota,Rampura,Confirmed (pin + address agree)
cus_6bf7e8f1-41e,Maharashtra,Wardha,Wardha,Nalwadi,Confirmed (pin + address agree)
cus_6c036bbc-d3d,Rajasthan,Hanumangarh,Hanumangarh,Dhan Mandi,From address only (no pin)
cus_6c05bf3c-884,Madhya Pradesh,Jabalpur,Jabalpur,Ganga Nagar Garha,Confirmed (pin + address agree)
cus_6c2c6cbf-b8d,Madhya Pradesh,Indore,Indore,Bicholi Mardana,Confirmed (pin + address agree)
cus_6c32a65f-f8d,Madhya Pradesh,Indore,Indore,Khajrana,Check: pin and address disagree
cus_6c42d576-083,Madhya Pradesh,Indore,Indore,Indralok Colony,Check: pin and address disagree
cus_6c466b8d-875,Maharashtra,Palghar,Virar,,From pin only
cus_6c4c7d85-b2f,Maharashtra,Mumbai,Mumbai,Borivali West,Confirmed (pin + address agree)
cus_6c56c625-f4a,Rajasthan,Jodhpur,Jodhpur,Milkman Colony,Confirmed (pin + address agree)
cus_6c582431-f1a,Madhya Pradesh,Indore,Indore,,Confirmed (pin + address agree)
cus_6c641df4-d1b,Rajasthan,Jaipur,Jaipur,Jhotwara,Confirmed (pin + address agree)
cus_6c739267-974,Madhya Pradesh,Indore,Indore,Shanti Nagar,Confirmed (pin + address agree)
cus_6c765195-cd6,Maharashtra,Thane,Thane,Kalwa,Confirmed (pin + address agree)
cus_6c785390-542,Rajasthan,Jaipur,Jaipur,Malviya Nagar,Confirmed (pin + address agree)
cus_6c7b425c-422,Kerala,Thiruvananthapuram,Thiruvananthapuram,Valiyasalai,Confirmed (pin + address agree)
cus_6c9979e0-be7,Rajasthan,Pali,Pali,Sardar Patel Nagar,From address only (no pin)
cus_6c9fe265-785,Rajasthan,Jaipur,Jaipur,Gokulpura,Confirmed (pin + address agree)
cus_6ca6ab72-096,Maharashtra,Solapur,Solapur,Jule,Confirmed (pin + address agree)
cus_6cca8b52-aae,Maharashtra,Palghar,Vasai,Vasai East,Confirmed (pin + address agree)
cus_6cd1939e-dc1,Odisha,Puri,Nimapada,,Confirmed (pin + address agree)
cus_6cd8dbb1-968,Maharashtra,Mumbai,Mumbai,Dadar,From address only (no pin)
cus_6ced783a-f3b,Maharashtra,Thane,Ulhasnagar,Shanti Nagar,Confirmed (pin + address agree)
cus_6cf048fe-d7e,Kerala,Kottayam,Changanassery,Perunna,Confirmed (pin + address agree)
cus_6d024b9c-37e,Maharashtra,Thane,Ulhasnagar,Vitthalwadi,Confirmed (pin + address agree)
cus_6d056546-60c,Rajasthan,Pali,Haripur,,Check: pin and address disagree
cus_6d0f0e56-d90,Maharashtra,Nagpur,Nagpur,Khamla,Confirmed (pin + address agree)
cus_6d1078bc-e91,Odisha,Ganjam,Brahmapur,Basudev Nagar,From pin only
cus_6d111d91-991,Madhya Pradesh,Indore,Indore,Nipania,Confirmed (pin + address agree)
cus_6d1da23a-267,Maharashtra,Raigad,Dheku,,Check: pin and address disagree
cus_6d1fc874-9fa,Kerala,Thiruvananthapuram,Vattappara,,Confirmed (pin + address agree)
cus_6d312031-52d,Maharashtra,Mumbai,Mumbai,Dahisar East,Confirmed (pin + address agree)
cus_6d332ac9-c5a,Kerala,Kottayam,Changanassery,,Confirmed (pin + address agree)
cus_6d434da4-c09,Madhya Pradesh,Indore,Indore,,From sheet text only
cus_6d4f2865-3ca,Maharashtra,Thane,Ulhasnagar,Shahad,Confirmed (pin + address agree)
cus_6d4f6ee4-48f,Madhya Pradesh,Indore,Indore,Raj Mohalla,Confirmed (pin + address agree)
cus_6d56bc6e-06e,Maharashtra,Palghar,Vasai,Vasai East,Confirmed (pin + address agree)
cus_6d595355-24c,Maharashtra,Nagpur,Nagpur,Geeta Nagar,From address only (no pin)
cus_6d6909f2-f55,Gujarat,Rajkot,Rajkot,,Confirmed (pin + address agree)
cus_6d7137c1-8ef,Maharashtra,Raigad,Pen,Tare Ali,Confirmed (pin + address agree)
cus_6d724873-012,Kerala,Palakkad,Palakkad,Vadakkanthara,From address only (no pin)
cus_6d8d8bd2-843,Madhya Pradesh,Indore,Indore,,From sheet text only
cus_6d95a658-db6,Maharashtra,Thane,Bhiwandi,Ekta Chowk,Confirmed (pin + address agree)
cus_6d9874d8-8a8,Maharashtra,Thane,Kalyan,,From pin only
cus_6d99cbfe-7d6,Kerala,Pathanamthitta,Thiruvalla,,Check: pin and address disagree
cus_6da71851-729,Kerala,Kottayam,Changanassery,Perunna,From address only (no pin)
cus_6db15ab5-820,Kerala,Ernakulam,Kochi,Ernakulam,Confirmed (pin + address agree)
cus_6dba4bc8-910,Maharashtra,Thane,Ambernath,,From sheet text only
cus_6dbd1e38-345,Rajasthan,Bhilwara,Bhilwara,,From sheet text only
cus_6dbfefb5-f33,Odisha,Cuttack,Cuttack,Chaudwar,From pin only
cus_6dc6162a-d95,Madhya Pradesh,Jabalpur,Jabalpur,Marhatal,Confirmed (pin + address agree)
cus_6dd20d95-7f7,Maharashtra,Raigad,Raigad,Kharghar,Confirmed (pin + address agree)
cus_6dd370c2-1c4,Maharashtra,Raigad,Pen,Buddha Nagar,Confirmed (pin + address agree)
cus_6dd4ac1b-c95,Kerala,Kozhikode,Poolacode,Pulikkuzhi Colony,Confirmed (pin + address agree)
cus_6dd5f403-6d0,Rajasthan,Ajmer,Ajmer,Makhupura,From address only (no pin)
cus_6dda49f3-ccf,Maharashtra,Kolhapur,Kolhapur,,From sheet text only
cus_6e0c918f-fdd,Odisha,Nabarangapur,Kukudabai,Biju Expy,Check: pin and address disagree
cus_6e13edbb-0b6,Maharashtra,Thane,Dombivli,Dombivli West,Confirmed (pin + address agree)
cus_6e1c9a24-a73,Rajasthan,Ajmer,Ajmer,Aravali Vihar Colony,Confirmed (pin + address agree)
cus_6e2dfdf6-ae2,Maharashtra,Palghar,Vasai,Naigaon,From pin only
cus_6e2f9be5-905,Madhya Pradesh,Indore,Indore,Raj Mohalla,Confirmed (pin + address agree)
cus_6e3020e8-40b,Maharashtra,Jalgaon,Jalgaon,Shahunagar,From address only (no pin)
cus_6e32549d-9c9,Maharashtra,Palghar,Nala Sopara,Palghar,From sheet text only
cus_6e436583-79b,Maharashtra,Mumbai,Mumbai,Malad,From sheet text only
cus_6e54932a-b9b,Maharashtra,Palghar,Vasai,,From sheet text only
cus_6e66432f-ea3,Odisha,Khorda,Bhubaneswar,VSS Nagar,Confirmed (pin + address agree)
cus_6e66ed0c-526,Odisha,Khorda,Bhubaneswar,Old Town,Confirmed (pin + address agree)
cus_6e7032f0-183,Maharashtra,Palghar,Vasai,Vasai East,From pin only
cus_6e884c71-aef,Kerala,Thiruvananthapuram,Vattappara,Vembayam,From pin only
cus_6e8a8504-3a7,Rajasthan,Jaipur,Jaipur,Jhotwara,Confirmed (pin + address agree)
cus_6e8e5fa1-5b1,Rajasthan,Jaipur,Jaipur,Shastri Nagar,Confirmed (pin + address agree)
cus_6e93b4d7-ce4,Madhya Pradesh,Dhar,Pithampur,Pithampur Industrial Area,From pin only
cus_6e941901-471,Maharashtra,Jalgaon,Bhusawal,Kanhaya Kunj,Confirmed (pin + address agree)
cus_6e95a318-9d2,Kerala,Thiruvananthapuram,Neyyattinkara,Alummoodu,Confirmed (pin + address agree)
cus_6ed17609-8ed,Rajasthan,Jaipur,Jaipur,Murlipura,Confirmed (pin + address agree)
cus_6ed5e088-88b,Rajasthan,Jaipur,Jaipur,Surajpole Bazar,Confirmed (pin + address agree)
cus_6ee74095-f77,Madhya Pradesh,Dewas,Dewas,Gomti Nagar,Confirmed (pin + address agree)
cus_6ef1e7ea-1b4,Kerala,Idukki,Thodupuzha,Kolani Jct,Confirmed (pin + address agree)
cus_6ef55af2-5e4,Maharashtra,Palghar,Nala Sopara,,From sheet text only
cus_6f3f4955-6f5,Maharashtra,Palghar,Virar,,From sheet text only
cus_6f4099d3-8fa,Maharashtra,Palghar,Vasai,Naigaon,From pin only
cus_6f43d99a-e02,Madhya Pradesh,Indore,Indore,Goyal Nagar,Confirmed (pin + address agree)
cus_6f453790-c36,Rajasthan,Bhilwara,Bhilwara,Azad Nagar,Confirmed (pin + address agree)
cus_6f56cf3a-85c,Madhya Pradesh,Indore,Indore,Niranjanpur,From pin only
cus_6f5fe4a7-20e,Madhya Pradesh,Raisen,Raisen,Radha Krishna Puram,Confirmed (pin + address agree)
cus_6f60ba96-cb4,Rajasthan,Barmer,Barmer,Dangriya,Confirmed (pin + address agree)
cus_6f6d4092-91d,Uttar Pradesh,Kanpur Nagar,Kanpur,,From sheet text only
cus_6f6e1639-5fd,Goa,South Goa,Margao,Navelim,Confirmed (pin + address agree)
cus_6f824164-cf4,Madhya Pradesh,Jabalpur,Jabalpur,Wright Town,Confirmed (pin + address agree)
cus_6f842379-bb8,Maharashtra,Thane,Bhiwandi,,From sheet text only
cus_6f90922c-479,Madhya Pradesh,Dhar,Pithampur,,From sheet text only
cus_6fa3ea2a-4ba,Kerala,Thiruvananthapuram,Kulathummal,Kattakkada,From pin only
cus_6fac5bb5-239,Maharashtra,Thane,Bhiwandi,Kalher,Confirmed (pin + address agree)
cus_6faeb596-1e9,Kerala,Malappuram,Kondotty,Kondotti,Confirmed (pin + address agree)
cus_6fb889bf-993,Odisha,Ganjam,Hinjilicut,Hinjillikatu,Confirmed (pin + address agree)
cus_6fb899b1-d76,Madhya Pradesh,Jabalpur,Jabalpur,South Civil Lines,Confirmed (pin + address agree)
cus_6fc455d4-e4d,Maharashtra,Thane,,,Not locatable
cus_6fc9daeb-f7c,Kerala,Kozhikode,Kozhikode,Kalanthod,From pin only
cus_6fde598a-64a,Rajasthan,Alwar,Alwar,Indira Colony,Confirmed (pin + address agree)
cus_6fe097ce-496,Madhya Pradesh,Chhindwara,Chhindwara,Bararipura,Confirmed (pin + address agree)
cus_6fe1b176-223,Maharashtra,Solapur,Sangola,Ganesh Nagar,From address only (no pin)
cus_6ffa90a5-319,Rajasthan,Ajmer,Ajmer,Vaishali Nagar,Confirmed (pin + address agree)
cus_70149108-ca1,Maharashtra,Palghar,Mira-Bhayandar,Bhayandar West,Confirmed (pin + address agree)
cus_702802d0-ee5,Rajasthan,Sikar,Reengus,Dheerajpura,From pin only
cus_702ad4bb-0e2,Maharashtra,Nagpur,Nagpur,Gittikhadan,Confirmed (pin + address agree)
cus_7041351a-b20,Odisha,Nayagarh,Nayagarh,,Check: pin and address disagree
cus_704f7ca2-57f,Tamil Nadu,Nilgiris,Ooty,Upper Bazar,Confirmed (pin + address agree)
cus_7062d1ff-ef9,Rajasthan,Jaipur,Jaipur,Brahampuri,Confirmed (pin + address agree)
cus_7081578b-eac,Madhya Pradesh,Raisen,Raisen,Radha Krishna Puram,Confirmed (pin + address agree)
cus_70836958-76b,Madhya Pradesh,Indore,Indore,Ravi Shankar Shukla Nagar,Confirmed (pin + address agree)
cus_7099bacd-5ac,Madhya Pradesh,Dhar,Pithampur,Sagour Kuti,Confirmed (pin + address agree)
cus_70a484dd-69b,Madhya Pradesh,Indore,Indore,Tanjim Nagar,Confirmed (pin + address agree)
cus_70a6529b-eae,Maharashtra,Nagpur,Nagpur,Chandan Nagar,Confirmed (pin + address agree)
cus_70b530cd-299,Madhya Pradesh,Indore,Indore,Nipania,Confirmed (pin + address agree)
cus_70f1e7e0-083,Madhya Pradesh,Indore,Indore,Gopur Colony,Confirmed (pin + address agree)
cus_70f76c93-0cc,Maharashtra,Palghar,Nala Sopara,Palghar,From sheet text only
cus_70ffad96-a34,Kerala,Thiruvananthapuram,Nedumangad,Pazhavadi,Confirmed (pin + address agree)
cus_7101a4bb-cbd,Odisha,Cuttack,Cuttack,Jyoti Bihar,Confirmed (pin + address agree)
cus_71054bf7-29e,Maharashtra,Mumbai,Mumbai,Jogeshwari West,Confirmed (pin + address agree)
cus_710719be-235,Maharashtra,Mumbai,Mumbai,Malad East,Confirmed (pin + address agree)
cus_711bb748-6f8,Rajasthan,Bhilwara,Bhilwara,Bhopal Ganj,From address only (no pin)
cus_7146e57c-f98,Kerala,Kozhikode,Nadapuram,Kuttiady,From pin only
cus_716e353c-707,Madhya Pradesh,Indore,Indore,,Check: pin and address disagree
cus_7170651c-83d,Maharashtra,Palghar,Virar,Virar East,Confirmed (pin + address agree)
cus_7177ba39-4b3,Odisha,Cuttack,Cuttack,Chaudwar,From sheet text only
cus_717db6c6-07d,Rajasthan,Barmer,Balotra,,Confirmed (pin + address agree)
cus_717e4584-ddd,Maharashtra,Sangli,Vita,Mahavir Nagar,Check: pin and address disagree
cus_71837039-31a,Madhya Pradesh,Bhopal,Bhopal,Habib Ganj,Confirmed (pin + address agree)
cus_719f47c2-ff4,Rajasthan,Ajmer,Kishangarh,Dhani Rathoran,Confirmed (pin + address agree)
cus_719fd3d3-968,Kerala,Thiruvananthapuram,Thiruvananthapuram,Palayam,Confirmed (pin + address agree)
cus_719ff12c-74c,Maharashtra,Thane,Bhiwandi,Kamatghar,Confirmed (pin + address agree)
cus_71b67ca4-6b1,Madhya Pradesh,Indore,Indore,Dwarkapuri,Confirmed (pin + address agree)
cus_71bef94a-cc4,Rajasthan,Pali,Jaitaran,,Confirmed (pin + address agree)
cus_71f29531-42b,Maharashtra,Palghar,Vasai,Vasai East,Confirmed (pin + address agree)
cus_72093746-b52,Maharashtra,Nagpur,Nagpur,Surya Nagar,Confirmed (pin + address agree)
cus_721c5edb-d92,Kerala,Kottayam,Kizhaparayar,Pala,From pin only
cus_7243da5a-532,Rajasthan,Jaipur,Jaipur,Jagatpura,Confirmed (pin + address agree)
cus_7245aa12-698,Haryana,Yamuna Nagar,Yamunanagar,,From sheet text only
cus_72486f89-ff9,Maharashtra,Washim,Ansing,,From sheet text only
cus_724944ae-956,Maharashtra,Osmanabad,Dharashiv,Khaja Nagar,Confirmed (pin + address agree)
cus_7249b93b-446,Maharashtra,Thane,Kalyan,Shivaji Colony,From address only (no pin)
cus_7250ee60-0a7,Maharashtra,Jalgaon,Jalgaon,Joshi Peth,Confirmed (pin + address agree)
cus_72591252-803,Madhya Pradesh,Sehore,Sehore,DD Estate,Confirmed (pin + address agree)
cus_725fc513-408,Kerala,Thiruvananthapuram,Kulathummal,Kattakkada,From pin only
cus_72652e28-aca,Maharashtra,Thane,Badlapur,Station Pada,Confirmed (pin + address agree)
cus_72656aa8-f67,Madhya Pradesh,Bhopal,Bhopal,Salaiya,Confirmed (pin + address agree)
cus_7267e3cc-69b,Maharashtra,Palghar,Nala Sopara,Nalasopara East,From pin only
cus_726aa11d-2d2,Madhya Pradesh,Bhopal,Bhopal,Alpana Tiraha,Confirmed (pin + address agree)
cus_727fdba9-a1b,Maharashtra,Thane,Ambernath,,From sheet text only
cus_7283568d-aa9,Maharashtra,Thane,Bhiwandi,Kamatghar,Confirmed (pin + address agree)
cus_72b22f16-e9f,Madhya Pradesh,Hoshangabad,Itarsi,Chayan Colony,Confirmed (pin + address agree)
cus_72b5f790-347,Maharashtra,Sangli,Sangli,Ganapati Peth,From pin only
cus_72ee4b41-d09,Maharashtra,Solapur,Natepute,,Check: pin and address disagree
cus_72f1f7bb-98f,Madhya Pradesh,Jabalpur,Jabalpur,Hathital,Confirmed (pin + address agree)
cus_72fdcce3-b16,Madhya Pradesh,Neemuch,Neemuch,Neemuch Chawni,Confirmed (pin + address agree)
cus_73020997-a85,Madhya Pradesh,Bhopal,Bhopal,Maharana Pratap Nagar,Confirmed (pin + address agree)
cus_731b069c-7d7,Kerala,Kannur,Chokli,Panniyannur,Confirmed (pin + address agree)
cus_7329040c-7b8,Madhya Pradesh,East Nimar,Khandwa,Ghaspura,Confirmed (pin + address agree)
cus_73299b55-9bc,Madhya Pradesh,Indore,Dr. Ambedkar Nagar (Mhow),Bombay Bazar,From sheet text only
cus_7330d2f8-8c6,Chhattisgarh,Durg,Durg,Shanichari Bazar,Confirmed (pin + address agree)
cus_73352719-a79,Madhya Pradesh,Indore,Indore,Residency Area,Confirmed (pin + address agree)
cus_733738e0-2af,Gujarat,Rajkot,Rajkot,Mavdi,Confirmed (pin + address agree)
cus_734064f7-21a,Goa,North Goa,Mapusa,,From sheet text only
cus_734ce164-cff,Maharashtra,Palghar,Nala Sopara,Nalasopara East,From sheet text only
cus_735af9b7-3de,Rajasthan,Udaipur,Udaipur,Central Area,Confirmed (pin + address agree)
cus_735d367a-898,Maharashtra,Buldhana,Malkapur,Malkapur (Buldhana),Confirmed (pin + address agree)
cus_73600da6-1ea,Maharashtra,Palghar,Nala Sopara,,From sheet text only
cus_736c4b38-33d,Kerala,Alappuzha,Kayamkulam,Pullikanakku,From pin only
cus_7375bb42-69b,Kerala,Kozhikode,Kozhikode,East Hill,Confirmed (pin + address agree)
cus_737b0e09-f1c,Madhya Pradesh,East Nimar,Khandwa,Ramganj Ward,Confirmed (pin + address agree)
cus_737c3cba-185,Maharashtra,Buldhana,Buldhana,Sai Nagar,From address only (no pin)
cus_738a1d40-518,Maharashtra,Thane,Mhasa,,Confirmed (pin + address agree)
cus_7391db20-691,Rajasthan,Jaipur,Jaipur,Ganpati Nagar,Confirmed (pin + address agree)
cus_739a454c-140,Kerala,Thiruvananthapuram,Nemom,,Confirmed (pin + address agree)
cus_739dad71-492,Maharashtra,Mumbai,Mumbai,Garodia Nagar,From sheet text only
cus_73a27994-1e6,Madhya Pradesh,Indore,Indore,Chhawni,Confirmed (pin + address agree)
cus_73a6a632-880,Maharashtra,Nagpur,Nagpur,Binaki,Confirmed (pin + address agree)
cus_73d4174d-c8d,Maharashtra,Thane,Kalyan,Syndicate,Confirmed (pin + address agree)
cus_73e08754-064,Rajasthan,Jaipur,Jaipur,Keshar Vihar,Confirmed (pin + address agree)
cus_73e96f33-b00,Odisha,Khorda,Bhubaneswar,VSS Nagar,Confirmed (pin + address agree)
cus_73f60a7e-7f4,Maharashtra,Ratnagiri,Nachane,Abhyudhya Nagar,Confirmed (pin + address agree)
cus_7407e127-e16,Kerala,Kozhikode,Thrissur,Thiruvambady,Confirmed (pin + address agree)
cus_74099fcf-5aa,Odisha,Cuttack,Cuttack,Netaji Subhas Chandra Bose Setu,Confirmed (pin + address agree)
cus_7411a45d-837,Madhya Pradesh,Indore,Indore,Sanvid Nagar,Confirmed (pin + address agree)
cus_741b0ef5-3e5,Kerala,Kannur,Punnol,Mahe,From pin only
cus_741b17f0-a82,Maharashtra,Buldhana,Buldhana,Ramnagar,Confirmed (pin + address agree)
cus_741eee60-64f,Madhya Pradesh,Bhopal,Bhopal,Bagmugaliya,Check: pin and address disagree
cus_742dc17e-550,Maharashtra,Nagpur,Nagpur,Besa,Confirmed (pin + address agree)
cus_743141a1-ca5,Rajasthan,Chittorgarh,Chittorgarh,Meera Nagar,Confirmed (pin + address agree)
cus_7432d5b0-328,Madhya Pradesh,Neemuch,Chittorgarh,Kailash Nagar,Confirmed (pin + address agree)
cus_743a7282-8d8,Maharashtra,Palghar,Vasai,,From sheet text only
cus_744a0202-4a1,Madhya Pradesh,Vidisha,Vidisha,Tilakhedi,Confirmed (pin + address agree)
cus_7451aa90-0e5,Maharashtra,Mumbai,Mumbai,Malad West,Confirmed (pin + address agree)
cus_745e69de-71e,Rajasthan,Kota,Kota,Electricity Board Area,From pin only
cus_74665c69-d7f,Kerala,Ernakulam,Kochi,Kalamassery,Confirmed (pin + address agree)
cus_74688c95-414,Madhya Pradesh,Dhar,Pithampur,Pithampur Industrial Area,Confirmed (pin + address agree)
cus_746e2a59-138,Maharashtra,Mumbai,Mumbai,Dahisar East,Confirmed (pin + address agree)
cus_74801b57-6c2,Maharashtra,Thane,Bhiwandi,,From sheet text only
cus_749fa3d9-b87,Odisha,Khorda,Bhubaneswar,Nayapalli,Confirmed (pin + address agree)
cus_74b92c11-080,Maharashtra,Thane,Ambernath,Vandrapada,Confirmed (pin + address agree)
cus_74d83011-5d2,Maharashtra,Mumbai,Mumbai,Kandivali West,From sheet text only
cus_74f32b7d-9f8,Maharashtra,Palghar,Vasai,Vasai East,From sheet text only
cus_75126300-32f,Rajasthan,Jaipur,Jaipur,Sanganer,Confirmed (pin + address agree)
cus_752b29b5-fa3,Maharashtra,Nagpur,Nagpur,Zingabai Takli,Confirmed (pin + address agree)
cus_752cdb31-cf3,Madhya Pradesh,Jabalpur,Jabalpur,Gohalpur,From address only (no pin)
cus_752f249a-77c,Madhya Pradesh,Katni,Dharwara,,Check: pin and address disagree
cus_7537771c-6c2,Kerala,Kannur,Kannur,Talap,From pin only
cus_753daf42-c41,Maharashtra,Thane,Bhiwandi,Kalher,Confirmed (pin + address agree)
cus_756cb5cc-8cc,Madhya Pradesh,Dewas,Dewas,Itawa,From address only (no pin)
cus_7571c93d-cd8,Madhya Pradesh,Indore,Indore,Gandhi Nagar,Check: pin and address disagree
cus_75785bf5-53e,Maharashtra,,,,From sheet text only
cus_757fea23-f6b,Maharashtra,Raigad,Mangaon,Khandad,From address only (no pin)
cus_75822478-0b3,Maharashtra,Thane,Bhiwandi,Kaneri,Confirmed (pin + address agree)
cus_75909767-f8b,Madhya Pradesh,Jabalpur,Jabalpur,Ghamapur,Confirmed (pin + address agree)
cus_75925bd8-304,Madhya Pradesh,Bhopal,Bhopal,Berkheda,Confirmed (pin + address agree)
cus_759c5fdf-a77,Maharashtra,Nagpur,Nagpur,Gorewada,Confirmed (pin + address agree)
cus_759e03b9-799,Madhya Pradesh,Jabalpur,Jabalpur,Adhartal,From address only (no pin)
cus_75a71e31-518,Rajasthan,Jaipur,Jaipur,Dholai,Confirmed (pin + address agree)
cus_75b4d6c9-029,Madhya Pradesh,Indore,Indore,Navlakha,From address only (no pin)
cus_75cac002-dc5,Kerala,Kozhikode,Kallachi,Nadapuram,Confirmed (pin + address agree)
cus_75ce8c59-2c1,Kerala,Kozhikode,Purameri,Orkkatteri,From pin only
cus_75d49d2b-36e,Maharashtra,Thane,Ambernath,Gautam Nagar,Confirmed (pin + address agree)
cus_75d75f52-835,Maharashtra,Thane,Dombivli,Dombivli East,From address only (no pin)
cus_75d89b54-b76,Maharashtra,Sangli,Sangli,Sangli Miraj Kupwad,Confirmed (pin + address agree)
cus_75dcaf40-3a0,Madhya Pradesh,Dhar,Khandwa,Tarapur,Confirmed (pin + address agree)
cus_75e8f2ed-f71,Odisha,Bargarh,Bargarh,,Confirmed (pin + address agree)
cus_760016ae-e21,Maharashtra,Chandrapur,Chandrapur,Babupeth,Confirmed (pin + address agree)
cus_760c995f-1d1,Rajasthan,Chittorgarh,Chittorgarh,Kailash Nagar,Check: pin and address disagree
cus_761e1a96-dc4,Maharashtra,Thane,Kalyan,,Confirmed (pin + address agree)
cus_762bf665-c38,Maharashtra,Palghar,Mira-Bhayandar,,Confirmed (pin + address agree)
cus_76345221-7a2,Madhya Pradesh,Dhar,Pithampur,Sagour Kuti,Confirmed (pin + address agree)
cus_76356b1d-0b9,Kerala,Kozhikode,Cherapuram,Kutyadi,From pin only
cus_76438ce5-3bf,Maharashtra,Thane,Kalyan,Chinchpada Gaon,Confirmed (pin + address agree)
cus_7647d856-b45,Maharashtra,Thane,Dombivli,Dombivli East,Confirmed (pin + address agree)
cus_7652420f-df9,Kerala,Ernakulam,Kochi,Edapally,Confirmed (pin + address agree)
cus_7663b837-ed1,Maharashtra,Thane,Navi Mumbai,Nerul,From sheet text only
cus_769d949f-f88,Chhattisgarh,Rajnandgaon,Rajnandgaon,Bharka Para,Check: pin and address disagree
cus_76b8b807-811,Kerala,Thiruvananthapuram,Thiruvananthapuram,Vazhuthacaud,Confirmed (pin + address agree)
cus_76c0e7be-c86,Madhya Pradesh,Indore,Indore,Chauhan Nagar,Confirmed (pin + address agree)
cus_76c6bb41-c8b,Maharashtra,Kolhapur,Gandhinagar,,Confirmed (pin + address agree)
cus_76cd0931-988,Rajasthan,Hanumangarh,Hanumangarh,Bhatta Colony,From address only (no pin)
cus_76f60d93-73e,Maharashtra,Solapur,Barshi,Mangire Mala,Confirmed (pin + address agree)
cus_76fd21d6-640,Rajasthan,Tonk,Niwai,,Confirmed (pin + address agree)
cus_7713ea08-b36,Maharashtra,Solapur,Solapur,Budhavar Peth,Confirmed (pin + address agree)
cus_771c9995-f4e,Rajasthan,Jaipur,Jaipur,Ashok Nagar,Confirmed (pin + address agree)
cus_771e63a2-cfa,Maharashtra,Thane,Dombivli,Dombivli West,Confirmed (pin + address agree)
cus_77309f30-9f2,Rajasthan,Kota,Kota,Electricity Board Area,Confirmed (pin + address agree)
cus_7733b2b9-d84,Madhya Pradesh,Dhar,Pithampur,Pithampur Industrial Area,Confirmed (pin + address agree)
cus_773c1d17-f30,Andhra Pradesh,Visakhapatnam,Visakhapatnam,Dwarka Nagar,From address only (no pin)
cus_77534d9e-442,Odisha,Cuttack,Banki,Banki Cuttack,Confirmed (pin + address agree)
cus_7756fbb3-7e3,Odisha,Ganjam,Brahmapur,Gandhi Nagar,Confirmed (pin + address agree)
cus_775b0c20-6e2,Odisha,Cuttack,Cuttack,Kalinga Chhaka,From sheet text only
cus_775fabb1-206,Maharashtra,Thane,Shahapur,Asangaon,From sheet text only
cus_7763a316-01d,Rajasthan,Jaipur,Jaipur,Amer,Confirmed (pin + address agree)
cus_7775145e-89a,Rajasthan,Ajmer,Ajmer,Naya Bazaar,Confirmed (pin + address agree)
cus_778938b8-4d2,Rajasthan,Ajmer,Ajmer,Ajay Nagar,Confirmed (pin + address agree)
cus_778d95ca-4a2,Rajasthan,Jaipur,Jaipur,Jhotwara,Confirmed (pin + address agree)
cus_77924bac-921,Maharashtra,Palghar,Nala Sopara,Palghar,From sheet text only
cus_77930a92-c94,Rajasthan,Ajmer,Bijainagar,,Confirmed (pin + address agree)
cus_7796676b-78f,Maharashtra,Thane,Bhiwandi,Saravali,Confirmed (pin + address agree)
cus_77a82742-750,Kerala,Malappuram,Tirur,Payyanangadi,Confirmed (pin + address agree)
cus_77bbd959-9c1,Maharashtra,Sangli,Vita,Vite,From pin only
cus_77bc2c2e-bdb,Madhya Pradesh,Chhindwara,Chhindwara,Rautha Wada,Confirmed (pin + address agree)
cus_77bd8a39-12b,Gujarat,Jamnagar,Jamnagar,Satyam Colony,From address only (no pin)
cus_77cf7062-781,Rajasthan,Jaipur,Anantpura,,Confirmed (pin + address agree)
cus_77d184e3-514,Maharashtra,Thane,Bhiwandi,Kalher,From sheet text only
cus_77d871a0-14e,Rajasthan,Jaipur,Jaipur,Kanwar Nagar,Check: pin and address disagree
cus_77dc388d-8c5,Madhya Pradesh,Indore,Indore,Sangam Nagar,Confirmed (pin + address agree)
cus_77e7d274-d6e,Kerala,Ernakulam,Kochi,Pullamkulam School Pady,From pin only
cus_77ff3b78-d85,Madhya Pradesh,Dewas,Dewas,Gomti Nagar,Confirmed (pin + address agree)
cus_78063a4f-9bd,Maharashtra,Pune,Pune,Dhayari,From sheet text only
cus_7817efea-3cf,Maharashtra,Solapur,Karkamb,,From sheet text only
cus_7819fbf7-8a4,Kerala,Kozhikode,Nadapuram,Thottilpalam,From pin only
cus_781d1ac9-8ed,Maharashtra,Thane,Dombivli,Thakurli E West Bridge,Confirmed (pin + address agree)
cus_782229e4-119,Maharashtra,Palghar,Palghar,,From address only (no pin)
cus_7824177c-ad6,Rajasthan,Jaipur,Jaipur,Dahar Ka Balaji,Confirmed (pin + address agree)
cus_782f1890-584,Madhya Pradesh,Mandsaur,Mandsaur,,Confirmed (pin + address agree)
cus_78322553-1ae,Maharashtra,Palghar,Mira-Bhayandar,,Confirmed (pin + address agree)
cus_783b3cf0-a60,Rajasthan,Jaipur,Jaipur,Bhakrota,Confirmed (pin + address agree)
cus_783cd52f-929,Rajasthan,Jaipur,Jaipur,,Check: pin and address disagree
cus_783feb98-893,Maharashtra,Palghar,Vasai,Vasai West,Confirmed (pin + address agree)
cus_784171fc-fd9,Madhya Pradesh,Indore,Indore,,Confirmed (pin + address agree)
cus_784f9ec5-fd2,Rajasthan,Ajmer,Ajmer,Aravali Vihar Colony,Confirmed (pin + address agree)
cus_7858e050-5b2,Maharashtra,Thane,Ulhasnagar,Vitthalwadi,Confirmed (pin + address agree)
cus_786b37c4-9f5,Goa,South Goa,Ponda,Shanti Nagar,Confirmed (pin + address agree)
cus_78715b00-eeb,Maharashtra,Thane,Nevali,Nevali Phata,From sheet text only
cus_787ca1f3-d1d,Maharashtra,Mumbai,Mumbai,Borivali East,Confirmed (pin + address agree)
cus_787d2f2a-9d5,Madhya Pradesh,Raisen,Raisen,Patel nagar,From pin only
cus_788c47a3-7ac,Odisha,Dhenkanal,Kaimati,,Confirmed (pin + address agree)
cus_78a28c6c-52c,Maharashtra,Buldhana,Malkapur,Old- Town,Confirmed (pin + address agree)
cus_78aa5a31-823,Kerala,Kozhikode,Valayam,,Confirmed (pin + address agree)
cus_78beac21-2f6,Rajasthan,Ajmer,Saradhana,,Confirmed (pin + address agree)
cus_78df6c14-203,Maharashtra,Amravati,Amravati,Navathe Nagar,Confirmed (pin + address agree)
cus_78f42799-5b9,Maharashtra,Mumbai,Mumbai,Malad West,From address only (no pin)
cus_78f54d5a-c96,Kerala,Kozhikode,Thiruvallur,,Confirmed (pin + address agree)
cus_78fbfb6e-81d,Rajasthan,Chittorgarh,Chittorgarh,,From sheet text only
cus_790900b6-fe2,Madhya Pradesh,Sehore,Sehore,Avadhpuri Colony,Confirmed (pin + address agree)
cus_790de488-af8,Rajasthan,Jodhpur,Jodhpur,Nandri,Confirmed (pin + address agree)
cus_79124923-0b7,Maharashtra,Buldhana,Buldhana,Ramnagar,From address only (no pin)
cus_791efd8e-fd4,Maharashtra,Mumbai,Mumbai,Powai,Confirmed (pin + address agree)
cus_792dbabd-c21,Madhya Pradesh,Indore,Indore,Musakhedi,Confirmed (pin + address agree)
cus_7943497d-c08,Maharashtra,Thane,,,Not locatable
cus_794b337e-4ef,Maharashtra,Pune,Pune,Wagholi,Confirmed (pin + address agree)
cus_7956a165-e6e,Maharashtra,Thane,Shahapur,Asangaon,From pin only
cus_7958e159-0a7,Maharashtra,Palghar,Nala Sopara,,From pin only
cus_795c2dd6-f5c,Rajasthan,Jaipur,Jaipur,Dahar Ka Balaji,Confirmed (pin + address agree)
cus_795edf2f-84a,Rajasthan,Jaipur,Jaipur,Hathod,From pin only
cus_796e6473-3e0,Maharashtra,Thane,Dombivli,Dombivli West,Confirmed (pin + address agree)
cus_796f6bab-da2,Rajasthan,Ajmer,Ajmer,Dargah Bazar,Confirmed (pin + address agree)
cus_7970dd23-66e,Maharashtra,Thane,Ambernath,Additional M.I.D.C,Confirmed (pin + address agree)
cus_79747a63-af1,Maharashtra,Thane,Ulhasnagar,Vitthalwadi,Confirmed (pin + address agree)
cus_7975a5b5-e91,Rajasthan,Kota,Kota,Kota Industrial Area,Confirmed (pin + address agree)
cus_79804a3b-a65,Maharashtra,Thane,Usatne,,From sheet text only
cus_7995fe55-e95,Maharashtra,Thane,Kalyan,Sape,Check: pin and address disagree
cus_799a99e7-217,Maharashtra,Thane,Dombivli,Dombivli West,Confirmed (pin + address agree)
cus_79bdc847-f0f,Rajasthan,Nagaur,Merta,Baldev Nagar colony,Confirmed (pin + address agree)
cus_79c8513d-623,Rajasthan,Bhilwara,Bhilwara,Bhopal Ganj,Confirmed (pin + address agree)
cus_79cdfd18-d52,Rajasthan,Jaipur,Jaipur,Bajaj Nagar,Confirmed (pin + address agree)
cus_79d290f2-7c4,Rajasthan,Jaipur,Jaipur,Bhakrota,Confirmed (pin + address agree)
cus_79ee0961-3e0,Maharashtra,Kolhapur,Kolhapur,Jagatap,Confirmed (pin + address agree)
cus_79f70924-5a0,Odisha,Khorda,Bhubaneswar,Khandagiri,From address only (no pin)
cus_79f7f5b5-20d,Madhya Pradesh,Indore,Indore,Mahalaxmi Nagar,Check: pin and address disagree
cus_79fbcd5f-f9e,Maharashtra,Mumbai,Mumbai,Prabhadevi,Confirmed (pin + address agree)
cus_7a12a35c-526,Madhya Pradesh,Dewas,Dewas,Gomti Nagar,Confirmed (pin + address agree)
cus_7a12b9b7-814,Madhya Pradesh,Indore,Indore,Sahakar Nagar,Check: pin and address disagree
cus_7a23c6e1-938,Maharashtra,Thane,Ulhasnagar,Ramayan Nagar,Confirmed (pin + address agree)
cus_7a2d63b6-56a,Rajasthan,Jaipur,Baori,,Check: pin and address disagree
cus_7a32aebe-744,Madhya Pradesh,Indore,Indore,Prabhu Nagar,Confirmed (pin + address agree)
cus_7a4b3b93-357,Maharashtra,Palghar,Palghar,Kuldeep Nagar,From address only (no pin)
cus_7a606559-014,Madhya Pradesh,Indore,Dhannad,,Confirmed (pin + address agree)
cus_7a660058-274,Maharashtra,Thane,Dombivli,Dombivli West,Confirmed (pin + address agree)
cus_7a684ccc-e4c,Maharashtra,Thane,Thane,Thane West,Confirmed (pin + address agree)
cus_7a7758d9-b3c,Maharashtra,Palghar,Virar,Virar East,Confirmed (pin + address agree)
cus_7a8da09e-9ef,Odisha,Nayagarh,Nayagarh,,Confirmed (pin + address agree)
cus_7a9d1d76-6f8,Gujarat,Rajkot,Morbi,Sardar Nagar,Confirmed (pin + address agree)
cus_7aaa25ae-dd4,Maharashtra,Thane,Dombivli,Dombivli East,Confirmed (pin + address agree)
cus_7ab6fcb7-ac1,Madhya Pradesh,Indore,Indore,Sukhdev Nagar,Confirmed (pin + address agree)
cus_7ac87d64-5be,Madhya Pradesh,Indore,Indore,Scheme 71,Confirmed (pin + address agree)
cus_7ae6abba-71a,Maharashtra,Ratnagiri,Ratnagiri,Tilak Ali,From address only (no pin)
cus_7af70d15-ef6,Gujarat,Surat,Surat,Yamuna Nagar,Confirmed (pin + address agree)
cus_7afbc0bb-3fc,Kerala,Ernakulam,Kochi,Panampilly Nagar,Confirmed (pin + address agree)
cus_7afc135b-581,Rajasthan,Ajmer,Ajmer,Dhola Bhata Colony,Confirmed (pin + address agree)
cus_7b39e26a-472,Maharashtra,Thane,Tungar Phata,Tungar Phata,Not locatable
cus_7b3db62b-df4,Madhya Pradesh,Ujjain,Ujjain,,From sheet text only
cus_7b5f3856-191,Maharashtra,Akola,Akola,Baid Pura,Confirmed (pin + address agree)
cus_7b641399-b07,Rajasthan,Jodhpur,Jodhpur,Madhuban,Confirmed (pin + address agree)
cus_7b6d37ac-763,Rajasthan,Jaipur,Jaipur,Jhotwara,Confirmed (pin + address agree)
cus_7b73ae4b-810,Rajasthan,Sikar,Sikar,Samrathpura Rural,Confirmed (pin + address agree)
cus_7b8e01a9-563,Maharashtra,Buldhana,Buldhana,Chaitanyawadi,Check: pin and address disagree
cus_7b9563b3-1ab,Maharashtra,Palghar,Palghar,Vishnu Nagar,From address only (no pin)
cus_7ba0c579-91f,Maharashtra,Raigad,Kolad,,From address only (no pin)
cus_7bbda0d2-b39,Maharashtra,Raigad,Khopoli,Yashwant Nagar,Confirmed (pin + address agree)
cus_7bc4acb6-dd3,Odisha,Cuttack,Jagatpur,Jagatpur Industrial Estate,Confirmed (pin + address agree)
cus_7bc64847-999,Gujarat,Rajkot,Rajkot,Bhakti Nagar,Confirmed (pin + address agree)
cus_7bcbbc52-b31,Maharashtra,Palghar,Virar,,Confirmed (pin + address agree)
cus_7be10f8c-56f,Rajasthan,Ajmer,Ajmer,Diggi Bazaar,Confirmed (pin + address agree)
cus_7be220df-f1c,Rajasthan,Jodhpur,Jodhpur,Maderana Colony,Confirmed (pin + address agree)
cus_7be59ea8-bd0,Maharashtra,Solapur,Natepute,,Check: pin and address disagree
cus_7be8e3bd-c82,Maharashtra,Mumbai,Mumbai,Borivali East,Confirmed (pin + address agree)
cus_7bf52c04-981,Maharashtra,Palghar,Nala Sopara,Nalasopara East,Check: pin and address disagree
cus_7c0b62de-352,Odisha,Kendujhar,Kendujhar,,From sheet text only
cus_7c214a01-711,Rajasthan,Jaipur,Chomu,,Confirmed (pin + address agree)
cus_7c22a037-6c3,Rajasthan,Pali,Pali,,Confirmed (pin + address agree)
cus_7c31c8fe-ccb,Rajasthan,Jaipur,Jaipur,Tonk Phatak,Confirmed (pin + address agree)
cus_7c70bee9-7ac,Madhya Pradesh,Jabalpur,Jabalpur,Raksha Karmachari Colony,Confirmed (pin + address agree)
cus_7c79b529-e1a,Maharashtra,Thane,Badlapur,Shirgaon,Confirmed (pin + address agree)
cus_7c831fc0-c01,Madhya Pradesh,Dhar,Pithampur,Ram Ratan Patel Nagar,Confirmed (pin + address agree)
cus_7c836b70-86a,Kerala,Thiruvananthapuram,Thiruvananthapuram,Pappanamcode,Confirmed (pin + address agree)
cus_7c8419a7-a44,Maharashtra,Thane,Kalyan,Bhoiwada,Confirmed (pin + address agree)
cus_7c90c971-c6d,Rajasthan,Jaipur,Jaipur,Sodala,Confirmed (pin + address agree)
cus_7c9c0823-408,Maharashtra,Thane,Kalyan,Kalyan West,From address only (no pin)
cus_7cb5b05f-5cf,Maharashtra,Thane,Bhiwandi,Ekta Chowk,Confirmed (pin + address agree)
cus_7cbf94be-c59,Madhya Pradesh,Indore,Indore,Dwarkapuri,Confirmed (pin + address agree)
cus_7cd7ab78-5b1,Odisha,Cuttack,Cuttack,Chaudwar,From pin only
cus_7ce2f06b-ee2,Kerala,Malappuram,Tavanur,Trikkanapuram,Confirmed (pin + address agree)
cus_7cf919c2-0ce,Odisha,Ganjam,Chatrapur,P and T Colony,Confirmed (pin + address agree)
cus_7d20e8ba-7f4,Karnataka,Bengaluru,Bengaluru,Yelahanka,Confirmed (pin + address agree)
cus_7d28eb3d-882,Odisha,Puri,Puri,Badasankha,Confirmed (pin + address agree)
cus_7d3c322e-d57,Madhya Pradesh,Mandla,Maneri,Takweli,From pin only
cus_7d406288-279,Maharashtra,Palghar,Virar,Virar West,From address only (no pin)
cus_7d49a4a9-7f9,Madhya Pradesh,Chhatarpur,Chhatarpur,Vishwanath Colony,Confirmed (pin + address agree)
cus_7d504909-b56,Maharashtra,Palghar,Vasai,Vasai East,Check: pin and address disagree
cus_7d527043-72b,Maharashtra,Kolhapur,Kolhapur,Bapat Camp,Confirmed (pin + address agree)
cus_7d562f76-1e2,Odisha,Puri,Puri,Badasankha,Confirmed (pin + address agree)
cus_7d5a12a9-333,Maharashtra,Solapur,Pandharpur,June Pat,Confirmed (pin + address agree)
cus_7d60ce42-6c3,Kerala,Kozhikode,Thamarassery,,From sheet text only
cus_7d7c598a-374,Rajasthan,Kota,Kota,Dhanmandi,Confirmed (pin + address agree)
cus_7d8e109b-fde,Maharashtra,Mumbai,Mumbai,Goregaon,Confirmed (pin + address agree)
cus_7da50abd-e06,Madhya Pradesh,West Nimar,Khargone,Jawahar Nagar,Confirmed (pin + address agree)
cus_7db8eb1b-690,Madhya Pradesh,Dewas,Dewas,Nagar Nigam Colony,Confirmed (pin + address agree)
cus_7db9d190-2cf,Madhya Pradesh,Indore,Indore,,From sheet text only
cus_7ddd4b0b-56c,Kerala,Ernakulam,Kalady,Chengal,Confirmed (pin + address agree)
cus_7de661dc-e41,Maharashtra,Nagpur,Nagpur,Itwari,From address only (no pin)
cus_7df61527-f3e,Madhya Pradesh,Jabalpur,Jabalpur,Nandni Ronsara,From pin only
cus_7df852d1-96b,Maharashtra,Thane,Dombivli,Dombivli West,Confirmed (pin + address agree)
cus_7e0762ab-4c5,Maharashtra,Raigad,Raigad,Taloja,Confirmed (pin + address agree)
cus_7e096e0e-355,Madhya Pradesh,Indore,Indore,Anuradha Nagar,From pin only
cus_7e0ce981-faa,Maharashtra,Palghar,Vasai,Vasai East,Confirmed (pin + address agree)
cus_7e1210d1-bb6,Maharashtra,Thane,Badlapur,Badlapur Gaon,Confirmed (pin + address agree)
cus_7e137202-14b,Madhya Pradesh,Indore,Indore,Chhawni,From address only (no pin)
cus_7e286c8b-42d,Kerala,Thiruvananthapuram,Thiruvananthapuram,Thampanoor,Confirmed (pin + address agree)
cus_7e3cdbe2-a05,Maharashtra,Thane,Kolegaon,Krishnai Nagar,Check: pin and address disagree
cus_7e3d7ae8-d79,Maharashtra,Thane,Thane,Kalwa,Confirmed (pin + address agree)
cus_7e426d90-962,Maharashtra,Thane,Bhiwandi,Kalher,Confirmed (pin + address agree)
cus_7e4b4f3b-e8c,Maharashtra,Palghar,Vasai,,From pin only
cus_7e4b6008-694,Odisha,Khorda,Bhubaneswar,,From pin only
cus_7e667322-f1b,Maharashtra,Latur,Latur,Narayan Nagar,Check: pin and address disagree
cus_7e673d6f-6c1,Maharashtra,Palghar,Nala Sopara,,From pin only
cus_7e68cfca-1cf,Maharashtra,Mumbai,Mumbai,Goregaon West,Check: pin and address disagree
cus_7e6d9f22-67f,Maharashtra,Pune,Pune,Ganesh Peth,Confirmed (pin + address agree)
cus_7e7bbadc-21f,Maharashtra,Palghar,Palghar,Tembhode,From address only (no pin)
cus_7e86f0b1-40a,Rajasthan,Jaipur,Jaipur,Murlipura,Confirmed (pin + address agree)
cus_7e8d0324-b31,Kerala,Pathanamthitta,Mallappally,Cmw4Ccc,From pin only
cus_7e8d6217-143,Odisha,Khorda,Bhubaneswar,Rasulgarh,Confirmed (pin + address agree)
cus_7eaaab7a-8c7,Maharashtra,Nagpur,Nagpur,Bank Colony,Confirmed (pin + address agree)
cus_7eb055cb-294,Odisha,Koraput,Jeypore,Santoshi Maa Nagar,Confirmed (pin + address agree)
cus_7eb64984-78d,Odisha,Cuttack,Jagatpur,Vinayak Nagar,Check: pin and address disagree
cus_7eb80cd9-dc6,Madhya Pradesh,Bhopal,Bhopal,Peer Gate Area,Confirmed (pin + address agree)
cus_7ebde005-e62,Madhya Pradesh,Indore,Indore,Sudama Nagar,Confirmed (pin + address agree)
cus_7ed04b41-c88,Madhya Pradesh,Jabalpur,Jabalpur,Gwarighat,Confirmed (pin + address agree)
cus_7ef58d08-25e,Maharashtra,Mumbai,Mumbai,,Confirmed (pin + address agree)
cus_7f295a8a-b33,Maharashtra,Akola,Akola,Dahigaon Gawande,Confirmed (pin + address agree)
cus_7f2dae26-33b,Madhya Pradesh,Jabalpur,Jabalpur,Ghamapur,Confirmed (pin + address agree)
cus_7f32b34c-66f,Maharashtra,Palghar,Nala Sopara,Nalasopara East,From sheet text only
cus_7f32ba17-9a0,Maharashtra,Thane,Kalyan,Tilak Nagar,Confirmed (pin + address agree)
cus_7f4178aa-e4d,Maharashtra,Palghar,Vasai,Vasai East,From sheet text only
cus_7f55e27c-477,Rajasthan,Jaipur,Jaipur,,From sheet text only
cus_7f5de25e-395,Rajasthan,Hanumangarh,Hanumangarh,Bhatta Colony,From address only (no pin)
cus_7f67b868-c77,Rajasthan,Jaipur,Jaipur,Jalupura,Confirmed (pin + address agree)
cus_7f68cff7-960,Rajasthan,Kota,Kota,Rangbari,Confirmed (pin + address agree)
cus_7f6d5e32-d73,Madhya Pradesh,Indore,Indore,Dev Nagar,Confirmed (pin + address agree)
cus_7f7a90c0-5bd,Odisha,Cuttack,Cuttack,Masik Patna Colony,Confirmed (pin + address agree)
cus_7f894e4b-6e2,Maharashtra,Palghar,Nala Sopara,,From pin only
cus_7f8bcb65-0b8,Odisha,Cuttack,Jagatpur,Salipur,From address only (no pin)
cus_7fa82a99-0c1,Odisha,Khorda,Bhubaneswar,Dashabatia,From sheet text only
cus_7fbb05f9-6cd,Kerala,Kozhikode,Nadapuram,Kuttiady,From pin only
cus_7fc9018b-542,Maharashtra,Buldhana,Buldhana,Milind Nagar,Confirmed (pin + address agree)
cus_7fd3754a-d86,Rajasthan,Ganganagar,Sri Ganganagar,Old Dhan Mandi,From address only (no pin)
cus_7fdaea29-b51,Kerala,Kozhikode,Kunnamangalam,Vent Pipe Bridge Mukkam,From pin only
cus_7fdc486e-028,Maharashtra,Thane,Thane,,From sheet text only
cus_7ffc9b23-1d0,Kerala,Kozhikode,Cherapuram,Nittur,Confirmed (pin + address agree)
cus_800c4a7c-64f,Madhya Pradesh,Chhindwara,Chhindwara,,Confirmed (pin + address agree)
cus_800c4b02-a1d,Rajasthan,Ajmer,Beawar,Vidya Nagar,Confirmed (pin + address agree)
cus_801a6a11-ed5,Maharashtra,Raigad,Nagothane,,Check: pin and address disagree
cus_80220f6a-894,Maharashtra,Palghar,Juchandra,Naigaon East,Check: pin and address disagree
cus_80226b92-a45,Maharashtra,Thane,Kalyan,Kalyan East,Check: pin and address disagree
cus_80292dac-f41,Rajasthan,Ajmer,Ajmer,,From address only (no pin)
cus_802a1eb9-a78,Maharashtra,Thane,Bhiwandi,Hasan Baug,Confirmed (pin + address agree)
cus_802c79a6-358,Rajasthan,Ajmer,Beawar,Moti Nagar,Confirmed (pin + address agree)
cus_80386d7b-3b2,Kerala,Kasargod,Kanhangad,Kuniya,From pin only
cus_80428d33-cf1,Maharashtra,Pune,Wagholi,next to Surya Tractor,From address only (no pin)
cus_80471de9-fad,Maharashtra,Sangli,Vita,Advi Peth,Confirmed (pin + address agree)
cus_80610c0c-418,Maharashtra,Solapur,Jeur,,From pin only
cus_80636c78-cb0,Rajasthan,Chittorgarh,Chittorgarh,Senthi Purani Abadi,From address only (no pin)
cus_8063c5ed-ded,Maharashtra,Nagpur,Nagpur,Bajaria,Confirmed (pin + address agree)
cus_8088a48e-d8c,Maharashtra,Palghar,Palghar,Vevoor,From address only (no pin)
cus_809c4f44-d51,Maharashtra,Thane,Thane,,From pin only
cus_80a023e8-8fe,Madhya Pradesh,Indore,Indore,Sangam Nagar,Confirmed (pin + address agree)
cus_80c12600-420,Maharashtra,Palghar,Vasai,,From pin only
cus_80d31857-617,Maharashtra,Thane,Kon,,Confirmed (pin + address agree)
cus_80db1931-a33,Maharashtra,Thane,Thane,,From sheet text only
cus_80e6c816-78b,Kerala,Ernakulam,Kochi,Kaloor,Confirmed (pin + address agree)
cus_80e71ada-22c,Madhya Pradesh,Vidisha,Ganj Basoda,,Confirmed (pin + address agree)
cus_80ea891c-61c,Madhya Pradesh,Chhindwara,Chhindwara,Mohan Nagar,From address only (no pin)
cus_8100cdd0-c7a,Madhya Pradesh,Jabalpur,Jabalpur,Rampur,Check: pin and address disagree
cus_81047909-3e2,Madhya Pradesh,Jabalpur,Jabalpur,Shakti Nagar,Confirmed (pin + address agree)
cus_810cd01b-524,Rajasthan,Jaipur,Jaipur,Jhotwara,Confirmed (pin + address agree)
cus_8118a7c3-205,Madhya Pradesh,Indore,Indore,Bk Sindhi Colony,Confirmed (pin + address agree)
cus_8125fe1d-3c8,Madhya Pradesh,Indore,Indore,Palda,Confirmed (pin + address agree)
cus_812c9eb5-cf8,Maharashtra,Thane,Navi Mumbai,Turbhe,Confirmed (pin + address agree)
cus_8132c486-229,Kerala,Kozhikode,Purameri,Tuneri,From pin only
cus_814fd530-967,Maharashtra,Palghar,Dahanu,Malyan,From address only (no pin)
cus_81694eda-f52,Odisha,Khorda,Bhubaneswar,Khandagiri,From address only (no pin)
cus_8178836b-df0,Dadra and Nagar Haveli and Daman and Diu,Daman,Vapi,Imran Nagar,Confirmed (pin + address agree)
cus_81797f26-238,Rajasthan,Jodhpur,Bilara,,Confirmed (pin + address agree)
cus_81816804-efb,Maharashtra,Mumbai,Mumbai,Jogeshwari West,Confirmed (pin + address agree)
cus_8190e3d8-95a,Tamil Nadu,Nilgiris,Ooty,Upper Bazar,Confirmed (pin + address agree)
cus_81912ee5-8ce,Rajasthan,Jaipur,Jaipur,Heerapura,Confirmed (pin + address agree)
cus_81b21b70-a8e,Odisha,Khorda,Bhubaneswar,Chandrasekharpur,Confirmed (pin + address agree)
cus_81bedf44-f78,Jammu and Kashmir,Jammu,Jammu,,From sheet text only
cus_81c8870e-5c9,Rajasthan,Sikar,Reengus,Dheerajpura,From pin only
cus_81d7e743-0ed,Rajasthan,Tonk,Tonk,Subhash Bazar,Confirmed (pin + address agree)
cus_81f7335b-1b0,Rajasthan,Jaipur,Jaipur,Dahar Ka Balaji,Confirmed (pin + address agree)
cus_81fa8fb0-c99,Rajasthan,Ajmer,Mangliyawas,Mdr 39,From pin only
cus_820a82f6-1ea,Maharashtra,Palghar,Vasai,,From sheet text only
cus_820b1d03-09a,Rajasthan,Jaipur,Jaipur,Gopal Pura Mode,Confirmed (pin + address agree)
cus_8215f239-a60,Maharashtra,Pune,Pune,Pisoli,From sheet text only
cus_8218a587-7a6,Madhya Pradesh,Jabalpur,Jabalpur,Bilhari,Confirmed (pin + address agree)
cus_821da04e-832,Madhya Pradesh,Bhopal,Bhopal,,From sheet text only
cus_8253bd13-dab,Madhya Pradesh,Bhopal,Bhopal,,From sheet text only
cus_825e0ee8-d7d,Maharashtra,Latur,Latur,Sawe Wadi,Confirmed (pin + address agree)
cus_825e466a-df4,Rajasthan,Ajmer,Pisangan,,Confirmed (pin + address agree)
cus_82619452-90e,Maharashtra,Kolhapur,Kolhapur,Shahupuri,From address only (no pin)
cus_826a2d0c-da1,Madhya Pradesh,Dhar,Bhopal,Pankaj Colony,From pin only
cus_827af9af-56b,Madhya Pradesh,Jabalpur,Jabalpur,Polipather,Confirmed (pin + address agree)
cus_827d629c-dca,Maharashtra,Palghar,Virar,Virar West,Confirmed (pin + address agree)
cus_82814c95-b4b,Maharashtra,Mumbai,Mumbai,Goregaon,From address only (no pin)
cus_8288ef59-a24,Rajasthan,Jaipur,Jaipur,Metro Station Mansarovar,Confirmed (pin + address agree)
cus_82930933-3b2,Rajasthan,Jaipur,Jaipur,Bhakrota,Confirmed (pin + address agree)
cus_829ae318-21f,Maharashtra,Thane,Kalyan,Rambaug,Confirmed (pin + address agree)
cus_829e0734-5d6,Odisha,Cuttack,Cuttack,Government Press Employee Quarters,Confirmed (pin + address agree)
cus_82abc78f-163,Maharashtra,Thane,Thane,Majiwada,Check: pin and address disagree
cus_82c3d438-843,Maharashtra,Mumbai,Mumbai,Andheri,Confirmed (pin + address agree)
cus_82c9549d-419,Kerala,Alappuzha,Mannar,Eramathoor,Confirmed (pin + address agree)
cus_82c9c816-e53,Rajasthan,Jodhpur,Jodhpur,Sardarpura,Check: pin and address disagree
cus_82ccc530-792,Maharashtra,Raigad,Tala,Wali,Check: pin and address disagree
cus_82d31b4b-f95,Madhya Pradesh,Indore,Indore,Nehru Nagar,Check: pin and address disagree
cus_82e4eb0c-951,Tamil Nadu,Nilgiris,Gudalur,,From pin only
cus_82f69ed9-999,Maharashtra,Palghar,Vasai,Vasai West,From sheet text only
cus_82f989ac-fe0,Madhya Pradesh,Bhopal,Bhopal,,From sheet text only
cus_82f994a1-430,Maharashtra,Mumbai,Mumbai,Malad,From sheet text only
cus_82fafe6a-507,Maharashtra,Raigad,Raigad,Panvel,Confirmed (pin + address agree)
cus_82fdcf90-fe8,Madhya Pradesh,Jabalpur,Jabalpur,Gupta Colony,Confirmed (pin + address agree)
cus_830d7a73-3c8,Madhya Pradesh,Jabalpur,Jabalpur,Adhartal,Confirmed (pin + address agree)
cus_83187f12-b13,Rajasthan,Jodhpur,Jodhpur,Basni,Confirmed (pin + address agree)
cus_831a14b4-96d,Madhya Pradesh,Jabalpur,Katangi,,Confirmed (pin + address agree)
cus_8328a5c9-6de,Kerala,Kozhikode,Cherapuram,Kerala,From pin only
cus_834aa64c-f65,Maharashtra,Thane,Titwala,Atali,Confirmed (pin + address agree)
cus_834f65ba-877,Rajasthan,Jodhpur,Jodhpur,Maderana Colony,Confirmed (pin + address agree)
cus_8352ac3f-beb,Madhya Pradesh,Indore,Indore,,Check: pin and address disagree
cus_835358ed-317,Maharashtra,Thane,Kalyan,Bhoiwada,Confirmed (pin + address agree)
cus_836242a9-c3f,Rajasthan,Jaipur,Bassi,,Confirmed (pin + address agree)
cus_836a0352-178,Odisha,Cuttack,Nakhara,,Confirmed (pin + address agree)
cus_836eadff-dc0,Kerala,Pathanamthitta,Pathanamthitta,Pandalam,From pin only
cus_83730288-d07,Maharashtra,Palghar,Boisar,Sanjay Nagar,Check: pin and address disagree
cus_8373f491-e76,Maharashtra,Thane,Ambernath,MIDC East,Confirmed (pin + address agree)
cus_83745c84-5be,Rajasthan,Jaipur,Chomu,,Confirmed (pin + address agree)
cus_83867348-0c3,Maharashtra,Mumbai,Mumbai,Dahisar East,Confirmed (pin + address agree)
cus_839dc106-b6c,Kerala,Alappuzha,Alappuzha,,From sheet text only
cus_83b01de6-366,Kerala,Kannur,Thalassery,Gopalpet,Confirmed (pin + address agree)
cus_83c5748c-370,Rajasthan,Jaipur,Renwal,Kishangarh Renwal,Confirmed (pin + address agree)
cus_83caab7d-c90,Madhya Pradesh,Indore,Indore,Green Park Colony,Confirmed (pin + address agree)
cus_83d2a519-07f,Karnataka,Kalaburagi,Gulbarga,,From sheet text only
cus_83d67a97-096,Madhya Pradesh,Indore,Santer,Dr. Ambedkar Nagar (Mhow),From pin only
cus_83e29036-9cc,Madhya Pradesh,Indore,Indore,Dr. Ambedkar Nagar (Mhow),From pin only
cus_83e4af3d-5c7,Maharashtra,Thane,Dombivli,Dombivli East,From address only (no pin)
cus_83e5d066-ea4,Kerala,Malappuram,Kozhikode,Ramanattukara,Confirmed (pin + address agree)
cus_83f6530c-c82,Kerala,Kozhikode,Kakkattil,Chelakkad,Confirmed (pin + address agree)
cus_83fbb1b7-0c7,Rajasthan,Jaipur,Jaipur,Kanakpura,Confirmed (pin + address agree)
cus_84012324-900,Madhya Pradesh,Bhopal,Bhopal,Misrod,From pin only
cus_8416497c-d81,Madhya Pradesh,Indore,Indore,Avantika Nagar,Confirmed (pin + address agree)
cus_841ff858-0a6,Maharashtra,Palghar,Vasai,Vasai East,Confirmed (pin + address agree)
cus_842a8056-cc2,Madhya Pradesh,Jabalpur,Jabalpur,Maharajpur,Confirmed (pin + address agree)
cus_843047b4-d63,Odisha,Cuttack,Cuttack,Chaudwar,From pin only
cus_8443cdc2-5d3,Rajasthan,Jaipur,Jaipur,Harmada,Confirmed (pin + address agree)
cus_84495927-14b,Maharashtra,Thane,Thane,,From sheet text only
cus_84628989-f1d,Kerala,Kozhikode,Thiruvallur,,Confirmed (pin + address agree)
cus_8470f3d6-a35,Rajasthan,Jaipur,Jaipur,Paldi Meena,Confirmed (pin + address agree)
cus_84748734-fcf,Maharashtra,Aurangabad,Chhatrapati Sambhajinagar,Sindhi Colony,From address only (no pin)
cus_847934a4-d07,Maharashtra,Solapur,Mohol,Siddharth Nagar,From address only (no pin)
cus_847dbd4c-22b,Maharashtra,Thane,Badlapur,Badlapur East,From sheet text only
cus_84857a8b-c1d,Gujarat,Rajkot,Rajkot,,Confirmed (pin + address agree)
cus_84898089-9e0,Madhya Pradesh,Bhopal,Bhopal,Ayodhya Nagar,Confirmed (pin + address agree)
cus_848c6483-fc5,Kerala,Kollam,Kollam,Chinnakada,Confirmed (pin + address agree)
cus_848ee41d-63b,Maharashtra,Kolhapur,Kolhapur,Shivaji Udyam Nagar,From address only (no pin)
cus_84938053-308,Madhya Pradesh,Indore,Indore,Sanvid Nagar,Confirmed (pin + address agree)
cus_849ee848-926,Rajasthan,Jodhpur,Jodhpur,Rawat Nagar,Check: pin and address disagree
cus_84a671f6-e17,Madhya Pradesh,Jabalpur,Jabalpur,Ranipur,Confirmed (pin + address agree)
cus_84a8654f-7aa,Rajasthan,Jaipur,Jaipur,Tonk Phatak,Confirmed (pin + address agree)
cus_84db95d1-684,Maharashtra,Solapur,Vairag,,Confirmed (pin + address agree)
cus_84e470c0-4d6,Madhya Pradesh,Raisen,Raisen,,From sheet text only
cus_84e67b92-545,Maharashtra,Mumbai,Mumbai,Ghatkopar,Not locatable
cus_851143ae-9c0,Maharashtra,Mumbai,Mumbai,Kandivali West,Confirmed (pin + address agree)
cus_8512f623-f7e,Kerala,Kozhikode,Kallachi,Chelakkad,Confirmed (pin + address agree)
cus_8516a4ea-869,Maharashtra,Raigad,Raigad,Taloja,From pin only
cus_852a1889-aee,Maharashtra,Thane,Kalyan,Gauripada,Confirmed (pin + address agree)
cus_85306f2f-44b,Maharashtra,Pune,Pune,Sadashiv Peth,From sheet text only
cus_854a0d53-9fb,Maharashtra,Sangli,Atpadi,Sangli,From address only (no pin)
cus_855bbdd1-655,Rajasthan,Jaipur,Renwal,Kishangarh Renwal,From pin only
cus_856997c8-19b,Kerala,Kozhikode,Omassery,,From sheet text only
cus_857dbd0f-465,Rajasthan,Jaipur,Jaipur,Kanwar Nagar,Confirmed (pin + address agree)
cus_8581a942-3f3,Kerala,Pathanamthitta,Mallappally,Cmw3Pwp,From pin only
cus_85829cd2-f0e,Maharashtra,Thane,Bhiwandi,Kalher,Confirmed (pin + address agree)
cus_858ac723-3b3,Madhya Pradesh,Indore,Indore,Bartan Bazar,Confirmed (pin + address agree)
cus_8591ab41-6ad,Madhya Pradesh,Bhopal,Bhopal,,Check: pin and address disagree
cus_859b4295-794,Maharashtra,Thane,Ambernath,,From sheet text only
cus_85a1300b-b01,Maharashtra,Mumbai,Mumbai,Goregaon,Confirmed (pin + address agree)
cus_85a3395c-0d8,Maharashtra,Mumbai,Mumbai,Andheri East,Confirmed (pin + address agree)
cus_85b45084-261,Maharashtra,Thane,Ambernath,Ambernath East,Confirmed (pin + address agree)
cus_85b66d9d-4a1,Maharashtra,Palghar,Vasai,Vasai East,Confirmed (pin + address agree)
cus_85c23ea9-881,Rajasthan,Jaipur,Jaipur,Mansarovar,From address only (no pin)
cus_85c6a997-bc6,Punjab,,,,From sheet text only
cus_85ee5bbb-5e5,Maharashtra,Thane,Thane,,From address only (no pin)
cus_860d39cd-fbf,Kerala,Kozhikode,Memunda,Keezhal,From pin only
cus_861985f8-8d6,Maharashtra,Mumbai,Mumbai,Andheri East,Confirmed (pin + address agree)
cus_861d24c2-e48,Kerala,Kozhikode,Mokeri,Kuttiady,From pin only
cus_861d2e11-79a,Rajasthan,Jaipur,Jaipur,Tagore Nagar,Confirmed (pin + address agree)
cus_862c0069-f95,Madhya Pradesh,Bhopal,Bhopal,,From sheet text only
cus_863e8b18-33d,Rajasthan,Jaipur,Jaipur,Bhakrota,Confirmed (pin + address agree)
cus_863eb484-88c,Odisha,Khorda,Bhubaneswar,Nayapalli,Confirmed (pin + address agree)
cus_8648db04-ad4,Kerala,Kozhikode,Villiappally,Kurikkilad,Confirmed (pin + address agree)
cus_865bff67-9e2,Maharashtra,Raigad,Raigad,Taloja,From pin only
cus_8660ab9b-080,Maharashtra,Thane,Thane,Thane West,Confirmed (pin + address agree)
cus_86620ba5-558,Maharashtra,Nagpur,Nagpur,Chandan Nagar,Confirmed (pin + address agree)
cus_866b7c4e-056,Rajasthan,Alwar,Alwar,Jawali Bhawan Colony,Check: pin and address disagree
cus_866b926d-f8b,Kerala,Kannur,Kadachira,Kizhunna,Confirmed (pin + address agree)
cus_866dab74-fa8,Kerala,Pathanamthitta,Thiruvalla,,Confirmed (pin + address agree)
cus_867265c7-1ff,Odisha,Nayagarh,Nayagarh,,From sheet text only
cus_867b2ab4-e3e,Maharashtra,Palghar,Mira-Bhayandar,Waliv,From pin only
cus_86829630-d00,Madhya Pradesh,Jabalpur,Jabalpur,Medical College Colony,Confirmed (pin + address agree)
cus_869f26bb-a9c,Maharashtra,Palghar,Vasai,Naigaon East,From sheet text only
cus_86b25de1-71b,Rajasthan,Jaipur,Jaipur,Sirsi,Confirmed (pin + address agree)
cus_86b8ae4f-ee7,Maharashtra,Jalgaon,Jalgaon,Jaikisan Wadi,Confirmed (pin + address agree)
cus_86c53b0d-cbf,Madhya Pradesh,Indore,Indore,Rau,Confirmed (pin + address agree)
cus_86d476db-792,Maharashtra,Thane,Bhiwandi,Avachit Pada,Confirmed (pin + address agree)
cus_86d99b2a-831,Gujarat,Rajkot,Shapar,,Check: pin and address disagree
cus_86eec0e6-f38,Maharashtra,Nagpur,Nagpur,Manjidana Colony,Confirmed (pin + address agree)
cus_86eef721-511,Kerala,Ernakulam,Aluva,Periyar Nagar,Confirmed (pin + address agree)
cus_8705b9f7-924,Maharashtra,Raigad,Tala,Wali,Check: pin and address disagree
cus_870da564-c88,Maharashtra,Thane,Bhiwandi,,From sheet text only
cus_87117eda-6ba,Maharashtra,Thane,Kalyan,Kalyan East,Confirmed (pin + address agree)
cus_8718368c-15e,Kerala,Thiruvananthapuram,Thiruvananthapuram,Poozhikunnu,From pin only
cus_87310241-4b7,Maharashtra,Palghar,Vasai,,From pin only
cus_87438ef6-d0a,Kerala,Kozhikode,Vatakara,Nandi Bazar,From pin only
cus_8747412e-fb2,Maharashtra,Mumbai,Mumbai,Andheri East,Confirmed (pin + address agree)
cus_8758a706-178,Madhya Pradesh,Bhopal,Bhopal,Peer Gate Area,Confirmed (pin + address agree)
cus_87591561-06b,Maharashtra,Pune,Pune,Wagholi,Confirmed (pin + address agree)
cus_87920dd6-ca2,Maharashtra,Palghar,Vasai,Vasai East,Confirmed (pin + address agree)
cus_87ac1ba8-1e1,Maharashtra,Nagpur,Nagpur,,From sheet text only
cus_87b31a08-ef7,Kerala,Kozhikode,Cheruvannur,Muyippoth,Confirmed (pin + address agree)
cus_87bac386-9c8,Maharashtra,Pune,Pune,Mundhwa,Confirmed (pin + address agree)
cus_87bba334-0e2,Rajasthan,Tonk,Tonk,Kali Paltan,Confirmed (pin + address agree)
cus_87d261eb-217,Rajasthan,Jaipur,Jaipur,Theekariya,From pin only
cus_87e43923-1b6,Maharashtra,Nagpur,Nagpur,Kalmana,Confirmed (pin + address agree)
cus_87fa4983-9fb,Kerala,Kozhikode,Nadapuram,Kuttiady,From pin only
cus_87fa929d-f01,Maharashtra,Thane,Badlapur,Kulgaon,Confirmed (pin + address agree)
cus_881a03d9-cbd,Maharashtra,Nagpur,Nagpur,Besa,Confirmed (pin + address agree)
cus_8823f22a-625,Kerala,Kozhikode,Kozhikode,Mananchira,Confirmed (pin + address agree)
cus_88258c67-407,Maharashtra,Osmanabad,Latur,Deep Jyoti Nagar,Confirmed (pin + address agree)
cus_8826bf89-2e9,Maharashtra,Palghar,Boisar,,From sheet text only
cus_885a0ea8-ba5,Maharashtra,Thane,Badlapur,Gaodevi,Confirmed (pin + address agree)
cus_885a3de5-595,Madhya Pradesh,Indore,Indore,,From sheet text only
cus_886ac2ef-2ff,Madhya Pradesh,Indore,Indore,Sheetal Nagar,Confirmed (pin + address agree)
cus_886bf3c5-7bd,Odisha,Khorda,Bhubaneswar,Laxmisagar,From address only (no pin)
cus_886ed02d-fd4,Madhya Pradesh,Indore,Indore,New Palasia,Confirmed (pin + address agree)
cus_88769b42-96b,Maharashtra,Thane,Bhiwandi,Valpada,Confirmed (pin + address agree)
cus_887861e5-751,Kerala,Thrissur,Guruvayur,Edappully,From address only (no pin)
cus_88825aea-6b3,Rajasthan,Jaipur,Jaipur,Bhopal,From pin only
cus_8882ad6e-180,Rajasthan,Jaipur,Jaipur,Brijlalpura,Confirmed (pin + address agree)
cus_8887ad6e-1d6,Gujarat,Jamnagar,Jamnagar,Kamdar Colony,Confirmed (pin + address agree)
cus_888b2ac4-1e8,Maharashtra,Osmanabad,Dharashiv,,Confirmed (pin + address agree)
cus_8892671c-353,Maharashtra,Thane,Navi Mumbai,Turbhe,Confirmed (pin + address agree)
cus_88a91e58-afc,Gujarat,Rajkot,Rajkot,Karanpara,Confirmed (pin + address agree)
cus_88bd5aec-1ae,Madhya Pradesh,Ratlam,Ratlam,Jawahar Nagar,Confirmed (pin + address agree)
cus_88bf5d84-2aa,Odisha,Khorda,Bhubaneswar,,From sheet text only
cus_88e72f73-511,Maharashtra,Solapur,Takali,Penur,From pin only
cus_88f1f4a1-5a1,Rajasthan,Jaipur,Jaipur,Murlipura,Confirmed (pin + address agree)
cus_88f530bc-900,Odisha,Dhenkanal,Dhenkanal,Deulasahi,Confirmed (pin + address agree)
cus_88f7a21e-fd2,Madhya Pradesh,Indore,Mhow Gaon,Shanti Nagar,From address only (no pin)
cus_88f9143c-499,Rajasthan,Jaipur,Jaipur,Jhotwara,From address only (no pin)
cus_88fa1bdb-dce,Madhya Pradesh,Sehore,Sehore,Nehru Colony,Confirmed (pin + address agree)
cus_88fbdae1-4f1,Maharashtra,Buldhana,Buldhana,Chaitanyawadi,Confirmed (pin + address agree)
cus_88feb71f-942,Madhya Pradesh,Indore,Indore,Malti Vanaspati,Confirmed (pin + address agree)
cus_8918c0a7-ae8,Gujarat,Rajkot,Rajkot,Karanpara,Confirmed (pin + address agree)
cus_8919d101-9f5,Rajasthan,Ajmer,Ajmer,Parbatpura,Confirmed (pin + address agree)
cus_892577df-745,Madhya Pradesh,Indore,Indore,Raj Mohalla,Confirmed (pin + address agree)
cus_892962f6-9bd,Maharashtra,Thane,Ulhasnagar,Vitthalwadi,Confirmed (pin + address agree)
cus_892f63ed-c10,Kerala,Palakkad,Palakkad,Kalmandapam,Confirmed (pin + address agree)
cus_89364be8-781,Rajasthan,Jodhpur,Jodhpur,Ashok Nagar,Confirmed (pin + address agree)
cus_8955d72c-a9d,Maharashtra,Latur,Latur,Khadgaon,Confirmed (pin + address agree)
cus_89598523-91a,Rajasthan,Jaipur,Dudu,,Confirmed (pin + address agree)
cus_895a3517-aea,Maharashtra,Palghar,Virar,Virar East,From sheet text only
cus_8975e499-af2,Rajasthan,Jaipur,Jaipur,Jaswant Nagar,Confirmed (pin + address agree)
cus_89798873-622,Kerala,Kozhikode,Kokkallur,,Confirmed (pin + address agree)
cus_898a7e5b-a98,Madhya Pradesh,Sehore,Sehore,Sindhi Colony,Confirmed (pin + address agree)
cus_898af350-d22,Odisha,Khorda,Bijipur,Tamando,Check: pin and address disagree
cus_898ca565-c9f,Madhya Pradesh,Katni,Katni,Gole Bazar,Confirmed (pin + address agree)
cus_89a04367-a66,Maharashtra,Nagpur,Nagpur,Empress City,Confirmed (pin + address agree)
cus_89ad7da8-6a6,Maharashtra,Pune,Pune,Vithai Warehouse,From sheet text only
cus_89b34d1e-e62,Rajasthan,Ajmer,Ajmer,Ghooghra,From pin only
cus_89e60443-cbf,Maharashtra,Thane,Thane,Thane West,Confirmed (pin + address agree)
cus_8a0fe293-9a2,Madhya Pradesh,Indore,Indore,Goyal Nagar,Check: pin and address disagree
cus_8a126811-449,Rajasthan,Ajmer,Nasirabad,,Confirmed (pin + address agree)
cus_8a56d9d7-617,Maharashtra,Palghar,Virar,Virar East,From address only (no pin)
cus_8a5ce189-20b,Madhya Pradesh,Indore,Indore,Dwarkapuri,Confirmed (pin + address agree)
cus_8a5d4dde-971,Kerala,Ernakulam,Kochi,Ernakulam,Confirmed (pin + address agree)
cus_8a5e1eb5-6b3,Maharashtra,Mumbai,Mumbai,,Confirmed (pin + address agree)
cus_8a5f45ef-9cf,Kerala,Thiruvananthapuram,Pazhayakunnummel,Kilimanoor,Check: pin and address disagree
cus_8a6362dc-197,Rajasthan,Chittorgarh,Chittorgarh,Kailash Nagar,Confirmed (pin + address agree)
cus_8a80f130-34e,Maharashtra,Solapur,Pandharpur,Visthapit Nagar,Confirmed (pin + address agree)
cus_8a880dc1-4e3,Madhya Pradesh,Dhar,Pithampur,Pankaj Colony,From sheet text only
cus_8a958145-e0f,Madhya Pradesh,Dewas,Dewas,Itawa,Confirmed (pin + address agree)
cus_8a9bae50-d91,Maharashtra,Amravati,Amravati,Sharda Vihar,Confirmed (pin + address agree)
cus_8a9f5f39-6cb,Odisha,Khorda,Bhubaneswar,Chandrasekharpur,Confirmed (pin + address agree)
cus_8aae9590-8f7,Rajasthan,Ajmer,Bijainagar,nearby Goyal hospital,Confirmed (pin + address agree)
cus_8ab60cae-4d9,Maharashtra,Thane,Bhiwandi,Sonale Village,Confirmed (pin + address agree)
cus_8ac093b0-a0d,Maharashtra,Thane,Dombivli,Devicha Pada,Confirmed (pin + address agree)
cus_8ad8d9d5-de0,Maharashtra,Latur,Latur,Patel Nagar,Confirmed (pin + address agree)
cus_8aea96d6-2fc,Maharashtra,Thane,Badlapur,Shirgaon,Confirmed (pin + address agree)
cus_8af41e28-41f,Rajasthan,Jodhpur,Jodhpur,UIT Colony,Confirmed (pin + address agree)
cus_8b01e333-b6d,Kerala,Kozhikode,Kozhikode,Parammal,Confirmed (pin + address agree)
cus_8b0aad49-82d,Maharashtra,Thane,Mira-Bhayandar,Bhayandar East,Confirmed (pin + address agree)
cus_8b0fbf5c-086,Tamil Nadu,Nilgiris,Gudalur,,Confirmed (pin + address agree)
cus_8b1caf15-bc1,Maharashtra,Latur,Latur,Ganj Golai,Confirmed (pin + address agree)
cus_8b20d172-d0a,Odisha,Ganjam,Brahmapur,Housing Board Colony,Confirmed (pin + address agree)
cus_8b232615-9cf,Odisha,Khorda,Bhubaneswar,Rudrapur,Confirmed (pin + address agree)
cus_8b2f714a-25e,Maharashtra,Palghar,Vasai,Vasai East,Confirmed (pin + address agree)
cus_8b36a807-c70,Madhya Pradesh,Chhindwara,Chhindwara,Rautha Wada,Confirmed (pin + address agree)
cus_8b4ebf61-ab9,Goa,North Goa,Mapusa,Hrr86Xg,Confirmed (pin + address agree)
cus_8b4ee12e-738,Rajasthan,Jaipur,Jaipur,Sodala,Confirmed (pin + address agree)
cus_8b52d20d-a9c,Kerala,Kozhikode,Azhiyur,,From pin only
cus_8b53119b-68b,Madhya Pradesh,Indore,Indore,Bhanwar Kuwa,Confirmed (pin + address agree)
cus_8b608559-aba,Maharashtra,Nagpur,Nagpur,Ashirwad Nagar,Confirmed (pin + address agree)
cus_8b61b637-e7d,Maharashtra,Thane,Bhiwandi,Gulzar Nagar,Confirmed (pin + address agree)
cus_8b6a34be-72e,Maharashtra,Palghar,Safale,Kardal,From sheet text only
cus_8b7de9ed-5d5,Maharashtra,Palghar,Vasai,Vasai East,From sheet text only
cus_8b876ccc-cef,Madhya Pradesh,Indore,Indore,,Confirmed (pin + address agree)
cus_8b901c5c-403,Maharashtra,Palghar,Jamshet,,From address only (no pin)
cus_8b9c926d-768,Maharashtra,Akola,Akola,Baid Pura,Confirmed (pin + address agree)
cus_8b9e6729-ac4,Rajasthan,Sikar,Sri Madhopur,Shrimadhopur,From pin only
cus_8ba810f1-1d4,Madhya Pradesh,Ratlam,Ratlam,Bapu Nagar,Confirmed (pin + address agree)
cus_8bb27d19-b68,Madhya Pradesh,Bhopal,Bhopal,TT Nagar,From address only (no pin)
cus_8bd5dd11-4ea,Kerala,Kozhikode,Villiappally,,Check: pin and address disagree
cus_8bf1a3dd-4a0,Madhya Pradesh,Bhopal,Bhopal,Peer Gate Area,Confirmed (pin + address agree)
cus_8bf82ed4-277,Madhya Pradesh,Jabalpur,Jabalpur,,Confirmed (pin + address agree)
cus_8c01b9ff-bb0,Kerala,Kozhikode,Purameri,Orkkatteri,From pin only
cus_8c02d20a-c97,Maharashtra,Mumbai,Mumbai,Borivali East,From sheet text only
cus_8c1fd087-e37,Maharashtra,Palghar,Nala Sopara,Goregaon West,From pin only
cus_8c26a8fd-54d,Odisha,Cuttack,Cuttack,LIC Colony,Confirmed (pin + address agree)
cus_8c2a2374-dc3,Maharashtra,Palghar,Vasai,Vasai East,Confirmed (pin + address agree)
cus_8c339657-990,Rajasthan,Ajmer,Kishangarh,Madanganj,From address only (no pin)
cus_8c436ef3-24c,Madhya Pradesh,Bhopal,Bhopal,Neelbad,From pin only
cus_8c47155d-8cf,Kerala,Kottayam,Karukachal,,From address only (no pin)
cus_8c4cbfab-8f3,Maharashtra,Kolhapur,Chinchwad,,Check: pin and address disagree
cus_8c564a78-182,Kerala,Thrissur,Kumaranellur,Wadakkanchery,Check: pin and address disagree
cus_8c68bfcb-ef5,Rajasthan,Jodhpur,Jodhpur,,Confirmed (pin + address agree)
cus_8c6dd494-d55,Rajasthan,Sikar,Reengus,Ringas,Confirmed (pin + address agree)
cus_8c7a982e-bcc,Odisha,Ganjam,Hinjilicut,Hinjillikatu,Confirmed (pin + address agree)
cus_8c8380a6-cbb,Maharashtra,Akola,Akola,Malipura,Confirmed (pin + address agree)
cus_8c8c4a97-cdc,Maharashtra,Mumbai,Mumbai,Andheri East,From address only (no pin)
cus_8ca5793d-8c8,Rajasthan,Jaipur,Jaipur,Ashok Nagar,Confirmed (pin + address agree)
cus_8cab733e-23c,Maharashtra,Gadchiroli,Gadchiroli,Navegaon,From address only (no pin)
cus_8cb55f21-463,Madhya Pradesh,Indore,Indore,,Confirmed (pin + address agree)
cus_8cc28292-4c0,Maharashtra,Raigad,Raigad,Panvel,Confirmed (pin + address agree)
cus_8cc4ada0-b60,Madhya Pradesh,Hoshangabad,Itarsi,Chayan Colony,Confirmed (pin + address agree)
cus_8ccaf414-31c,Maharashtra,Palghar,Boisar,,From sheet text only
cus_8cddf229-b0e,Maharashtra,Thane,Kalyan,Lokgram,Confirmed (pin + address agree)
cus_8cf6ed75-827,Madhya Pradesh,Raisen,Bhopal,Mandideep,From pin only
cus_8cfa3ec9-052,Maharashtra,Palghar,Maan,,From address only (no pin)
cus_8cff9221-cb9,Rajasthan,Kota,Kota,Rangbari,Confirmed (pin + address agree)
cus_8d097246-18b,Maharashtra,Palghar,Nala Sopara,,From pin only
cus_8d15bdf0-5c9,Andhra Pradesh,Krishna,Vijayawada,,From sheet text only
cus_8d68a504-9ac,Maharashtra,Mumbai,Mumbai,Ghatkopar,Not locatable
cus_8d70fdfb-eec,Rajasthan,Jaipur,Jaipur,Jhotwara,Confirmed (pin + address agree)
cus_8d74ba97-0ec,Madhya Pradesh,Jabalpur,Jabalpur,Hathital,From address only (no pin)
cus_8d79e4ff-fb9,Madhya Pradesh,Indore,Indore,Malti Vanaspati,Confirmed (pin + address agree)
cus_8d7fa4b4-e57,Rajasthan,Jaipur,Bassi,,Confirmed (pin + address agree)
cus_8d8820cf-9a5,Odisha,Khorda,Bhubaneswar,Old Town,From address only (no pin)
cus_8d9609a0-77d,Madhya Pradesh,Bhopal,Bhopal,,Confirmed (pin + address agree)
cus_8dac739e-01e,Madhya Pradesh,Dhar,Pithampur,Tarapur,Confirmed (pin + address agree)
cus_8db4d95c-f6e,Maharashtra,Thane,Bhiwandi,Mandai,Confirmed (pin + address agree)
cus_8db5687a-a83,Maharashtra,Thane,Thane,Thane West,Confirmed (pin + address agree)
cus_8dbb2538-af1,Rajasthan,Jaipur,Jaipur,Jhotwara,Confirmed (pin + address agree)
cus_8dbfb7da-a54,Maharashtra,Thane,Badlapur,Mankivali,Confirmed (pin + address agree)
cus_8dc1dbfc-77d,Madhya Pradesh,Indore,Indore,Siyaganj,Confirmed (pin + address agree)
cus_8dcce19f-5db,Maharashtra,Thane,Kalyan,,From pin only
cus_8dde4857-ef3,Maharashtra,Mumbai,Mumbai,Andheri West,Confirmed (pin + address agree)
cus_8defae37-f9d,Maharashtra,Kolhapur,Kolhapur,Y.P.Powar nagar,Confirmed (pin + address agree)
cus_8dffa6b2-f80,Madhya Pradesh,Dewas,Dewas,Ganga Nagar,Confirmed (pin + address agree)
cus_8e004938-a26,Madhya Pradesh,Ujjain,Unhel,,Confirmed (pin + address agree)
cus_8e0172b8-d31,Madhya Pradesh,Raisen,Bhopal,Mandideep,Confirmed (pin + address agree)
cus_8e026e37-cf1,Maharashtra,Jalgaon,JalGoan,,From sheet text only
cus_8e14f0b9-572,Kerala,Thiruvananthapuram,Kottukal,Nellimoodu,Confirmed (pin + address agree)
cus_8e2bcf91-e9d,Maharashtra,Thane,Thane,Mumbra,Confirmed (pin + address agree)
cus_8e2c93d2-5c1,Kerala,Alappuzha,Alappuzha,Mullakkal,Confirmed (pin + address agree)
cus_8e2fda08-5c3,Maharashtra,Palghar,Virar,Virar East,Confirmed (pin + address agree)
cus_8e3a2d4b-0b4,Madhya Pradesh,Indore,Indore,Banganga,Confirmed (pin + address agree)
cus_8e3ab960-498,Karnataka,Bengaluru,Bengaluru,Kogilu,Confirmed (pin + address agree)
cus_8e3de5b1-7f4,Goa,North Goa,Bicholim,,From sheet text only
cus_8e4b45ad-b9b,Rajasthan,Ajmer,Ajmer,Dayanand Colony,Confirmed (pin + address agree)
cus_8e51a89b-c21,Maharashtra,Thane,Thane,,Confirmed (pin + address agree)
cus_8e52e034-237,Odisha,Cuttack,Cuttack,Naya Bazaar,Confirmed (pin + address agree)
cus_8e65cac4-24f,Maharashtra,Thane,Shahapur,,From sheet text only
cus_8e6a719a-ce9,Madhya Pradesh,Indore,Indore,Chhoti Gwaltoli,Confirmed (pin + address agree)
cus_8e6ade43-7ce,Kerala,Alappuzha,Alappuzha,Sea View Ward,Confirmed (pin + address agree)
cus_8e811a33-5d9,Maharashtra,Thane,Kasheli,Puranik Villas,From address only (no pin)
cus_8e830b3a-01a,Maharashtra,Raigad,Raigad,Panvel,Confirmed (pin + address agree)
cus_8e8dd63b-2ad,Maharashtra,Palghar,Vasai,Vasai East,Confirmed (pin + address agree)
cus_8e8dfcd4-b18,Madhya Pradesh,Bhopal,Bhopal,Salaiya,Confirmed (pin + address agree)
cus_8e9ac957-839,Madhya Pradesh,Bhopal,Bhopal,,Confirmed (pin + address agree)
cus_8e9b0c0b-841,Maharashtra,Palghar,Mira-Bhayandar,Bhayandar West,Confirmed (pin + address agree)
cus_8ea0f982-a9b,Maharashtra,Kolhapur,Kolhapur,Shahupuri,Confirmed (pin + address agree)
cus_8ea48faf-5a5,Kerala,Ernakulam,Kochi,Eroor,Confirmed (pin + address agree)
cus_8eb539ba-f0f,Madhya Pradesh,Indore,Indore,Patnipura Square,Confirmed (pin + address agree)
cus_8ec3f638-242,Maharashtra,Mumbai,Mumbai,Malad,From sheet text only
cus_8ee454cc-382,Gujarat,Rajkot,Rajkot,Bhakti Nagar,Confirmed (pin + address agree)
cus_8efa9d92-e4c,Rajasthan,Jaipur,Jaipur,Jagatpura,Confirmed (pin + address agree)
cus_8f07b3ce-bb3,Rajasthan,Jaipur,Jaipur,Jamna Puri,Confirmed (pin + address agree)
cus_8f0cd20f-687,Maharashtra,Mumbai,Mumbai,Goregaon West,Confirmed (pin + address agree)
cus_8f24bfee-0c8,Maharashtra,Thane,Ambernath,Additional M.I.D.C,Confirmed (pin + address agree)
cus_8f30eb7b-6f4,Madhya Pradesh,Indore,Indore,Pardesipura,Confirmed (pin + address agree)
cus_8f3508eb-a82,Maharashtra,Thane,Ambernath,Additional M.I.D.C,Check: pin and address disagree
cus_8f4f2c33-5b2,Madhya Pradesh,Bhopal,Bhopal,,From sheet text only
cus_8f70e2e7-ff1,Odisha,Koraput,Jeypore,Ganga Nagar,Confirmed (pin + address agree)
cus_8f7eaf09-f95,Kerala,Thrissur,Thrissur,Kuttiady,From pin only
cus_8f93da98-0ff,Rajasthan,Jaipur,Jaipur,Murlipura,Confirmed (pin + address agree)
cus_8f9598a2-467,Rajasthan,Jaipur,Jaipur,Sitapura,Confirmed (pin + address agree)
cus_8fbb5bb8-cff,Kerala,Kasargod,Kasaragod,,From address only (no pin)
cus_8fc2c4ad-54d,Maharashtra,Nagpur,Nagpur,Mahal (Nagpur),Confirmed (pin + address agree)
cus_8fc8b579-5bf,Maharashtra,Thane,Bhiwandi,Gokul Nagar,Check: pin and address disagree
cus_8fccb437-9b3,Maharashtra,Mumbai,Mumbai,Dahisar West,Confirmed (pin + address agree)
cus_8fcfe2c8-9a3,Odisha,Khorda,Bhubaneswar,,Check: pin and address disagree
cus_8fd6c93b-690,Maharashtra,Thane,Ambernath,Old Bhendipada,Confirmed (pin + address agree)
cus_8fda4a22-bf7,Odisha,Khorda,Bhubaneswar,Rasulgarh,Check: pin and address disagree
cus_8feba4b9-1a9,Madhya Pradesh,Indore,Indore,,Confirmed (pin + address agree)
cus_8febcd82-235,Kerala,Kannur,Chokli,Panniyannur,Confirmed (pin + address agree)
cus_8fecde26-69e,Maharashtra,Thane,Thane,,Confirmed (pin + address agree)
cus_8fef16ed-fd5,Kerala,Malappuram,Tirur,Trikkandiyur,Confirmed (pin + address agree)
cus_8ffb7b0e-d25,Maharashtra,Nagpur,Nagpur,Chandrakiran Nagar,Confirmed (pin + address agree)
cus_8ffbcca9-f84,Maharashtra,Thane,Dombivli,Dombivli East,Confirmed (pin + address agree)
cus_8ffe5420-f4b,Rajasthan,Udaipur,Udaipur,,From sheet text only
cus_901d6ae6-cd7,Madhya Pradesh,Bhopal,Bhopal,,From sheet text only
cus_9028a728-a88,Madhya Pradesh,Indore,Indore,Jabran Colony,Confirmed (pin + address agree)
cus_90298351-c47,Madhya Pradesh,Indore,Indore,Siyaganj,Confirmed (pin + address agree)
cus_902ce37c-343,Kerala,Kannur,Elayavoor,Mundayad,Confirmed (pin + address agree)
cus_903e80f3-253,Jammu and Kashmir,Jammu,Jammu,,From sheet text only
cus_904bcf63-adc,Rajasthan,Jaipur,Jaipur,Purani Basti,Confirmed (pin + address agree)
cus_9058fb87-d41,Madhya Pradesh,Bhopal,Bhopal,Gulmohar Colony,Confirmed (pin + address agree)
cus_906d2f39-689,Maharashtra,Ratnagiri,Nachane,State Bank Colony,Confirmed (pin + address agree)
cus_908b0f54-d2a,Maharashtra,Jalgaon,Jalgaon,Joshi Peth,Confirmed (pin + address agree)
cus_908ce349-943,Chhattisgarh,Raipur,Raipur,,From sheet text only
cus_90a6bddf-f5b,Madhya Pradesh,Indore,Indore,Anand Nagar,Confirmed (pin + address agree)
cus_90a6be74-49f,Maharashtra,Nagpur,Nagpur,,From sheet text only
cus_90a7c977-475,Maharashtra,Thane,Badlapur,Badlapur Gaon,Confirmed (pin + address agree)
cus_90ab9cd6-2ff,Odisha,Khorda,Bhubaneswar,,Confirmed (pin + address agree)
cus_90b2a783-d7c,Maharashtra,Thane,Kalyan,Bhoiwada,Confirmed (pin + address agree)
cus_90bd266e-467,Madhya Pradesh,Indore,Mhow Gaon,Shanti Nagar,Confirmed (pin + address agree)
cus_90c0d060-7f6,Maharashtra,Gadchiroli,Gadchiroli,Navegaon,Confirmed (pin + address agree)
cus_90c7a5eb-c0b,Odisha,Khorda,Bhubaneswar,,From sheet text only
cus_90c9038c-e10,Madhya Pradesh,Indore,Indore,Badi Bhamori,Check: pin and address disagree
cus_90ef1061-a35,Maharashtra,Thane,Bhiwandi,Dapode,Confirmed (pin + address agree)
cus_90f03d3b-261,Rajasthan,Jaipur,Jaipur,Panchyawala,Confirmed (pin + address agree)
cus_90f4334c-904,Kerala,Kasargod,Kasaragod,Thayalangadi,Confirmed (pin + address agree)
cus_90f44793-93c,Rajasthan,Jaipur,Jaipur,Sanganer,Confirmed (pin + address agree)
cus_90fdc0f7-cd3,Maharashtra,Solapur,Pandharpur,Isbavi,Confirmed (pin + address agree)
cus_91173860-b5b,Madhya Pradesh,Indore,Indore,Navlakha,Confirmed (pin + address agree)
cus_91221ff8-8b8,Kerala,Kozhikode,Nanded,Menhaniam,Check: pin and address disagree
cus_9133d46f-88c,Rajasthan,Jaipur,Jaipur,Tagore Nagar,Confirmed (pin + address agree)
cus_9140bcda-46a,Madhya Pradesh,Bhopal,Bhopal,,From sheet text only
cus_914144bf-488,Maharashtra,Thane,Navi Mumbai,Turbhe,Confirmed (pin + address agree)
cus_914d7156-02e,Maharashtra,Thane,Kalyan,Tilak Nagar,Confirmed (pin + address agree)
cus_918e3cb7-1da,Maharashtra,Mumbai,Mumbai,Borivali West,Confirmed (pin + address agree)
cus_91951786-118,Kerala,Kozhikode,Kakkattil,Chelakkad,Confirmed (pin + address agree)
cus_919e934e-2f4,Kerala,Thiruvananthapuram,Nellanad,Venjarammoodu,From pin only
cus_91ab0b70-2c8,Maharashtra,Thane,Ulhasnagar,Khemani Industry Area,Confirmed (pin + address agree)
cus_91beb148-905,Madhya Pradesh,Raisen,Bhopal,Mandideep,Confirmed (pin + address agree)
cus_91c15525-d51,Maharashtra,Nagpur,Nagpur,Digdoh,Confirmed (pin + address agree)
cus_91c838a8-630,Madhya Pradesh,Jabalpur,Jabalpur,Adhartal,Confirmed (pin + address agree)
cus_91ed748d-cf4,Maharashtra,Palghar,Mira-Bhayandar,,Confirmed (pin + address agree)
cus_91f5e28d-61f,Kerala,Kozhikode,Memunda,Kerala,From pin only
cus_920502a8-46f,Maharashtra,Nagpur,Nagpur,Itwari,Confirmed (pin + address agree)
cus_920d87ac-28a,Kerala,Kozhikode,Chombala,Kunnummakkara,Confirmed (pin + address agree)
cus_92146933-4c8,Kerala,Thiruvananthapuram,Vembayam,,From sheet text only
cus_922cf291-051,Maharashtra,Nagpur,Nagpur,HB town,Confirmed (pin + address agree)
cus_922e03a1-e47,Maharashtra,Osmanabad,Latur,Deep Jyoti Nagar,Confirmed (pin + address agree)
cus_92400bf1-36c,Madhya Pradesh,Bhopal,Bhopal,TT Nagar,From address only (no pin)
cus_926163a8-6d5,Maharashtra,Buldhana,Malkapur,Malkapur (Buldhana),Confirmed (pin + address agree)
cus_926484d2-53b,Maharashtra,Nagpur,Nagpur,Beltarodi,Confirmed (pin + address agree)
cus_92868e2d-b1d,Maharashtra,Thane,Bhiwandi,Dapode,From sheet text only
cus_928fc693-591,Kerala,Thiruvananthapuram,Thiruvananthapuram,Thampanoor,Confirmed (pin + address agree)
cus_9290f134-b60,Kerala,Kannur,Mattannur,Indira Nagar,Confirmed (pin + address agree)
cus_929a5559-d32,Maharashtra,Nanded,Nanded,Vazirabad,From pin only
cus_92a0b1d9-01f,Maharashtra,Thane,Thane,Thane West,Confirmed (pin + address agree)
cus_92a37bc8-f38,Maharashtra,Solapur,Kurduvadi,Bagal Nagar,Confirmed (pin + address agree)
cus_92c4762b-cba,Rajasthan,Kota,Kota,Chawani,Confirmed (pin + address agree)
cus_92d1b60f-879,Odisha,Sambalpur,Sambalpur,Khetrajpur,Check: pin and address disagree
cus_92d8fcb8-d7f,Maharashtra,Pune,Pune,,From pin only
cus_92db076b-208,Madhya Pradesh,Indore,Indore,Scheme 54 PU4,Confirmed (pin + address agree)
cus_92e0145b-9ec,Chhattisgarh,Durg,Durg,Shanichari Bazar,Confirmed (pin + address agree)
cus_92e7ab8a-580,Maharashtra,Solapur,Solapur,Budhavar Peth,Confirmed (pin + address agree)
cus_92f2103a-2a9,Madhya Pradesh,Indore,Indore,Noorani Nagar,Confirmed (pin + address agree)
cus_92f58195-7b2,Gujarat,Rajkot,Morbi,Kathwada,From sheet text only
cus_93134a1f-835,Chhattisgarh,Rajnandgaon,Rajnandgaon,Tanka Para,Confirmed (pin + address agree)
cus_9316c76d-ed2,Maharashtra,Raigad,Khopoli,Yashwant Nagar,Confirmed (pin + address agree)
cus_933fbdec-fad,Maharashtra,Raigad,Pen,Tare Ali,From address only (no pin)
cus_934282a2-0e3,Rajasthan,Jaipur,Jaipur,Vaishali Nagar,From address only (no pin)
cus_934bf64e-1f6,Maharashtra,Palghar,Boisar,,Not locatable
cus_935ad130-ae9,Madhya Pradesh,Jabalpur,Jabalpur,Hathital,Confirmed (pin + address agree)
cus_9361bf9f-b05,Maharashtra,Nagpur,Nagpur,Ajni Square,Confirmed (pin + address agree)
cus_9368f34f-610,Rajasthan,Jaipur,Jaipur,Sumel,Confirmed (pin + address agree)
cus_9376ed1f-d27,Odisha,Khorda,Bhubaneswar,Rasulgarh,Confirmed (pin + address agree)
cus_93784405-d75,Madhya Pradesh,Jabalpur,Jabalpur,Nandni Ronsara,From pin only
cus_937ce522-840,Madhya Pradesh,Jabalpur,Jabalpur,Sanjeevani Nagar,Confirmed (pin + address agree)
cus_937db0a9-707,Madhya Pradesh,Jabalpur,Barela,besides Mamta Medicose,Check: pin and address disagree
cus_939a2b8a-cf2,Madhya Pradesh,Jabalpur,Jabalpur,Raksha Karmachari Colony,Confirmed (pin + address agree)
cus_93a799fd-99a,Maharashtra,Hingoli,Hingoli,,From sheet text only
cus_93aa9a1e-302,Kerala,Kozhikode,Kozhikode,Palayam,Confirmed (pin + address agree)
cus_93af2123-be6,Maharashtra,Palghar,Vasai,Naigaon West,From sheet text only
cus_93afec63-ec9,Odisha,Nayagarh,Nayagarh,Rajeev market,From pin only
cus_93cedb1e-6af,Maharashtra,Thane,Kalyan,Nandivali Gaon,Confirmed (pin + address agree)
cus_93cf0cea-277,Maharashtra,Thane,Badlapur,Katrap,Check: pin and address disagree
cus_93d0ccb1-353,Kerala,Thrissur,Wadakkanchery,Ottupara,Confirmed (pin + address agree)
cus_93d47bed-13d,Maharashtra,Palghar,Vasai,Naigaon,From sheet text only
cus_93d7be45-d78,Madhya Pradesh,Indore,Indore,Sangam Nagar,Confirmed (pin + address agree)
cus_93f13e9b-7a4,Madhya Pradesh,Indore,Indore,,From sheet text only
cus_93f7166f-18e,Maharashtra,Thane,Kalyan,,From pin only
cus_93fb17f9-dbb,Madhya Pradesh,East Nimar,Khandwa,Anand Nagar,Confirmed (pin + address agree)
cus_94038211-d95,Maharashtra,Mumbai,Mumbai,Kandivali West,Confirmed (pin + address agree)
cus_94039505-5d7,Odisha,Ganjam,Brahmapur,Khodasingi,Confirmed (pin + address agree)
cus_94075ed2-4b9,Odisha,Cuttack,Cuttack,,Confirmed (pin + address agree)
cus_940b8c5d-11e,Maharashtra,Nagpur,Nagpur,Mohan Nagar,Confirmed (pin + address agree)
cus_9418b4f7-028,Madhya Pradesh,Jabalpur,Jabalpur,Karmeta,Confirmed (pin + address agree)
cus_94209a52-98d,Maharashtra,Latur,Latur,Ganj Golai,Confirmed (pin + address agree)
cus_9423dc72-23b,Rajasthan,Jodhpur,Jodhpur,DDP Nagar,Confirmed (pin + address agree)
cus_942c6ede-09d,Kerala,Kozhikode,Naduvannur,,Confirmed (pin + address agree)
cus_942cff1b-45e,Madhya Pradesh,Raisen,Raisen,,Confirmed (pin + address agree)
cus_9438ffec-7bb,Odisha,Angul,Angul,,Confirmed (pin + address agree)
cus_943f120d-a74,Madhya Pradesh,Indore,Indore,,From sheet text only
cus_944424aa-919,Rajasthan,Jaipur,Jaipur,Nangal Jaisabohra,Confirmed (pin + address agree)
cus_944682e5-1bd,Gujarat,Jamnagar,Jamnagar,,Confirmed (pin + address agree)
cus_9457097c-871,Maharashtra,Thane,Thane,Khidkali,From pin only
cus_946c2612-6d7,Madhya Pradesh,East Nimar,Khandwa,Rameshwar Nagar,Confirmed (pin + address agree)
cus_946da645-2f9,Kerala,Thiruvananthapuram,Thiruvananthapuram,Thycaud,Confirmed (pin + address agree)
cus_946f5e8a-4d2,Maharashtra,Nanded,Karegaon,,From address only (no pin)
cus_94adbd14-9a8,Maharashtra,Thane,Thane,Thane West,Confirmed (pin + address agree)
cus_94af2353-6e2,Madhya Pradesh,Indore,Indore,Transport Nagar,Confirmed (pin + address agree)
cus_94b2eb94-956,Kerala,Kozhikode,Tuneri,,Confirmed (pin + address agree)
cus_94bf24e9-55a,Madhya Pradesh,Indore,Indore,Gokul Nagar,Confirmed (pin + address agree)
cus_94c5cc79-52e,Maharashtra,Thane,Thane,Shilphata,From address only (no pin)
cus_94c6d6b7-518,Rajasthan,Kota,Kota,Mahaveer Nagar,Confirmed (pin + address agree)
cus_94d0387c-f1a,Madhya Pradesh,Indore,Indore,Chhatribagh,Confirmed (pin + address agree)
cus_94edf984-c69,Maharashtra,Thane,Thane,,Check: pin and address disagree
cus_94eead3e-7c2,Odisha,Sambalpur,Sambalpur,Sakhipara,Confirmed (pin + address agree)
cus_94f30519-030,Maharashtra,Osmanabad,Latur,Netaji Nagar,Confirmed (pin + address agree)
cus_950f3945-586,Rajasthan,Jaipur,Jaipur,Shastri Nagar,Confirmed (pin + address agree)
cus_950f7f78-8e5,Maharashtra,Palghar,Dahanu,Malyan,From address only (no pin)
cus_95149320-bc3,Maharashtra,Palghar,Vasai,Vasai East,Confirmed (pin + address agree)
cus_952914c3-944,Madhya Pradesh,Indore,Indore,Tilak Nagar,Confirmed (pin + address agree)
cus_952d7f12-641,Rajasthan,Ajmer,Ajmer,Subhash Nagar,From address only (no pin)
cus_952e5e1a-5dd,Maharashtra,Palghar,Vasai,Vasai West,From pin only
cus_952eefbb-ba7,Kerala,Kozhikode,Kunnamangalam,Koodathai,From pin only
cus_9539dd6f-b3d,Madhya Pradesh,Indore,Indore,Lokmanya Nagar,Confirmed (pin + address agree)
cus_953a5569-35d,Rajasthan,Jaipur,Jaipur,Purani Basti,Confirmed (pin + address agree)
cus_953d9085-d75,Kerala,Kannur,Kannur,Talap,From pin only
cus_95417704-319,Rajasthan,Jaipur,Jaipur,,From sheet text only
cus_954a126c-54a,Rajasthan,Jaipur,Jaipur,Harmada,Confirmed (pin + address agree)
cus_954bfb4a-834,Odisha,Koraput,Jeypore,,Confirmed (pin + address agree)
cus_9575d054-754,Madhya Pradesh,Vidisha,Vidisha,Durga Nagar,Confirmed (pin + address agree)
cus_9585f229-752,Maharashtra,Jalna,Jalna,Gyatri Nagar,Confirmed (pin + address agree)
cus_95a1dd92-0fe,Rajasthan,Ajmer,Bijainagar,Sathana Bazaar,From address only (no pin)
cus_95b39116-a0e,Madhya Pradesh,Indore,Indore,Bhawrasla,Confirmed (pin + address agree)
cus_95b7f8fa-db5,Maharashtra,Mumbai,Mumbai,Goregaon West,Confirmed (pin + address agree)
cus_95d2ab09-d99,Maharashtra,Palghar,Boisar,Vanipada,From address only (no pin)
cus_95df33cd-60e,Rajasthan,Jaipur,Jaipur,Paldi Meena,Confirmed (pin + address agree)
cus_95e48aaa-30c,Rajasthan,Jaipur,Kanota,,Confirmed (pin + address agree)
cus_95e7ad89-8ac,Maharashtra,Mumbai,Mumbai,Jogeshwari West,Check: pin and address disagree
cus_95fce715-405,Rajasthan,Sikar,Sikar,New Janta Colony,Confirmed (pin + address agree)
cus_960163d1-2d4,Maharashtra,Yavatmal,Yavatmal,Pangari,Confirmed (pin + address agree)
cus_961789cb-2b9,Madhya Pradesh,Indore,Indore,Musakhedi,Confirmed (pin + address agree)
cus_9617a908-a7f,Madhya Pradesh,West Nimar,Khargone,Jawahar Nagar,Check: pin and address disagree
cus_961de7e4-a0d,Kerala,Kozhikode,Kunnamangalam,Mukkam,From pin only
cus_962a8f76-35c,Rajasthan,Jaipur,Jaipur,Sanganer,Confirmed (pin + address agree)
cus_9632c502-1eb,Maharashtra,Mumbai,Mumbai,Kandivali West,Confirmed (pin + address agree)
cus_96410daa-491,Odisha,Ganjam,Hinjilicut,Hinjillikatu,Confirmed (pin + address agree)
cus_9642312e-e49,Maharashtra,Thane,Kalyan,Syndicate,Confirmed (pin + address agree)
cus_964b4814-72b,Rajasthan,Jaipur,Jaipur,Ranisati Nagar,Confirmed (pin + address agree)
cus_9658af55-04f,Maharashtra,Palghar,Boisar,,From sheet text only
cus_9661891f-052,Madhya Pradesh,Hoshangabad,Harda,in front of Nayara Petrol pump,Confirmed (pin + address agree)
cus_966b7010-5ec,Maharashtra,Nagpur,Nagpur,Bank Colony,Confirmed (pin + address agree)
cus_967bd63f-824,Maharashtra,Jalna,Jalna,Gyatri Nagar,Confirmed (pin + address agree)
cus_9689275a-e3f,Maharashtra,Pune,Pune,Sadar Bazaar,Confirmed (pin + address agree)
cus_968c8d34-f81,Maharashtra,Solapur,Akkalkot,Hippargi,Confirmed (pin + address agree)
cus_968edceb-17d,Kerala,Ernakulam,Kochi,Shenoys,Confirmed (pin + address agree)
cus_96a36e73-920,Maharashtra,Pune,Pune,Mundhwa,Confirmed (pin + address agree)
cus_96a4cad1-3c1,Rajasthan,Jodhpur,Jodhpur,Industrial Area,Confirmed (pin + address agree)
cus_96afb0b5-eee,Madhya Pradesh,Bhopal,Bhopal,Kalpana Nagar,From address only (no pin)
cus_96b7b912-aa9,Maharashtra,Jalna,Jalna,Kanhaiya Nagar,Check: pin and address disagree
cus_96ca1411-75b,Maharashtra,Palghar,Nala Sopara,Nalasopara West,From pin only
cus_96ccb975-c6c,Rajasthan,Jaipur,Jaipur,Jhotwara,Confirmed (pin + address agree)
cus_96d3c7e5-8e5,Odisha,Khorda,Bhubaneswar,Aerodrome Area,Confirmed (pin + address agree)
cus_96d6ea15-de3,Madhya Pradesh,Bhopal,Bhopal,Bishankhedi,Confirmed (pin + address agree)
cus_96da8ef2-299,Rajasthan,Ajmer,Ajmer,Gyan Vihar Colony,Confirmed (pin + address agree)
cus_96dcf9a1-63f,Madhya Pradesh,Indore,Indore,Palda,Confirmed (pin + address agree)
cus_96f51e43-0e0,Rajasthan,Ganganagar,Jodhpur,Sri Ganganagar,Confirmed (pin + address agree)
cus_96f80d17-ed7,Madhya Pradesh,Indore,Indore,Vidur Nagar,Confirmed (pin + address agree)
cus_9700e869-8c4,Maharashtra,Palghar,Mira-Bhayandar,,Confirmed (pin + address agree)
cus_971771c6-263,Kerala,Kannur,Kuthuparamba,Rhh6Mwv,Confirmed (pin + address agree)
cus_9727dcfa-94e,Rajasthan,Tonk,Tonk,Khandelwal,Confirmed (pin + address agree)
cus_973896bf-b42,Maharashtra,Thane,Bhiwandi,,From sheet text only
cus_9745a5dc-974,Maharashtra,Palghar,Vasai,Vasai-Virar,Check: pin and address disagree
cus_975aed99-5ea,Maharashtra,Thane,Murbad,,From sheet text only
cus_9762dbbc-af5,Kerala,Kozhikode,Kollam,,From pin only
cus_97704d55-dab,Dadra and Nagar Haveli and Daman and Diu,Daman,Vapi,Gidc,Confirmed (pin + address agree)
cus_977ca361-99c,Rajasthan,Kota,Kota,,From sheet text only
cus_977e8c31-8e8,Odisha,Ganjam,Brahmapur,Basudev Nagar,Confirmed (pin + address agree)
cus_9787dd9f-22c,Rajasthan,Jaipur,Jaipur,Jhotwara,Confirmed (pin + address agree)
cus_978d2872-b75,Maharashtra,Osmanabad,Tuljapur,Parbhani,Confirmed (pin + address agree)
cus_978e9741-fa7,Maharashtra,Mumbai,Mumbai,Dahisar East,Confirmed (pin + address agree)
cus_979405d6-46a,Madhya Pradesh,Hoshangabad,Itarsi,Suraj Ganj,Confirmed (pin + address agree)
cus_979c2e1a-714,Maharashtra,Nagpur,Nagpur,New Sneh Nagar,Confirmed (pin + address agree)
cus_979ca531-ddf,Kerala,Kozhikode,Kozhikode,Keezhal Mukku,From sheet text only
cus_979e44c7-11d,Odisha,Cuttack,Athagarh,Gj9Hxqr,From address only (no pin)
cus_979f2dc7-938,Maharashtra,Nagpur,Nagpur,Medical Chowk,Confirmed (pin + address agree)
cus_979f415e-702,Rajasthan,Jaipur,Jaipur,Jagatpura,Confirmed (pin + address agree)
cus_97a08671-2aa,Madhya Pradesh,Jabalpur,Jabalpur,Yadav Colony,Confirmed (pin + address agree)
cus_97a10766-dd4,Rajasthan,Jaipur,Jaipur,Sirsi Mod,Confirmed (pin + address agree)
cus_97a38e82-69c,Madhya Pradesh,East Nimar,Khandwa,Rameshwar Nagar,Confirmed (pin + address agree)
cus_97a93ed9-96f,Rajasthan,Jodhpur,Jodhpur,Bhadu Market,Confirmed (pin + address agree)
cus_97b1f878-d75,Madhya Pradesh,Bhopal,Bhopal,,Confirmed (pin + address agree)
cus_97b452b9-9c8,Odisha,Dhenkanal,Dhenkanal,Bajichouk,Confirmed (pin + address agree)
cus_97d71eab-27d,Maharashtra,Nanded,Nanded,Kautha,From pin only
cus_97d900f2-341,Maharashtra,Palghar,Boisar,,From sheet text only
cus_97e00337-697,Kerala,Kottayam,Mundakayam,,From address only (no pin)
cus_97e12567-3c7,Goa,South Goa,Vasco Da Gama,Vaddem,Confirmed (pin + address agree)
cus_97e174fe-4ed,Madhya Pradesh,Indore,Indore,Kibe Compound,Confirmed (pin + address agree)
cus_97f9d747-9cc,Maharashtra,Palghar,Nala Sopara,,From pin only
cus_980280ee-e1c,Madhya Pradesh,Jabalpur,Jabalpur,Busstand,Confirmed (pin + address agree)
cus_980b0dd1-91b,Maharashtra,Mumbai,Mumbai,Andheri East,Confirmed (pin + address agree)
cus_98105833-d11,Rajasthan,Jaipur,Jaipur,Gopal Pura Mode,Confirmed (pin + address agree)
cus_982c446d-8c2,Maharashtra,Nanded,Nanded,Gokul Nagar,Confirmed (pin + address agree)
cus_9831d53c-ecb,Maharashtra,Thane,Dombivli,Dombivli East,Confirmed (pin + address agree)
cus_9841f256-2e6,Maharashtra,Sangli,Sangli,Nishant Colony,From address only (no pin)
cus_9856707e-045,Madhya Pradesh,Jabalpur,Jabalpur,Garha,From address only (no pin)
cus_98648048-f6f,Maharashtra,Thane,Badlapur,Dattanagar,Confirmed (pin + address agree)
cus_986902ff-ac1,Maharashtra,Palghar,Dahanu,Malyan,From address only (no pin)
cus_98787e4e-4a7,Maharashtra,Pune,Wagholi,Konark Orchid,Confirmed (pin + address agree)
cus_9879440f-5a5,Odisha,Ganjam,Chatrapur,Rama Krishna Nagar,Confirmed (pin + address agree)
cus_98888a72-ac2,Maharashtra,Thane,Mira-Bhayandar,Bhayandar East,Confirmed (pin + address agree)
cus_98904b53-1fc,Gujarat,Rajkot,Rajkot,,From sheet text only
cus_9896b6a5-e73,Madhya Pradesh,East Nimar,Khandwa,Narayan Nagar,Confirmed (pin + address agree)
cus_9897597b-493,Odisha,Cuttack,Mahidharpur,Fhrqvcf,Check: pin and address disagree
cus_989aa757-129,Kerala,Kozhikode,Katameri,Thanneerpanthal,Confirmed (pin + address agree)
cus_98bd97ce-728,Chhattisgarh,Raipur,Raipur,Tagore Nagar,Confirmed (pin + address agree)
cus_98cbe233-457,Rajasthan,Pali,Raipur,,Confirmed (pin + address agree)
cus_98e5efdf-6ef,Madhya Pradesh,Indore,Indore,,Confirmed (pin + address agree)
cus_98eaf185-006,Odisha,Khorda,Bhubaneswar,Bharatpur,Confirmed (pin + address agree)
cus_98ec7ca6-73f,Rajasthan,Jodhpur,Jodhpur,,From address only (no pin)
cus_98f8b080-96a,Odisha,Cuttack,Cuttack,Rajabagicha,Confirmed (pin + address agree)
cus_991e44e1-3fe,Madhya Pradesh,Indore,Indore,Chota Bangarda,From pin only
cus_9924852f-a40,Odisha,Khorda,Bhubaneswar,Chandrasekharpur,Confirmed (pin + address agree)
cus_9930f195-536,Rajasthan,Jaipur,Jaipur,Khatipura,Confirmed (pin + address agree)
cus_993604ce-856,Maharashtra,Nagpur,Nagpur,Hansapuri,Confirmed (pin + address agree)
cus_99376bdc-11c,Maharashtra,Pune,Pune,Wagholi,Confirmed (pin + address agree)
cus_994c30b2-d93,Maharashtra,Palghar,Ballarpur,Deodal,From pin only
cus_995bfa7d-ecd,Maharashtra,Mumbai,Mumbai,Ghatkopar,Not locatable
cus_9960d867-f8f,Rajasthan,Jodhpur,Jodhpur,Sardarpura,Confirmed (pin + address agree)
cus_9970357a-d89,Madhya Pradesh,Bhopal,Bhopal,Maharana Pratap Nagar,Confirmed (pin + address agree)
cus_99725618-a8a,Kerala,Kozhikode,Kakkattil,Chelakkad,Confirmed (pin + address agree)
cus_9987439f-36c,Maharashtra,Thane,Taloja MIDC,Taloja MIDC,Not locatable
cus_9988d779-4f5,Madhya Pradesh,Jabalpur,Jabalpur,Gohalpur,Confirmed (pin + address agree)
cus_998fe72f-be3,Rajasthan,Ajmer,Kishangarh,Gandhi Nagar,From address only (no pin)
cus_99959523-d9f,Maharashtra,Mumbai,Mumbai,Andheri West,Confirmed (pin + address agree)
cus_999b47b9-970,Rajasthan,Jaipur,Jaipur,Jhotwara,Confirmed (pin + address agree)
cus_99a02205-d57,Kerala,Kozhikode,Ulliyeri,Ulliyeri SO,Confirmed (pin + address agree)
cus_99a1dde4-8d3,Maharashtra,Mumbai,Mumbai,,From sheet text only
cus_99b657e3-fc1,Rajasthan,Jodhpur,Jodhpur,Rawaton Ka Bass,Confirmed (pin + address agree)
cus_99b9fed5-c28,Odisha,Ganjam,Brahmapur,Sriramnagar,Confirmed (pin + address agree)
cus_99be8602-099,Kerala,Thiruvananthapuram,Thiruvananthapuram,Pettah,Confirmed (pin + address agree)
cus_99c2a91e-26f,Kerala,Kannur,Thalassery,Chonadam,Confirmed (pin + address agree)
cus_99c8196e-0e7,Kerala,Kozhikode,Menhaniam,Perambra,From pin only
cus_99c9de88-610,Madhya Pradesh,Bhopal,Bhopal,TT Nagar,Confirmed (pin + address agree)
cus_99d4dd05-a06,Maharashtra,Akola,Akola,Midc,Confirmed (pin + address agree)
cus_99d545e6-9ca,Rajasthan,Jaipur,Jaipur,Mansarovar,Confirmed (pin + address agree)
cus_99d5a749-12b,Madhya Pradesh,Raisen,Bhopal,Mandideep,From pin only
cus_99db43e8-46f,Maharashtra,Nagpur,Nagpur,Bank Colony,Confirmed (pin + address agree)
cus_99dd16fa-eef,Rajasthan,Jaipur,Jaipur,Shastri Nagar,Confirmed (pin + address agree)
cus_99ee22c2-617,Madhya Pradesh,Jabalpur,Jabalpur,Yadav Colony,Confirmed (pin + address agree)
cus_99f3bc3d-596,Odisha,Jagatsinghapur,Balarampur,,Check: pin and address disagree
cus_99fd848a-086,Maharashtra,Osmanabad,Alur,,Check: pin and address disagree
cus_9a08b17a-6f7,Rajasthan,Jodhpur,Jodhpur,Sardarpura,From address only (no pin)
cus_9a09b985-d25,Rajasthan,Jaipur,Jaipur,Shankar Nagar,Confirmed (pin + address agree)
cus_9a0bc7c1-43e,Rajasthan,Jaipur,Jaipur,Jhotwara,Confirmed (pin + address agree)
cus_9a16f2f2-6e5,Rajasthan,Jaipur,Jaipur,,From pin only
cus_9a24dc06-eea,Kerala,Thiruvananthapuram,Thiruvananthapuram,Pazhavangadi,Confirmed (pin + address agree)
cus_9a29e287-3d9,Goa,South Goa,Margao,,From pin only
cus_9a414cbc-3dc,Maharashtra,Kolhapur,Kolhapur,Yadav Nagar,Confirmed (pin + address agree)
cus_9a4eb258-04c,Maharashtra,Palghar,Vasai,Vasai East,Confirmed (pin + address agree)
cus_9a60861e-64c,Odisha,Koraput,Jeypore,Power House Colony,Confirmed (pin + address agree)
cus_9a677366-eec,Madhya Pradesh,Jabalpur,Barela,,Check: pin and address disagree
cus_9a9383ef-c74,Maharashtra,Thane,,,Not locatable
cus_9a94cf9a-61b,Kerala,Kottayam,Kottayam,Market,Confirmed (pin + address agree)
cus_9aaf5cc6-c20,Goa,South Goa,Ponda,Kazi Waza,Confirmed (pin + address agree)
cus_9ab843a1-b4f,Madhya Pradesh,Jabalpur,Jabalpur,Bapu Nagar,Confirmed (pin + address agree)
cus_9abe65de-42a,Maharashtra,Thane,Kalyan,Kalyan West,Confirmed (pin + address agree)
cus_9ac673ba-e33,Odisha,Khorda,Bhubaneswar,Rasulgarh,Confirmed (pin + address agree)
cus_9adbc2fa-e72,Maharashtra,Palghar,Nala Sopara,Nalasopara East,Confirmed (pin + address agree)
cus_9ae505fa-d0e,Maharashtra,Thane,Dombivli,Dombivli East,Confirmed (pin + address agree)
cus_9af22fe2-040,Odisha,Khorda,Bhubaneswar,,From pin only
cus_9b167de8-59b,Madhya Pradesh,Bhopal,Bhopal,,From sheet text only
cus_9b1a271e-e03,Rajasthan,Jaipur,Jaipur,Jhotwara,Confirmed (pin + address agree)
cus_9b1bf588-e72,Madhya Pradesh,Indore,Indore,Siyaganj,Confirmed (pin + address agree)
cus_9b256f07-7b7,Madhya Pradesh,Chhindwara,Chhindwara,Mohan Nagar,Confirmed (pin + address agree)
cus_9b4d1cc7-c84,Maharashtra,Solapur,Solapur,Shaniwar Peth,Confirmed (pin + address agree)
cus_9b4ef0b6-109,Madhya Pradesh,Dhar,Pithampur,Bhayendar,From pin only
cus_9b5f69e3-ce7,Maharashtra,Thane,Dombivli,Dombivli East,Confirmed (pin + address agree)
cus_9b64c808-f51,Madhya Pradesh,Vidisha,Ganj Basoda,,Confirmed (pin + address agree)
cus_9b71dec2-f30,Maharashtra,Mumbai,Mumbai,Goregaon West,Confirmed (pin + address agree)
cus_9b8d10ac-7fa,Rajasthan,Jaipur,Jaipur,Bajaj Nagar,Confirmed (pin + address agree)
cus_9b92dc7e-4e6,Maharashtra,Raigad,Tala,,Check: pin and address disagree
cus_9b92ddc8-4d7,Madhya Pradesh,Indore,Indore,Anil Nagar,Confirmed (pin + address agree)
cus_9b9c0e98-696,Rajasthan,Ajmer,Ajmer,Naya Bazaar,Confirmed (pin + address agree)
cus_9b9eb8ce-1aa,Rajasthan,Jaipur,Jaipur,Gokulpura,Confirmed (pin + address agree)
cus_9baccf6a-c26,Maharashtra,Nagpur,Nagpur,Ashirwad Nagar,Confirmed (pin + address agree)
cus_9bb69505-004,Odisha,Cuttack,Cuttack,Jyoti Bihar,From address only (no pin)
cus_9bbbcf33-a91,Madhya Pradesh,Indore,Indore,Anjani Nagar,Confirmed (pin + address agree)
cus_9bc76e93-f4c,Maharashtra,Raigad,Raigad,Taloja,Confirmed (pin + address agree)
cus_9bc818e4-6dd,Maharashtra,Solapur,Jeur,,From address only (no pin)
cus_9bd70d22-d10,Maharashtra,Palghar,Mira-Bhayandar,Rai Village,Confirmed (pin + address agree)
cus_9bd752e5-368,Rajasthan,Jaipur,Jaipur,Bajaj Nagar,Confirmed (pin + address agree)
cus_9bdc1b87-0a2,Maharashtra,Thane,Dombivli,Mhatre Nagar,Confirmed (pin + address agree)
cus_9bdff8b6-9ff,Maharashtra,Latur,Latur,Arvi,Confirmed (pin + address agree)
cus_9be410dd-423,Maharashtra,Nagpur,Nagpur,Hingna,Confirmed (pin + address agree)
cus_9beaee7c-047,Madhya Pradesh,Jabalpur,Jabalpur,Madan Mahal,Confirmed (pin + address agree)
cus_9bff51e9-d61,Madhya Pradesh,Jabalpur,Jabalpur,Adhartal,From address only (no pin)
cus_9c131aca-d6b,Puducherry,Mahe,Mahe,Mahé,Check: pin and address disagree
cus_9c13d7ea-61d,Rajasthan,Jodhpur,Jodhpur,Basni,From address only (no pin)
cus_9c1643fb-88f,Maharashtra,Thane,Dombivli,,From sheet text only
cus_9c25cd63-c8c,Maharashtra,Thane,Thane,,From sheet text only
cus_9c36556a-c38,Odisha,Cuttack,Trilochanpur,,Check: pin and address disagree
cus_9c3842e0-66b,Maharashtra,Sangli,Islampur,,From sheet text only
cus_9c3e79b9-d29,Rajasthan,Jaipur,Jaipur,Amer,Confirmed (pin + address agree)
cus_9c4a83ea-896,Maharashtra,Thane,Murbad,,From sheet text only
cus_9c4a927d-d9b,Odisha,Cuttack,Cuttack,,Confirmed (pin + address agree)
cus_9c6edc2d-450,Maharashtra,Chandrapur,Ballarpur,Ravindra Nagar Vard,Confirmed (pin + address agree)
cus_9c787474-d3d,Maharashtra,Thane,Badlapur,Katrap,From address only (no pin)
cus_9c7e0240-045,Maharashtra,Chandrapur,Chandrapur,Ramnagar,Confirmed (pin + address agree)
cus_9c96551d-959,Madhya Pradesh,Bhopal,Bhopal,Bagh Swaniya,Confirmed (pin + address agree)
cus_9cb96dae-b24,Rajasthan,Chittorgarh,Chittorgarh,Pratap Nagar,Confirmed (pin + address agree)
cus_9cc4aaa9-50d,Rajasthan,Jaipur,Jaipur,Murlipura,Confirmed (pin + address agree)
cus_9cc7640e-917,Kerala,Thiruvananthapuram,Thiruvananthapuram,Karamana,Confirmed (pin + address agree)
cus_9cd74c08-a00,Maharashtra,Thane,Shirpur,,Check: pin and address disagree
cus_9ce4b6b7-b9d,Odisha,Cuttack,Banki,,From sheet text only
cus_9ceeb781-b50,Maharashtra,Pune,Pune,,From sheet text only
cus_9d027bf6-72c,Maharashtra,Palghar,Boisar,West,From address only (no pin)
cus_9d0cb098-1b8,Kerala,Kozhikode,Kunnamangalam,,Confirmed (pin + address agree)
cus_9d3a3ddf-e1a,Maharashtra,Kolhapur,Gandhinagar,Sai Baba Colony,From address only (no pin)
cus_9d3ba7c8-550,Dadra and Nagar Haveli and Daman and Diu,Daman,Vapi,Gidc,Confirmed (pin + address agree)
cus_9d44ed3a-158,Madhya Pradesh,Indore,Indore,Badi Bhamori,Check: pin and address disagree
cus_9d4a4693-44d,Madhya Pradesh,Bhopal,Bhopal,,From sheet text only
cus_9d75c014-b98,Rajasthan,Ajmer,Ajmer,Panchsheel Nagar,Confirmed (pin + address agree)
cus_9d85d092-65d,Maharashtra,Palghar,Vasai,,From sheet text only
cus_9d86057e-b93,Maharashtra,Thane,Bhiwandi,Avachit Pada,Confirmed (pin + address agree)
cus_9da33f71-7e0,Rajasthan,Jaipur,Jaipur,Brijlalpura,Confirmed (pin + address agree)
cus_9dcd47b0-808,Kerala,Ernakulam,Kochi,Edappally,Confirmed (pin + address agree)
cus_9dd07324-217,Madhya Pradesh,Indore,Indore,Sukhlia,Confirmed (pin + address agree)
cus_9dda3aab-cc1,Madhya Pradesh,Indore,Indore,Kundan Nagar,Confirmed (pin + address agree)
cus_9de1fa51-d4c,Odisha,Sundergarh,Rourkela,,From pin only
cus_9de7d15f-0b6,Maharashtra,Palghar,Vasai,Vasai East,Confirmed (pin + address agree)
cus_9df033b2-f4c,Maharashtra,Nanded,Nanded,Vazirabad,Confirmed (pin + address agree)
cus_9df9a3a0-f05,Rajasthan,Jaipur,Jaipur,Dholai,Confirmed (pin + address agree)
cus_9dfa5871-553,Madhya Pradesh,Dewas,Dewas,,Confirmed (pin + address agree)
cus_9e1439d4-e88,Rajasthan,Pali,Pali,,From sheet text only
cus_9e1bc24d-795,Rajasthan,Jaipur,Renwal,Mandha Bhimsingh,From pin only
cus_9e305f7d-3a9,Maharashtra,Mumbai,Mumbai,Kandivali West,Confirmed (pin + address agree)
cus_9e47d703-bb2,Madhya Pradesh,Indore,Indore,Geeta Nagar,Confirmed (pin + address agree)
cus_9e484051-175,Rajasthan,Udaipur,Udaipur,,Confirmed (pin + address agree)
cus_9e531751-46c,Odisha,Khorda,Bhubaneswar,Jagmohan Nagar,Confirmed (pin + address agree)
cus_9e6aef30-0b9,Maharashtra,Thane,Ambernath,,From sheet text only
cus_9e8c1de1-b83,Madhya Pradesh,Indore,Indore,Nipania,Confirmed (pin + address agree)
cus_9e94572e-b26,Maharashtra,Thane,Ulhasnagar,Birla Gate,Confirmed (pin + address agree)
cus_9e9ae6bd-498,Maharashtra,Thane,Badlapur,Dattanagar,Confirmed (pin + address agree)
cus_9ea3fad2-f87,Rajasthan,Jaipur,Jaipur,Brijlalpura,Confirmed (pin + address agree)
cus_9eae6b41-08c,Rajasthan,Jodhpur,Jodhpur,Sangriya,Confirmed (pin + address agree)
cus_9eb9e7fe-b21,Maharashtra,Yavatmal,Yavatmal,Vidharbha Housing Board Area,Confirmed (pin + address agree)
cus_9ec40733-fa3,Maharashtra,Palghar,Juchandra,Naigaon East,Check: pin and address disagree
cus_9ecf72ba-f31,Odisha,Sundergarh,Rourkela,Udit Nagar,Confirmed (pin + address agree)
cus_9edc0010-151,Kerala,Thrissur,Wadakkanchery,Ottupara,Confirmed (pin + address agree)
cus_9ee3b88a-eba,Karnataka,Bangalore Rural,Banglore,,From sheet text only
cus_9ef7a7af-c7a,Rajasthan,Jaipur,Jaipur,Bhakrota,Confirmed (pin + address agree)
cus_9f0459ab-625,Maharashtra,Kolhapur,Kolhapur,Laxmipuri,Check: pin and address disagree
cus_9f06238f-b80,Madhya Pradesh,Indore,Indore,Bhadoriya square,Confirmed (pin + address agree)
cus_9f06e17c-527,Maharashtra,Thane,Kalyan,Gopal krishna Nagar,Confirmed (pin + address agree)
cus_9f0daf8f-a66,Madhya Pradesh,Indore,Indore,Tulsi Parisar Phase 1,Confirmed (pin + address agree)
cus_9f1dc235-d9f,Madhya Pradesh,Indore,Indore,Sarafa Bazar,Confirmed (pin + address agree)
cus_9f2f053e-3a1,Madhya Pradesh,Jabalpur,Pipariya,Umria,Check: pin and address disagree
cus_9f35ab78-611,Madhya Pradesh,Indore,Indore,Tejpur Gadbadi,Confirmed (pin + address agree)
cus_9f3a908c-0f1,Madhya Pradesh,Indore,Indore,Panchshil Nagar,Confirmed (pin + address agree)
cus_9f3dada2-90d,Kerala,Kasargod,Kasaragod,Bedira,Not locatable
cus_9f535e2f-04e,Madhya Pradesh,Indore,Indore,Tilak Nagar,Confirmed (pin + address agree)
cus_9f56d585-fac,Rajasthan,Jaipur,Jaipur,Pratap Nagar,Check: pin and address disagree
cus_9f62b5c9-7ed,Maharashtra,Palghar,Naigaon,Chandar Pada School,Check: pin and address disagree
cus_9f661082-349,Madhya Pradesh,Bhopal,Bhopal,Bhanpur,Confirmed (pin + address agree)
cus_9f947c51-660,Maharashtra,Nagpur,Nagpur,Manewada,Confirmed (pin + address agree)
cus_9f9a85cb-d61,Rajasthan,Hanumangarh,Hanumangarh,Dhan Mandi,From address only (no pin)
cus_9fa48495-cc1,Madhya Pradesh,Indore,Indore,Badi Bhamori,Confirmed (pin + address agree)
cus_9fc3f3bf-7e5,Gujarat,Rajkot,Shapar,,Check: pin and address disagree
cus_9fe8f4ee-dbb,Madhya Pradesh,Jabalpur,Jabalpur,P N B Colony,From address only (no pin)
cus_9ff08a3f-b0b,Rajasthan,Jaipur,Jaipur,Gokulpura,Confirmed (pin + address agree)
cus_a003e9d8-4f4,Madhya Pradesh,Jabalpur,Jabalpur,Cheevani Phamad Nagar,Confirmed (pin + address agree)
cus_a0053519-60d,Madhya Pradesh,Bhopal,Bhopal,,From sheet text only
cus_a007ae62-0ac,Maharashtra,Nagpur,Nagpur,Itwari Railway Colony,Confirmed (pin + address agree)
cus_a014c620-986,Maharashtra,Buldhana,Mehkar,,From sheet text only
cus_a01c2ac1-626,Odisha,Ganjam,Brahmapur,Triveni Nagar,Confirmed (pin + address agree)
cus_a0327267-395,Odisha,Khorda,Bhubaneswar,Bharatpur,Confirmed (pin + address agree)
cus_a044f900-390,Maharashtra,Palghar,Vasai,Vasai West,Confirmed (pin + address agree)
cus_a04c44b3-c94,Kerala,Kozhikode,Vatakara,Mathi Pengan,Confirmed (pin + address agree)
cus_a04fc6a8-bca,Odisha,Ganjam,Brahmapur,Sqare,Confirmed (pin + address agree)
cus_a058c708-d9b,Rajasthan,Ajmer,Ajmer,Chungi,Confirmed (pin + address agree)
cus_a05e6f45-bf9,Madhya Pradesh,Indore,Indore,Nanda Nagar,Confirmed (pin + address agree)
cus_a07333ba-dd4,Kerala,Thiruvananthapuram,Thiruvananthapuram,,Confirmed (pin + address agree)
cus_a0857a4c-23b,Odisha,Koraput,Jeypore,,Confirmed (pin + address agree)
cus_a09af509-a3f,Gujarat,Rajkot,Rajkot,,Confirmed (pin + address agree)
cus_a0b1bcc7-686,Maharashtra,Palghar,Virar,Virar East,Confirmed (pin + address agree)
cus_a0cb33cf-e96,Maharashtra,Mumbai,Mumbai,Dahisar East,Confirmed (pin + address agree)
cus_a0cf7a00-869,Madhya Pradesh,Neemuch,Neemuch,,Confirmed (pin + address agree)
cus_a0cff7aa-8d2,Madhya Pradesh,East Nimar,Khandwa,Ghaspura,Confirmed (pin + address agree)
cus_a0e2a16e-6da,Maharashtra,Mumbai,Mumbai,Jogeshwari West,Confirmed (pin + address agree)
cus_a0e49e81-542,Kerala,Kozhikode,Thiruvallur,,Confirmed (pin + address agree)
cus_a0ea9299-d9d,Odisha,Khorda,Bhubaneswar,Bapuji Nagar,Confirmed (pin + address agree)
cus_a0ef5e21-0c5,Madhya Pradesh,Indore,Indore,,Confirmed (pin + address agree)
cus_a0f347a4-0f1,Maharashtra,Thane,Ulhasnagar,Ashale Gaon,Check: pin and address disagree
cus_a105a7e0-188,Maharashtra,Nagpur,Nagpur,Surya Nagar,Confirmed (pin + address agree)
cus_a107ba50-2ee,Madhya Pradesh,Indore,Indore,Sarafa Bazar,Confirmed (pin + address agree)
cus_a113b0c5-b22,Maharashtra,Raigad,Khopoli,Laxminagar,Confirmed (pin + address agree)
cus_a1183249-26e,Maharashtra,Thane,Kalyan,Bhoiwada,Confirmed (pin + address agree)
cus_a1288a93-53c,Rajasthan,Jaipur,Jaipur,Jaswant Nagar,Confirmed (pin + address agree)
cus_a1350028-f90,Maharashtra,Mumbai,Mumbai,Dadar,Confirmed (pin + address agree)
cus_a13a8166-aca,Madhya Pradesh,Indore,Indore,Gandhi Nagar,From sheet text only
cus_a13aedc6-2b7,Maharashtra,Nagpur,Nagpur,Gandhibagh,Confirmed (pin + address agree)
cus_a13f877f-764,Kerala,Kozhikode,Avala,Annasseri,Confirmed (pin + address agree)
cus_a144a137-ff5,Kerala,Ernakulam,Aluva,Periyar Nagar,Confirmed (pin + address agree)
cus_a14d2abc-278,Uttar Pradesh,Kanpur Nagar,Kanpur,,From sheet text only
cus_a153e3ce-9ab,Rajasthan,Jaipur,Jaipur,Jagatpura,Confirmed (pin + address agree)
cus_a15c0439-e14,Rajasthan,Jaipur,Jaipur,Kanakpura,Confirmed (pin + address agree)
cus_a17355f2-9f8,Maharashtra,Nanded,Nanded,Dashmesh Nagar,Confirmed (pin + address agree)
cus_a18c86ab-87d,Maharashtra,Solapur,Solapur,Budhavar Peth,Confirmed (pin + address agree)
cus_a194cff8-68e,Madhya Pradesh,Sehore,Sehore,Chhavni,Confirmed (pin + address agree)
cus_a195504f-560,Madhya Pradesh,Gwalior,Gwalior,Lashkar,Confirmed (pin + address agree)
cus_a19abff3-a22,Rajasthan,Jaipur,Jaipur,Sanganer,Confirmed (pin + address agree)
cus_a19ca7fb-511,Maharashtra,Thane,Padgha,,Confirmed (pin + address agree)
cus_a1a7fd12-b16,Kerala,Thiruvananthapuram,Puthenthope,,Confirmed (pin + address agree)
cus_a1abee05-7ce,Madhya Pradesh,Bhopal,Bhopal,Bagmugaliya,Confirmed (pin + address agree)
cus_a1b4829d-4ad,Rajasthan,Banswara,Banswara,,From sheet text only
cus_a1c84dc4-080,Maharashtra,Jalgaon,Bhusawal,Sakari,Confirmed (pin + address agree)
cus_a1d08cb1-6ad,Rajasthan,Jaipur,Jaipur,Mansarovar,Confirmed (pin + address agree)
cus_a1d1246a-ee0,Maharashtra,Thane,Dombivli,Dombivli East,Confirmed (pin + address agree)
cus_a1d69431-473,Madhya Pradesh,Indore,Indore,Reti Mandi,Confirmed (pin + address agree)
cus_a1dad680-015,Maharashtra,Nagpur,Nagpur,Manewada,Confirmed (pin + address agree)
cus_a1dea0d1-819,Maharashtra,Thane,Ulhasnagar,Sidhi Vinayak Nagar,Confirmed (pin + address agree)
cus_a1e2ea36-ad4,Maharashtra,Mumbai,Mumbai,Andheri West,Confirmed (pin + address agree)
cus_a1f03882-52a,Madhya Pradesh,Vidisha,Vidisha,Talaiya Mohalla,Confirmed (pin + address agree)
cus_a1fb067d-f8c,Maharashtra,Palghar,Nala Sopara,,From pin only
cus_a201d3e5-175,Madhya Pradesh,Indore,Indore,Jagjivan Ram Nagar,Confirmed (pin + address agree)
cus_a2129b5b-e02,Maharashtra,Mumbai,Mumbai,Kandivali East,Confirmed (pin + address agree)
cus_a2173b2d-cf9,Madhya Pradesh,Jabalpur,Jabalpur,Lamatha,Check: pin and address disagree
cus_a21d3d5c-6a9,Madhya Pradesh,Indore,Indore,Somani Nagar,Confirmed (pin + address agree)
cus_a2343c41-c70,Rajasthan,Jodhpur,Jodhpur,,Confirmed (pin + address agree)
cus_a23d4052-4f3,Rajasthan,Jaipur,Jaipur,Sodala,Confirmed (pin + address agree)
cus_a23dda37-528,Odisha,Koraput,Jeypore,,Confirmed (pin + address agree)
cus_a24ec256-ef1,Rajasthan,Jaipur,Jaipur,Paldi Meena,Confirmed (pin + address agree)
cus_a268fdc9-2d9,Madhya Pradesh,Indore,Indore,Sudama Nagar,Confirmed (pin + address agree)
cus_a279f4e9-724,Maharashtra,Thane,Kalyan,Lok Dhara,Confirmed (pin + address agree)
cus_a28285a4-cb0,Rajasthan,Ganganagar,Jodhpur,Sri Ganganagar,From sheet text only
cus_a283b36c-578,Rajasthan,Jaipur,Jaipur,Panchyawala,Confirmed (pin + address agree)
cus_a28a0783-bf4,Maharashtra,Mumbai,Mumbai,Kandivali,From pin only
cus_a2969e7b-e31,Rajasthan,Jaipur,Jaipur,Bani Park,Confirmed (pin + address agree)
cus_a29a85c4-564,Maharashtra,Palghar,Vasai,Vasai-Virar,From sheet text only
cus_a2a53633-8a9,Maharashtra,Mumbai,Mumbai,Mulund,From sheet text only
cus_a2a57459-7b9,Maharashtra,Palghar,Virar,Chandansar,Confirmed (pin + address agree)
cus_a2b5d8e6-8c6,Madhya Pradesh,Bhopal,Bhopal,Peer Gate Area,Check: pin and address disagree
cus_a2b726c4-dab,Madhya Pradesh,Indore,Indore,Kibe Compound,Confirmed (pin + address agree)
cus_a2bb7384-b0c,Kerala,Ernakulam,Kochi,Shenoys,Confirmed (pin + address agree)
cus_a2bd85aa-cc2,Maharashtra,Akola,Akola,Mominpura,Confirmed (pin + address agree)
cus_a30c5c25-32b,Madhya Pradesh,Indore,Indore,Navlakha,Confirmed (pin + address agree)
cus_a3125e1d-a69,Madhya Pradesh,Indore,Indore,Sinhasa,Confirmed (pin + address agree)
cus_a31b9e60-822,Madhya Pradesh,Jabalpur,Jabalpur,Sharda Chowk,Confirmed (pin + address agree)
cus_a323fb44-042,Rajasthan,Kota,Kota,Gumanpura,Confirmed (pin + address agree)
cus_a3338139-dc4,Kerala,Kottayam,Kizhaparayar,Pala,From pin only
cus_a349cd1d-030,Rajasthan,Jaipur,Jaipur,Durgapura,Confirmed (pin + address agree)
cus_a358b4fb-35f,Kerala,Malappuram,Tirur,Trikkandiyur,Confirmed (pin + address agree)
cus_a3892ff3-b76,Maharashtra,Amravati,Amravati,,From sheet text only
cus_a38e8737-c6d,Maharashtra,Palghar,Vasai,Vasai East,Confirmed (pin + address agree)
cus_a3a0eecd-c58,Odisha,Cuttack,Cuttack,LIC Colony,Confirmed (pin + address agree)
cus_a3a9e983-d69,Maharashtra,Pune,Pune,Mundhwa,Confirmed (pin + address agree)
cus_a3b0f844-357,Madhya Pradesh,Jabalpur,Jabalpur,Karmeta,Confirmed (pin + address agree)
cus_a3b7a968-9dd,Maharashtra,Nagpur,Nagpur,Empress City,Confirmed (pin + address agree)
cus_a3bdda2d-cc0,Rajasthan,Ajmer,Ajmer,Ramganj,Confirmed (pin + address agree)
cus_a3cddaf4-2ea,Maharashtra,Thane,Kalyan,Hanuman Nagar,Confirmed (pin + address agree)
cus_a3d10ae4-10c,Madhya Pradesh,Jabalpur,Jabalpur,Sadar,Confirmed (pin + address agree)
cus_a3dc1fdc-b5a,Madhya Pradesh,Bhopal,Bhopal,Maharana Pratap Nagar,Confirmed (pin + address agree)
cus_a3e673df-018,Rajasthan,Bhilwara,Bhilwara,Bhopal Ganj,Confirmed (pin + address agree)
cus_a3fd0d60-1f3,Maharashtra,Thane,Ulhasnagar,Mukund Nagar,Confirmed (pin + address agree)
cus_a40d4d39-ee5,Maharashtra,Thane,Dombivli,Dombivli West,Confirmed (pin + address agree)
cus_a410ef60-a6b,Kerala,Kannur,Panoor,,Confirmed (pin + address agree)
cus_a417d177-5c0,Madhya Pradesh,Indore,Indore,Sukhlia,Confirmed (pin + address agree)
cus_a419193c-745,Maharashtra,Nagpur,Nagpur,Hansapuri,Confirmed (pin + address agree)
cus_a4269fb2-3bd,Maharashtra,Palghar,Nala Sopara,Nalasopara East,From pin only
cus_a42fd68a-8e4,Maharashtra,Palghar,Nala Sopara,,From pin only
cus_a4396335-1d7,Maharashtra,Thane,Ulhasnagar,Mukund Nagar,Confirmed (pin + address agree)
cus_a43b4fa8-8b1,Rajasthan,Alwar,Alwar,Munshi Bagh,Confirmed (pin + address agree)
cus_a442c669-3ff,Gujarat,Rajkot,Rajkot,Samrat Industrial Area,Confirmed (pin + address agree)
cus_a4468b52-7c9,Maharashtra,Palghar,Boisar,,From sheet text only
cus_a454da2f-162,Kerala,Thiruvananthapuram,Thiruvananthapuram,Pettah,Confirmed (pin + address agree)
cus_a456b85b-bcb,Madhya Pradesh,Dhar,Dhar,Indira Colony,Confirmed (pin + address agree)
cus_a4953fc5-52c,Maharashtra,Aurangabad,Chhatrapati Sambhajinagar,Ulkanagari,From address only (no pin)
cus_a4a2a882-d36,Kerala,Kannur,Mattannur,Palottupally,From pin only
cus_a4abddae-4bd,Maharashtra,Thane,Bhiwandi,Padma Nagar,Confirmed (pin + address agree)
cus_a4d9b478-f30,Maharashtra,Palghar,Boisar,,From address only (no pin)
cus_a4e1ca9f-5a2,Rajasthan,Bhilwara,Bhilwara,Bhopal Ganj,Confirmed (pin + address agree)
cus_a4ed5c33-502,Uttar Pradesh,,,,Not locatable
cus_a4f778c8-d99,Maharashtra,Mumbai,Mumbai,Kharodi,Confirmed (pin + address agree)
cus_a4f8d143-fc9,Rajasthan,Jaipur,Jaipur,Aatish Market,Confirmed (pin + address agree)
cus_a50243de-67f,Rajasthan,Bhilwara,Bhilwara,Bhopal Ganj,Confirmed (pin + address agree)
cus_a5178023-13b,Maharashtra,Nagpur,Nagpur,Bhagwan Nagar,Confirmed (pin + address agree)
cus_a5310c4b-e3c,Rajasthan,Bundi,Bundi,Teerath,From pin only
cus_a537af22-177,Maharashtra,Palghar,Vasai,Vasai East,From sheet text only
cus_a5494007-b17,Odisha,Cuttack,Cuttack,LIC Colony,Confirmed (pin + address agree)
cus_a554aaf1-f07,Maharashtra,Thane,Thane,Upvan,From sheet text only
cus_a57e2ab3-d70,Gujarat,Rajkot,Rajkot,Karanpara,Confirmed (pin + address agree)
cus_a580f932-beb,Madhya Pradesh,Mandsaur,Mandsaur,Kalakhet,Confirmed (pin + address agree)
cus_a58af07a-a55,Gujarat,Rajkot,Rajkot,,From sheet text only
cus_a5986f52-ea9,Kerala,Kozhikode,Kunnamangalam,Omassery,From pin only
cus_a598bf68-ab3,Maharashtra,Solapur,Modnimb,Modanimb,From pin only
cus_a5c654d8-1b7,Kerala,Thiruvananthapuram,Thiruvananthapuram,Chenthitta,Confirmed (pin + address agree)
cus_a5c878f1-ab3,Madhya Pradesh,Jabalpur,Jabalpur,Garha,Confirmed (pin + address agree)
cus_a5d14106-e23,Madhya Pradesh,Indore,Indore,Noorani Nagar,Confirmed (pin + address agree)
cus_a5e81b32-1f6,Maharashtra,Nagpur,Nagpur,Telephone Exchange,Confirmed (pin + address agree)
cus_a600ef1f-be2,Madhya Pradesh,Indore,Indore,Brijeshwari Annexe,Confirmed (pin + address agree)
cus_a63e2a14-70b,Madhya Pradesh,Dewas,Dewas,Gomti Nagar,From address only (no pin)
cus_a64c9338-315,Rajasthan,Jaipur,Jaipur,Panchyawala,Confirmed (pin + address agree)
cus_a659f661-80c,Rajasthan,Jaipur,Jaipur,Bindayaka,Confirmed (pin + address agree)
cus_a65c367c-d4f,Madhya Pradesh,Indore,Indore,,Confirmed (pin + address agree)
cus_a6628c31-498,Rajasthan,Jaipur,Jaipur,Sanganer,Confirmed (pin + address agree)
cus_a66578c8-5fe,Madhya Pradesh,Bhopal,Bhopal,Kotra Sultanabad,Check: pin and address disagree
cus_a66c3353-fe7,Maharashtra,Nagpur,Nagpur,Azamshah Layout,Confirmed (pin + address agree)
cus_a677f421-5fc,Madhya Pradesh,Indore,Indore,,Confirmed (pin + address agree)
cus_a680d446-4c7,Maharashtra,Ratnagiri,Ratnagiri,Police Head Quarters,Confirmed (pin + address agree)
cus_a68b3373-b5a,Maharashtra,Solapur,Solapur,Sainath Nagar,Confirmed (pin + address agree)
cus_a69c2e06-771,Maharashtra,Mumbai,Mumbai,Borivali East,Confirmed (pin + address agree)
cus_a6a977d4-5bd,Maharashtra,Thane,Bhiwandi,Anjur Phata,From sheet text only
cus_a6ae9925-cf7,Rajasthan,Ajmer,Ajmer,Panchsheel Nagar,Confirmed (pin + address agree)
cus_a6afc7fd-77b,Madhya Pradesh,Sehore,Sehore,,Confirmed (pin + address agree)
cus_a6b040e1-37a,Madhya Pradesh,Bhopal,Bhopal,Maharana Pratap Nagar,Confirmed (pin + address agree)
cus_a6c23363-6f6,Kerala,Ernakulam,Kochi,Ernakulam,From pin only
cus_a6cdc426-d29,Maharashtra,Thane,Navi Mumbai,Rohinjan,Confirmed (pin + address agree)
cus_a6cefdb8-2cf,Madhya Pradesh,Raisen,Manpur,,Confirmed (pin + address agree)
cus_a6d4f50c-dd1,Madhya Pradesh,Bhopal,Bhopal,Ayodhya Nagar,Confirmed (pin + address agree)
cus_a6db0a49-176,Maharashtra,Thane,Ulhasnagar,,From sheet text only
cus_a6db7afe-7d5,Madhya Pradesh,Jabalpur,Jabalpur,Adhartal,From pin only
cus_a6e34aa9-a43,Maharashtra,Palghar,Vasai,Vasai East,Confirmed (pin + address agree)
cus_a6e7c202-054,Madhya Pradesh,Jabalpur,Jabalpur,Naya Mohalla,Confirmed (pin + address agree)
cus_a6ecd737-d24,Rajasthan,Ajmer,Bandanwara,,Confirmed (pin + address agree)
cus_a6ed0fba-6d7,Rajasthan,Jaipur,Jaipur,Murlipura,Confirmed (pin + address agree)
cus_a6fcb99e-0f6,Maharashtra,Thane,Badlapur,Rameshwadi,Confirmed (pin + address agree)
cus_a701e25b-3e2,Maharashtra,Mumbai,Mumbai,Borivali West,Confirmed (pin + address agree)
cus_a70a0e80-784,Odisha,Ganjam,Brahmapur,Triveni Nagar,Confirmed (pin + address agree)
cus_a7208d55-159,Kerala,Kozhikode,Nadapuram,Kuttiady,From pin only
cus_a72500e5-a74,Kerala,Thiruvananthapuram,Thiruvananthapuram,Valiyavila,Confirmed (pin + address agree)
cus_a727b03e-266,Maharashtra,Palghar,Virar,Virar East,From sheet text only
cus_a73e6850-40e,Madhya Pradesh,Indore,Indore,,From sheet text only
cus_a749c6f1-ccc,Maharashtra,Palghar,Nala Sopara,Nalasopara East,From sheet text only
cus_a750cb29-b29,Rajasthan,Ajmer,Kishangarh,Adarsh Nagar,From address only (no pin)
cus_a75b02be-ede,Maharashtra,Thane,Vasind,,Confirmed (pin + address agree)
cus_a7790f4c-0f2,Madhya Pradesh,Hoshangabad,Itarsi,Beldhana,Confirmed (pin + address agree)
cus_a7859c96-41a,Rajasthan,Jaipur,Jaipur,Surajpole Bazar,Confirmed (pin + address agree)
cus_a7931dbe-b86,Madhya Pradesh,Bhopal,Bhopal,Peer Gate Area,Confirmed (pin + address agree)
cus_a79c546d-8fe,Kerala,Thiruvananthapuram,Attingal,,From sheet text only
cus_a79f19d0-663,Madhya Pradesh,Indore,Indore,Siyaganj,Check: pin and address disagree
cus_a7a0a21b-023,Kerala,Kasargod,Nileshwar,,Confirmed (pin + address agree)
cus_a7a13470-d9a,Madhya Pradesh,Bhopal,Bhopal,Peer Gate Area,Confirmed (pin + address agree)
cus_a7b465e1-508,Maharashtra,Mumbai,Mumbai,Dahisar East,Confirmed (pin + address agree)
cus_a7bb0afa-6ae,Rajasthan,Jaipur,Jaipur,Ghat Darwaza,Confirmed (pin + address agree)
cus_a7c1d1e3-8b9,Rajasthan,Jaipur,Renwal,Kishangarh Renwal,Confirmed (pin + address agree)
cus_a7cd7bd4-ce7,Madhya Pradesh,Vidisha,Ganj Basoda,,Confirmed (pin + address agree)
cus_a7cde0fd-913,Rajasthan,Ajmer,Ajmer,Dhola Bhata Colony,Confirmed (pin + address agree)
cus_a7e4776c-f13,Rajasthan,Ajmer,Pushkar,,Confirmed (pin + address agree)
cus_a7ef7ce1-a44,Madhya Pradesh,Jabalpur,Jabalpur,Karmeta,Confirmed (pin + address agree)
cus_a8293b00-559,Maharashtra,Thane,Badlapur,Mangrul,Confirmed (pin + address agree)
cus_a844f93a-807,Rajasthan,Jaipur,Jaipur,Parasrampuri,Check: pin and address disagree
cus_a84d7a1a-521,Maharashtra,Palghar,Boisar,,From sheet text only
cus_a8551da8-c5a,Madhya Pradesh,Sehore,Sehore,Sindhi Colony,Confirmed (pin + address agree)
cus_a85ee5b4-c52,Rajasthan,Ajmer,Ajmer,New sejan market,From sheet text only
cus_a86b9461-abc,Kerala,Kasargod,Nileshwar,,Confirmed (pin + address agree)
cus_a86c7065-d21,Kerala,Alappuzha,Ennakkad,,From pin only
cus_a87d83e4-a32,Rajasthan,Jaipur,Jaipur,Kanwar Nagar,Confirmed (pin + address agree)
cus_a8814876-d2a,Rajasthan,Jaipur,Jaipur,Jhotwara,Confirmed (pin + address agree)
cus_a88a2af0-3b5,Maharashtra,Raigad,Raigad,Taloja,Confirmed (pin + address agree)
cus_a88e83b0-882,Maharashtra,Mumbai,Mumbai,Kandivali East,Confirmed (pin + address agree)
cus_a89354a8-323,Rajasthan,Jaipur,Jaipur,,From sheet text only
cus_a898b3c6-f27,Maharashtra,Thane,Kalyan,Kalyan West,Confirmed (pin + address agree)
cus_a89d785a-669,Maharashtra,Palghar,Boisar,,From sheet text only
cus_a8ba3e3c-af2,Rajasthan,Jaipur,Jaipur,Hathod,From pin only
cus_a8f6cd74-803,Maharashtra,Nanded,Nanded,Dashmesh Nagar,Confirmed (pin + address agree)
cus_a914fdae-d75,Madhya Pradesh,Sehore,Sehore,,Confirmed (pin + address agree)
cus_a9180d22-522,Madhya Pradesh,Indore,Indore,Nanda Nagar,Confirmed (pin + address agree)
cus_a918c9d4-b96,Maharashtra,Nagpur,Nagpur,Rambagh,Confirmed (pin + address agree)
cus_a91d4ce0-fc8,Maharashtra,Thane,Ulhasnagar,Mukund Nagar,Confirmed (pin + address agree)
cus_a922a59f-b52,Madhya Pradesh,Vidisha,Vidisha,Shastri Nagar,Confirmed (pin + address agree)
cus_a93a1243-e8c,Maharashtra,Palghar,Virar,Virar East,Confirmed (pin + address agree)
cus_a942a874-af0,Kerala,Kozhikode,Kannookkara,,Confirmed (pin + address agree)
cus_a9467d78-c90,Maharashtra,Nagpur,Nagpur,Hansapuri,Confirmed (pin + address agree)
cus_a961256e-324,Odisha,Baleswar,Balasore,Manikhamb,From pin only
cus_a987cc34-864,Kerala,Kozhikode,Vanimal,,Confirmed (pin + address agree)
cus_a99145df-281,Odisha,Kendrapara,Kendrapara,,From sheet text only
cus_a9a4ad79-186,Kerala,Kozhikode,Nadapuram,,Confirmed (pin + address agree)
cus_a9a8bf93-624,Kerala,Thiruvananthapuram,Pazhayakunnummel,Kilimanoor,Confirmed (pin + address agree)
cus_a9ae30b6-565,Rajasthan,Jaipur,Jaipur,Govardhan Nagar,Confirmed (pin + address agree)
cus_a9b1cad0-5ac,Kerala,Thiruvananthapuram,Thiruvananthapuram,Ulloor,Confirmed (pin + address agree)
cus_a9bba4cf-f60,Maharashtra,Thane,Dombivli,Dombivli East,Confirmed (pin + address agree)
cus_a9cb3788-196,Maharashtra,Thane,Thane,Kukse Bhiwandi,From pin only
cus_a9e6fea8-12f,Maharashtra,Pune,Pune,Vagholi,From pin only
cus_a9ebfb8b-a83,Maharashtra,Mumbai,Mumbai,Andheri East,Confirmed (pin + address agree)
cus_a9f1b88b-3c1,Madhya Pradesh,Indore,Pithampur,Kalibillod,From pin only
cus_a9f6e23f-285,Madhya Pradesh,Jabalpur,Barela,,Confirmed (pin + address agree)
cus_a9fa363f-a68,Madhya Pradesh,Indore,Indore,Siyaganj,Confirmed (pin + address agree)
cus_aa0dc46a-e83,Rajasthan,Jaipur,Renwal,Kishangarh Renwal,Confirmed (pin + address agree)
cus_aa11de8e-059,Madhya Pradesh,Indore,Indore,LIG Colony,Confirmed (pin + address agree)
cus_aa1ded14-3ec,Maharashtra,Nagpur,Nagpur,Zingabai Takli,Confirmed (pin + address agree)
cus_aa1e6c23-fd1,Madhya Pradesh,Bhopal,Bhopal,,From sheet text only
cus_aa32e3cf-530,Maharashtra,Pune,Pune,,From sheet text only
cus_aa34ef0e-7a8,Odisha,Bargarh,Bargarh,Dhanger,Confirmed (pin + address agree)
cus_aa371cc0-bc8,Odisha,Jagatsinghapur,Jagatsinghpur,Patenigan,Confirmed (pin + address agree)
cus_aa3e90fa-04a,Madhya Pradesh,Indore,Indore,Bijasan Road,Confirmed (pin + address agree)
cus_aa49b814-9a1,Madhya Pradesh,Indore,Indore,Sahakar Nagar,Confirmed (pin + address agree)
cus_aa4cfc2d-d3f,Rajasthan,Jaipur,Jaipur,Jhotwara,Confirmed (pin + address agree)
cus_aa50c8f6-7e7,Maharashtra,Thane,Badlapur,Badlapur Gaon,Confirmed (pin + address agree)
cus_aa561469-ab8,Rajasthan,Ajmer,Beawar,Vidya Nagar,Confirmed (pin + address agree)
cus_aa57b6b9-1ad,Madhya Pradesh,Jabalpur,Jabalpur,Adhartal,Confirmed (pin + address agree)
cus_aa65597a-e82,Rajasthan,Jaipur,Jaipur,Vaishali Nagar,Confirmed (pin + address agree)
cus_aa6d4d82-a12,Maharashtra,Mumbai,Mumbai,Vikhroli West,Confirmed (pin + address agree)
cus_aa770ea7-d4b,Karnataka,Bengaluru,Bengaluru,Kammanahalli,Confirmed (pin + address agree)
cus_aa8b7a56-dc4,Kerala,Kozhikode,Iringannur,,Confirmed (pin + address agree)
cus_aaa548e1-465,Maharashtra,Thane,Dombivli,Dombivli East,Check: pin and address disagree
cus_aaaf898d-e5b,Maharashtra,Thane,Bhiwandi,Saravali,Confirmed (pin + address agree)
cus_aad007f1-5a1,Odisha,Khorda,Bhubaneswar,Rasulgarh,Confirmed (pin + address agree)
cus_aadc4449-f2f,Rajasthan,Jhalawar,Kota,Rampura,Confirmed (pin + address agree)
cus_aaddc950-993,Rajasthan,Pali,Pali,Sardar Patel Nagar,Confirmed (pin + address agree)
cus_aaed5262-7ac,Maharashtra,Kolhapur,Chinchwad,,Check: pin and address disagree
cus_aaee4479-b18,Maharashtra,Nagpur,Nagpur,Mahal,Confirmed (pin + address agree)
cus_aaf51b44-4ae,Maharashtra,Chandrapur,Chandrapur,Datta Nagar,Confirmed (pin + address agree)
cus_ab17b7b1-f02,Madhya Pradesh,Indore,Indore,Sukhlia,Confirmed (pin + address agree)
cus_ab1bd7e9-7d6,Maharashtra,Buldhana,Buldhana,,From sheet text only
cus_ab25fa4c-4fe,Rajasthan,Tonk,Tonk,Kha Ngar,Confirmed (pin + address agree)
cus_ab416dc8-e67,Rajasthan,Pali,Pali,Keshav Nagar,Confirmed (pin + address agree)
cus_ab563c2d-744,Odisha,Bargarh,Bargarh,Old Railway Over Bridge,Confirmed (pin + address agree)
cus_ab57ba84-af4,Rajasthan,Jaipur,Jaipur,Machera,Confirmed (pin + address agree)
cus_ab612165-d61,Rajasthan,Jaipur,Jaipur,Hajiwala,Confirmed (pin + address agree)
cus_ab61d5fb-074,Madhya Pradesh,Indore,Indore,Chhoti Gwaltoli,Confirmed (pin + address agree)
cus_ab632f67-f54,Maharashtra,Nagpur,Nagpur,Anna Baba Nagar,Confirmed (pin + address agree)
cus_ab652b97-b04,Maharashtra,Thane,Kalyan,Hanuman Nagar,Confirmed (pin + address agree)
cus_ab6da07d-872,Rajasthan,Jaipur,Jaipur,,From sheet text only
cus_ab717dd9-d98,Maharashtra,Thane,Ambernath,MIDC East,Confirmed (pin + address agree)
cus_ab7ffc5d-096,Madhya Pradesh,Indore,Indore,Khajrana,Confirmed (pin + address agree)
cus_ab80dc4d-aaf,Karnataka,Bengaluru,Bengaluru,Yelahanka,Confirmed (pin + address agree)
cus_ab89d1a5-de5,Maharashtra,Thane,Thane,Thane West,Confirmed (pin + address agree)
cus_ab983730-452,Maharashtra,Palghar,Vasai,Naigaon,From sheet text only
cus_ab99819a-d91,Maharashtra,Thane,Badlapur,Belavali,Confirmed (pin + address agree)
cus_aba961ae-08b,Madhya Pradesh,Sehore,Sehore,Sindhi Colony,Confirmed (pin + address agree)
cus_abbb9dc9-33d,Kerala,Thiruvananthapuram,Kallambalam,,Confirmed (pin + address agree)
cus_abd0df32-282,Odisha,Dhenkanal,Dhenkanal,GayatriNagar,From pin only
cus_abd39261-fc1,Rajasthan,Tonk,Tonk,Kha Ngar,Confirmed (pin + address agree)
cus_abda0454-1f7,Maharashtra,Nagpur,Nagpur,Pratap Nagar,Confirmed (pin + address agree)
cus_abdeacbe-e23,Maharashtra,Nagpur,Nagpur,,From sheet text only
cus_abe4ec68-1f6,Rajasthan,Jodhpur,Jodhpur,Sardarpura,From address only (no pin)
cus_ac0b7953-93d,Rajasthan,Jaipur,Jaipur,Lalarpura,From address only (no pin)
cus_ac1de4af-e0a,Odisha,Ganjam,Brahmapur,Baidiya Nath Pur,Confirmed (pin + address agree)
cus_ac263447-7f9,Maharashtra,Mumbai,Mumbai,Prabhadevi,Confirmed (pin + address agree)
cus_ac2a0885-110,Madhya Pradesh,Indore,Indore,Choti Bhamori,Confirmed (pin + address agree)
cus_ac2a73e6-73b,Odisha,Ganjam,Brahmapur,Baidiya Nath Pur,Confirmed (pin + address agree)
cus_ac31d929-c30,Madhya Pradesh,Indore,Indore,Bhawrasla,Confirmed (pin + address agree)
cus_ac42984f-7b3,Madhya Pradesh,Indore,Indore,Kailashpuri,Confirmed (pin + address agree)
cus_ac5b8b0d-eb4,Chhattisgarh,Rajnandgaon,Rajnandgaon,Gudhaku Line,Confirmed (pin + address agree)
cus_ac5bd160-362,Odisha,Cuttack,Cuttack,Chaudwar,From pin only
cus_ac6164bf-785,Madhya Pradesh,Jabalpur,Jabalpur,Vijay Nagar,Confirmed (pin + address agree)
cus_ac6a5a4e-05a,Maharashtra,Nagpur,Nagpur,Somalwada,Confirmed (pin + address agree)
cus_ac75a5de-5d4,Maharashtra,Thane,Gove,,Check: pin and address disagree
cus_ac7fcf31-1ed,Odisha,Cuttack,Cuttack,Chaudwar,From pin only
cus_ac95ddbe-8e0,Rajasthan,Jaipur,Chomu,Dholi Mandi,From address only (no pin)
cus_acb04c69-194,Maharashtra,Wardha,Wardha,Sudampuri,Confirmed (pin + address agree)
cus_acbaaf6c-b3c,Maharashtra,Thane,Thane,,Confirmed (pin + address agree)
cus_acc21412-e6c,Madhya Pradesh,Ratlam,Ratlam,Laxman Pura,Confirmed (pin + address agree)
cus_ad0803c5-d7c,Kerala,Kozhikode,Kakkattil,Chelakkad,Confirmed (pin + address agree)
cus_ad1b22fa-b08,Maharashtra,Mumbai,Mumbai,Andheri East,Confirmed (pin + address agree)
cus_ad1b3d6a-344,Maharashtra,Thane,Kalyan,Khadakpada,Confirmed (pin + address agree)
cus_ad273c4d-8fd,Maharashtra,Thane,Ulhasnagar,,From sheet text only
cus_ad2dcb4c-845,Rajasthan,Jaipur,Jaipur,Sushilpura,Confirmed (pin + address agree)
cus_ad468aa0-ffd,Kerala,Thrissur,Thrissur,Keerankulangara,Confirmed (pin + address agree)
cus_ad5d7d58-3e8,Rajasthan,Ajmer,Pisangan,,Confirmed (pin + address agree)
cus_ad5e8754-3f0,Maharashtra,Mumbai,Mumbai,Goregaon West,Confirmed (pin + address agree)
cus_ad5ec94c-7e9,Maharashtra,Thane,Ulhasnagar,Yashwant Colony,Confirmed (pin + address agree)
cus_ad60293b-1e0,Maharashtra,Thane,Bhiwandi,Padma Nagar,Confirmed (pin + address agree)
cus_ad725966-1f0,Madhya Pradesh,Raisen,Bhopal,Mandideep,From pin only
cus_ad741746-9f5,Maharashtra,Thane,Kalyan,Bhoiwada,Check: pin and address disagree
cus_ad756428-948,Maharashtra,Mumbai,Mumbai,Malad West,Confirmed (pin + address agree)
cus_ad761556-749,Madhya Pradesh,Dhar,Pithampur,Pithampur Industrial Area,Confirmed (pin + address agree)
cus_ad7cb884-f7d,Madhya Pradesh,Raisen,Bhopal,Mandideep,Confirmed (pin + address agree)
cus_ad7f95f9-e1e,Maharashtra,Sangli,Vita,Mahavir Nagar,From address only (no pin)
cus_ad83835d-bba,Maharashtra,Thane,Dombivli,Dombivli East,Confirmed (pin + address agree)
cus_ad90bfb9-44a,Maharashtra,Thane,Bhiwandi,,From sheet text only
cus_ad915bee-659,Maharashtra,Thane,Bhiwandi,Val,Confirmed (pin + address agree)
cus_ad9d236d-372,Madhya Pradesh,Indore,Indore,Sudama Nagar,Confirmed (pin + address agree)
cus_ad9f4269-fac,Madhya Pradesh,Indore,Indore,Laxmanpura Colony,Confirmed (pin + address agree)
cus_ada2d674-47c,Kerala,Thiruvananthapuram,Kandala,,From pin only
cus_ada42cf6-c30,Maharashtra,Nagpur,Nagpur,Nandanvan,Confirmed (pin + address agree)
cus_adaae90d-de9,Maharashtra,Jalgaon,Jalgaon,Rampeth,From address only (no pin)
cus_adaeea54-192,Madhya Pradesh,Indore,Indore,Chandan Nagar,Confirmed (pin + address agree)
cus_adbbe5ba-09e,Madhya Pradesh,Jabalpur,Khandwa,Madan Mahal,From pin only
cus_adbdc6c5-ca1,Maharashtra,Mumbai,Mumbai,Jogeshwari West,Confirmed (pin + address agree)
cus_adcadd96-fcb,Odisha,Kendujhar,Barbil,,Confirmed (pin + address agree)
cus_ade2c474-072,Maharashtra,Palghar,Vasai,Vasai East,Confirmed (pin + address agree)
cus_adf62f8a-6dc,Maharashtra,Palghar,Vasai,Vasai East,Confirmed (pin + address agree)
cus_ae09fcf8-f15,Madhya Pradesh,Indore,Mhow Gaon,Dharnaka,Confirmed (pin + address agree)
cus_ae0ab6aa-09f,Rajasthan,Jaipur,Jaipur,Transport Nagar,Confirmed (pin + address agree)
cus_ae11408a-264,Madhya Pradesh,Indore,Indore,Prajapat Nagar,Confirmed (pin + address agree)
cus_ae15b286-49a,Maharashtra,Thane,Badlapur,,From sheet text only
cus_ae17569f-93d,Kerala,Malappuram,Tirur,Trikkandiyur,Confirmed (pin + address agree)
cus_ae1e1260-df1,Odisha,Khorda,Khordha,Balianta,Check: pin and address disagree
cus_ae262fa4-00e,Maharashtra,Nagpur,Wanadongri,Wanadongri ct,Confirmed (pin + address agree)
cus_ae2f85e0-58d,Goa,South Goa,Goa,Hodar,From sheet text only
cus_ae49afa3-7b5,Maharashtra,Nanded,Nanded,Vazirabad,Confirmed (pin + address agree)
cus_ae521974-875,Maharashtra,Aurangabad,Chhatrapati Sambhajinagar,Cidco,From address only (no pin)
cus_ae7028b8-129,Maharashtra,Palghar,Jamshet,,From address only (no pin)
cus_ae7ac1ff-dcb,Maharashtra,Mumbai,Mumbai,Malad East,Confirmed (pin + address agree)
cus_ae80a681-535,Maharashtra,Thane,Dombivli,Dombivli East,Confirmed (pin + address agree)
cus_ae83b7c3-c95,Maharashtra,Thane,Dombivli,Dombivli West,Confirmed (pin + address agree)
cus_ae875b6b-22a,Maharashtra,Thane,Bhiwandi,Kon,From sheet text only
cus_ae887b8e-864,Rajasthan,Kota,Kota,Electricity Board Area,Confirmed (pin + address agree)
cus_ae8cc534-9fe,Maharashtra,Raigad,Roha,Giridhar Nagar,From pin only
cus_ae9b97ac-6a5,Madhya Pradesh,Indore,Indore,Maharaja Tukoji Rao Holker Cloth Market,Confirmed (pin + address agree)
cus_aea6f717-5b8,Odisha,Khorda,Bhubaneswar,Rasulgarh,Confirmed (pin + address agree)
cus_aeaf2716-ce2,Rajasthan,Jaipur,Jaipur,Pratap Nagar,Confirmed (pin + address agree)
cus_aecb0215-bb5,Odisha,Khorda,Bhubaneswar,Kalinganagar,Confirmed (pin + address agree)
cus_aeccc1af-19e,Gujarat,Valsad,Vapi,,From sheet text only
cus_af05751b-401,Madhya Pradesh,Hoshangabad,Itarsi,,Confirmed (pin + address agree)
cus_af05ee5e-f0d,Dadra and Nagar Haveli and Daman and Diu,Daman,Daman,Ringanwada,From pin only
cus_af0c86a0-838,Kerala,Thiruvananthapuram,Pallichal,,Confirmed (pin + address agree)
cus_af18a8a9-9bc,Maharashtra,Raigad,Raigad,Taloja,Confirmed (pin + address agree)
cus_af1dade1-241,Maharashtra,Palghar,Mira-Bhayandar,,Confirmed (pin + address agree)
cus_af20c60d-de8,Maharashtra,Pune,Pune,,From sheet text only
cus_af268d50-7fc,Rajasthan,Jodhpur,Jodhpur,Basni,Confirmed (pin + address agree)
cus_af34e38a-df4,Maharashtra,Pune,Ashtapur,,Check: pin and address disagree
cus_af3e9934-8a0,Maharashtra,Pune,Ashtapur,,From address only (no pin)
cus_af58e455-d50,Odisha,Ganjam,Brahmapur,,From sheet text only
cus_af65ae95-a51,Odisha,Cuttack,Cuttack,Badambadi Colony,Confirmed (pin + address agree)
cus_af7e40af-958,Maharashtra,Solapur,Solapur,,From sheet text only
cus_af809f38-c09,Gujarat,Rajkot,Morbi,Sardar Nagar,Check: pin and address disagree
cus_af836c35-223,Tamil Nadu,Salem,Salem,,From sheet text only
cus_af83d0f1-824,Kerala,Kannur,Kannur,Talap,From pin only
cus_af9afa27-411,Kerala,Kozhikode,Kozhikode,Pavangad,Confirmed (pin + address agree)
cus_af9f9118-842,Madhya Pradesh,Dewas,Dewas,Ganga Nagar,Confirmed (pin + address agree)
cus_afc760a2-e55,Maharashtra,Thane,Ulhasnagar,Sidhi Vinayak Nagar,Confirmed (pin + address agree)
cus_afc8692c-74f,Maharashtra,Raigad,Khopoli,Yashwant Nagar,Confirmed (pin + address agree)
cus_afcfa480-9d8,Maharashtra,Kolhapur,Kolhapur,Yadav Nagar,Confirmed (pin + address agree)
cus_afd0eb7c-881,Maharashtra,Sangli,Sangli,Ganapati Peth,Confirmed (pin + address agree)
cus_afd20d65-0c3,Kerala,Kozhikode,Pulakkod,Thamarassery,From pin only
cus_afd3430b-a51,Maharashtra,Palghar,Vasai,Vasai East,Confirmed (pin + address agree)
cus_afdf8ce6-a43,Madhya Pradesh,Burhanpur,Burhanpur,Monin Pura,Confirmed (pin + address agree)
cus_afe3ff33-f90,Odisha,Khorda,Bhubaneswar,Laxmisagar,Confirmed (pin + address agree)
cus_b007ce3a-050,Odisha,Cuttack,Cuttack,Bachhapur,From pin only
cus_b01524b1-081,Madhya Pradesh,Katni,Sihora,Marha,Confirmed (pin + address agree)
cus_b0473106-cca,Madhya Pradesh,Jabalpur,Jabalpur,Sonpur,Confirmed (pin + address agree)
cus_b058f2fe-672,Maharashtra,Palghar,Boisar,Mahavir Nagar,From address only (no pin)
cus_b05e31b6-f5a,Maharashtra,Thane,Thane,,From sheet text only
cus_b0696310-048,Maharashtra,Thane,Ulhasnagar,Krishna Nagar,Confirmed (pin + address agree)
cus_b0762a47-fe3,Kerala,Pathanamthitta,Pathanamthitta,Chittoor,Confirmed (pin + address agree)
cus_b077a42c-507,Kerala,Kozhikode,Poonoor,,From sheet text only
cus_b0793ef2-525,Rajasthan,Jaipur,Jaipur,Jhotwara,Confirmed (pin + address agree)
cus_b089104a-b58,Madhya Pradesh,East Nimar,Khandwa,Ramganj Ward,Confirmed (pin + address agree)
cus_b0a3b1d3-82a,Rajasthan,Ajmer,Kishangarh,Gandhi Nagar,Confirmed (pin + address agree)
cus_b0a58c44-16b,Kerala,Kannur,Kannur,Katalayi,Confirmed (pin + address agree)
cus_b0a7bbc0-c52,Madhya Pradesh,Vidisha,Vidisha,Dabar,Check: pin and address disagree
cus_b0b1296c-e54,Rajasthan,Jaipur,Jaipur,Chokdi Gangapol,Confirmed (pin + address agree)
cus_b0cc777e-0fd,Rajasthan,Jaipur,Jaipur,Gopal Pura Mode,Confirmed (pin + address agree)
cus_b0d1acf2-3f4,Madhya Pradesh,Jabalpur,Jabalpur,Shastri Nagar,Confirmed (pin + address agree)
cus_b0e549d4-3ed,Maharashtra,Palghar,Vasai,,From pin only
cus_b0ee3f30-6d6,Maharashtra,Solapur,Mangalwedha,Muralidhar Chowk,Check: pin and address disagree
cus_b0ef1043-540,Maharashtra,Thane,Bhiwandi,Arjunali,From pin only
cus_b0f9c757-c2e,Odisha,Angul,Angul,,Confirmed (pin + address agree)
cus_b1009152-6b7,Maharashtra,Palghar,Vasai,,From pin only
cus_b124ed6d-955,Rajasthan,Jaipur,Jaipur,Mansarovar,Confirmed (pin + address agree)
cus_b139478d-e8c,Rajasthan,Jaipur,Jaipur,Harmada,Confirmed (pin + address agree)
cus_b145ffc6-f98,Kerala,Kozhikode,Katameri,,From address only (no pin)
cus_b14771b9-371,Maharashtra,Palghar,Nala Sopara,Nalasopara East,From sheet text only
cus_b14dbc47-1a5,Maharashtra,Thane,Thane,Thane West,Confirmed (pin + address agree)
cus_b14deb38-07c,Kerala,Kozhikode,Kozhikode,Pavangad,Confirmed (pin + address agree)
cus_b14e0014-25c,Maharashtra,Thane,Dombivli,Dombivli West,Confirmed (pin + address agree)
cus_b172cea9-9c9,Rajasthan,Jodhpur,Jodhpur,Keshavnagar,Confirmed (pin + address agree)
cus_b17985ca-0bf,Kerala,Malappuram,Kondotty,Kondotti,Confirmed (pin + address agree)
cus_b17c60bd-25d,Maharashtra,Thane,Ulhasnagar,Shanti Nagar,Confirmed (pin + address agree)
cus_b18ab924-f62,Maharashtra,Ratnagiri,Chiplun,Khend,From sheet text only
cus_b1918eef-ba8,Maharashtra,Osmanabad,Dharashiv,Dharshiv,Confirmed (pin + address agree)
cus_b1a00844-ea8,Madhya Pradesh,Indore,Indore,Tapeshwari Bagh Colony,Confirmed (pin + address agree)
cus_b1b11f46-595,Maharashtra,Jalgaon,JalGoan,,From sheet text only
cus_b1b213fd-673,Madhya Pradesh,Indore,Indore,Bengali Colony,Confirmed (pin + address agree)
cus_b1c574c8-86d,Maharashtra,Aurangabad,Chhatrapati Sambhajinagar,New Usmanpura,Confirmed (pin + address agree)
cus_b1db3bc6-b02,Maharashtra,Palghar,Kaman,,Check: pin and address disagree
cus_b1e374af-cf8,Kerala,Kozhikode,Parakkadavu,,Confirmed (pin + address agree)
cus_b201b819-b1d,Rajasthan,Jaipur,Jaipur,,Confirmed (pin + address agree)
cus_b206fc1c-dfc,Maharashtra,Thane,Navi Mumbai,Shilphata,Check: pin and address disagree
cus_b2079cc8-94f,Odisha,Khorda,Bhubaneswar,Patrapada,Confirmed (pin + address agree)
cus_b20b9517-fe0,Rajasthan,Barmer,Barmer,Shastri Nagar,Confirmed (pin + address agree)
cus_b2115973-e31,Madhya Pradesh,Indore,Indore,Nehru Nagar,Confirmed (pin + address agree)
cus_b21f927c-c56,Madhya Pradesh,Indore,Indore,,Confirmed (pin + address agree)
cus_b246d3ce-1b5,Maharashtra,Solapur,Modnimb,,From pin only
cus_b24d7905-ba9,Madhya Pradesh,Indore,Indore,Kasturbagram,Confirmed (pin + address agree)
cus_b2571f0a-b9a,Madhya Pradesh,Indore,Indore,,Confirmed (pin + address agree)
cus_b25b1b8d-0e2,Kerala,Kozhikode,Cherapuram,Theekkuni,Confirmed (pin + address agree)
cus_b28593c8-223,Rajasthan,Ajmer,Bandanwara,,From address only (no pin)
cus_b28e9359-b21,Maharashtra,Jalgaon,Sajgaon,,From sheet text only
cus_b2a3ac4b-c8b,Madhya Pradesh,Hoshangabad,Narmadapuram,Balaganj,Confirmed (pin + address agree)
cus_b2bae9c8-0f1,Rajasthan,Jaipur,Jaipur,Jhotwara,Confirmed (pin + address agree)
cus_b2c62b87-1dc,Karnataka,Kalaburagi,Kalaburagi,,From sheet text only
cus_b2e31b8b-551,Madhya Pradesh,Indore,Indore,Ahmad Nagar,Confirmed (pin + address agree)
cus_b2eedaf6-c09,Maharashtra,Nagpur,Nagpur,Khamla,Confirmed (pin + address agree)
cus_b2f52c10-9d7,Odisha,Cuttack,Cuttack,Chaudwar,From pin only
cus_b2f89e7f-557,Madhya Pradesh,Indore,Betma,Kushwah Mohalla,From address only (no pin)
cus_b302b7bf-21d,Madhya Pradesh,Indore,Indore,Indore Khajrana,From pin only
cus_b322f38c-0de,Maharashtra,Thane,Dombivli,Dombivli East,From sheet text only
cus_b3255276-9c5,Odisha,Cuttack,Cuttack,Cda,From address only (no pin)
cus_b3290326-369,Rajasthan,Ajmer,Ajmer,Chandra Vardai Nagar,Confirmed (pin + address agree)
cus_b32cf547-5c0,Maharashtra,Thane,Bhiwandi,Val,Confirmed (pin + address agree)
cus_b32e0456-9fd,Maharashtra,Pune,Pune,Wagholi,From address only (no pin)
cus_b330d603-5e0,Kerala,Kozhikode,Koyilandy,Cmqw6Cv,Check: pin and address disagree
cus_b3314070-e04,Kerala,Kottayam,Changanassery,Perunna,Confirmed (pin + address agree)
cus_b33ab895-ce3,Maharashtra,Nagpur,Nagpur,Itwari,Confirmed (pin + address agree)
cus_b33da335-287,Goa,South Goa,Margao,Vagulem,Confirmed (pin + address agree)
cus_b356367f-5dc,Gujarat,Rajkot,Rajkot,Bhakti Nagar,Not locatable
cus_b366f9da-f71,Maharashtra,Nagpur,Nagpur,Wadi,Confirmed (pin + address agree)
cus_b379ae0d-f7d,Gujarat,Rajkot,Rajkot,,From sheet text only
cus_b38aa23a-1a0,Madhya Pradesh,Indore,Indore,Nipania,Confirmed (pin + address agree)
cus_b38cc233-ab6,Maharashtra,Palghar,Vasai,,From pin only
cus_b3977bad-761,Maharashtra,Thane,Kalyan,Valdhuni,Check: pin and address disagree
cus_b3aa2c05-2e4,Madhya Pradesh,Dhar,Pithampur,Jm65Prf,From pin only
cus_b3b42fc8-030,Goa,North Goa,Panaji,Betim,Confirmed (pin + address agree)
cus_b3f902b5-7c4,Chhattisgarh,Durg,Durg,,From sheet text only
cus_b3f95c6e-5cc,Goa,South Goa,Margao,Madgaon,From pin only
cus_b40a1ebe-895,Rajasthan,Sikar,Reengus,Ringas,Confirmed (pin + address agree)
cus_b40bfc1b-ca1,Rajasthan,Nagaur,Parbatsar,,Confirmed (pin + address agree)
cus_b40e5c54-49c,Maharashtra,Nagpur,Nagpur,Koradi Colony,Confirmed (pin + address agree)
cus_b414915f-012,Rajasthan,Jaipur,Jaipur,Jaisinghpura Khor,Confirmed (pin + address agree)
cus_b41b72a0-b28,Rajasthan,Jaipur,Jaipur,Jhotwara,Confirmed (pin + address agree)
cus_b421b3c0-689,Madhya Pradesh,Indore,Indore,Palda,Confirmed (pin + address agree)
cus_b4232920-28a,Kerala,Kasargod,Kanhangad,Puthiyavalapu,From address only (no pin)
cus_b42777b9-b75,Maharashtra,Palghar,Virar,Virar East,Confirmed (pin + address agree)
cus_b4280dd5-ebf,Maharashtra,Nagpur,Nagpur,Hansapuri,Confirmed (pin + address agree)
cus_b432db6f-6a3,Maharashtra,Palghar,Vasai,Vasai East,Confirmed (pin + address agree)
cus_b4365cec-166,Madhya Pradesh,Indore,Indore,Bijalpur,Confirmed (pin + address agree)
cus_b4449294-aec,Odisha,Khorda,Bhubaneswar,Laxmisagar,From address only (no pin)
cus_b451bc2e-c8a,Maharashtra,Nagpur,Nagpur,Chitnis Nagar,Confirmed (pin + address agree)
cus_b453ee37-db2,Maharashtra,Mumbai,Mumbai,Jogeshwari West,Confirmed (pin + address agree)
cus_b468d7b2-e52,Madhya Pradesh,Indore,Indore,Sirpur,Confirmed (pin + address agree)
cus_b47fa3a8-2c0,Odisha,Khorda,Bhubaneswar,Nayapalli,From address only (no pin)
cus_b49698ae-121,Maharashtra,Nagpur,Nagpur,Manewada,Confirmed (pin + address agree)
cus_b49d2411-1f4,Rajasthan,Barmer,Barmer,Jatiyon Ka Bas,Confirmed (pin + address agree)
cus_b49eb29a-479,Maharashtra,Mumbai,Mumbai,Andheri East,Confirmed (pin + address agree)
cus_b4a1fcc4-e77,Maharashtra,Palghar,Boisar,,From sheet text only
cus_b4a987a6-b3c,Punjab,Jalandhar,Jalandhar,,From sheet text only
cus_b4c5f354-b50,Maharashtra,Raigad,Uran,,Not locatable
cus_b4c6b92f-a0b,Kerala,Kannur,Kannur,Katalayi,From pin only
cus_b4d1d17e-b02,Maharashtra,Sangli,Atpadi,Sangli,Confirmed (pin + address agree)
cus_b4d273bc-696,Maharashtra,Mumbai,Mumbai,Kandivali West,Confirmed (pin + address agree)
cus_b4e55d74-cf9,Rajasthan,Jaipur,Jaipur,Harmada,Confirmed (pin + address agree)
cus_b4fc915f-dcb,Maharashtra,Palghar,Virar,Virar East,Confirmed (pin + address agree)
cus_b50ba4e4-17d,Maharashtra,Thane,Ulhasnagar,Ramayan Nagar,Confirmed (pin + address agree)
cus_b50ce2aa-54b,Maharashtra,Thane,Bhiwandi,,From sheet text only
cus_b5103945-c4a,Kerala,Kannur,Panoor,,Confirmed (pin + address agree)
cus_b517b482-1be,Madhya Pradesh,Jabalpur,Jabalpur,Karmeta,Confirmed (pin + address agree)
cus_b518a67b-f20,Kerala,Kannur,Peringathur,Mekunnu,From pin only
cus_b52e869c-997,Kerala,Kannur,Thalassery,Pilakool,Confirmed (pin + address agree)
cus_b53866a9-32f,Madhya Pradesh,Bhopal,Bhopal,,From sheet text only
cus_b539d999-8e5,Rajasthan,Ajmer,Ajmer,,Check: pin and address disagree
cus_b5449965-91d,Maharashtra,Thane,Ambernath,Vadavali,From address only (no pin)
cus_b5453c4c-892,Gujarat,Jamnagar,Jamnagar,Kamdar Colony,Confirmed (pin + address agree)
cus_b54f8784-07f,Rajasthan,Jaipur,Chomu,Naya BaJar,Check: pin and address disagree
cus_b56518ae-240,Maharashtra,Thane,Thane,Thane West,Confirmed (pin + address agree)
cus_b5651ff9-7c6,Madhya Pradesh,Dewas,Dewas,Ganga Nagar,Confirmed (pin + address agree)
cus_b573da20-d5d,Odisha,Cuttack,Cuttack,Municipal Colony,Confirmed (pin + address agree)
cus_b595bb16-57c,Madhya Pradesh,Indore,Indore,Bartan Bazar,Confirmed (pin + address agree)
cus_b59dcd5a-121,Maharashtra,Palghar,Vasai,,From pin only
cus_b5a0458d-359,Maharashtra,Mumbai,Mumbai,Goregaon West,Confirmed (pin + address agree)
cus_b5b3843a-f62,Odisha,Cuttack,Urali,,Confirmed (pin + address agree)
cus_b5b5736d-130,Kerala,Thiruvananthapuram,Thiruvananthapuram,Nettayam,Confirmed (pin + address agree)
cus_b5d6bccd-b2b,Rajasthan,Jaipur,Jaipur,Bhakrota,Confirmed (pin + address agree)
cus_b5ebb4af-df5,Maharashtra,Palghar,Nala Sopara,Nalasopara East,Confirmed (pin + address agree)
cus_b5f1ac41-e22,Rajasthan,Jaipur,Jaipur,Tonk Phatak,Confirmed (pin + address agree)
cus_b5f1df86-88d,Maharashtra,Thane,Thane,Thane West,Confirmed (pin + address agree)
cus_b5f4badf-32d,Maharashtra,Palghar,Nala Sopara,Nalasopara East,Check: pin and address disagree
cus_b5f6294d-a43,Madhya Pradesh,Jabalpur,Jabalpur,Adhartal,Confirmed (pin + address agree)
cus_b609a118-1a3,Maharashtra,Nagpur,Nagpur,Besa,Confirmed (pin + address agree)
cus_b60a7175-227,Madhya Pradesh,East Nimar,Khandwa,Ghaspura,Confirmed (pin + address agree)
cus_b61a5b10-a5c,Madhya Pradesh,Indore,Indore,,From sheet text only
cus_b6392e40-69d,Maharashtra,Palghar,Vasai,Naigaon,From sheet text only
cus_b6520848-323,Kerala,Alappuzha,Alappuzha,Kanjiramchira,Confirmed (pin + address agree)
cus_b652a93f-071,Madhya Pradesh,Indore,Indore,,Confirmed (pin + address agree)
cus_b66560ee-15e,Maharashtra,Palghar,Nala Sopara,Nalasopara West,From sheet text only
cus_b66c2f47-200,Rajasthan,Jaipur,Jaipur,Sindhi Camp,Confirmed (pin + address agree)
cus_b67da85a-739,Maharashtra,Nagpur,Nagpur,Dharampeth,From address only (no pin)
cus_b684e0af-d8b,Rajasthan,Jaipur,Jaipur,Balaji Vihar-25,Confirmed (pin + address agree)
cus_b68dd7e7-1ed,Rajasthan,Sikar,Reengus,Dheerajpura,From pin only
cus_b695f619-4c0,Maharashtra,Ratnagiri,Ratnagiri,Tilak Ali,From address only (no pin)
cus_b6a600e3-64c,Maharashtra,Jalgaon,Jalgaon,Pimprala,Confirmed (pin + address agree)
cus_b6a76cd3-e1f,Odisha,Cuttack,Cuttack,Oriya Bazar,Check: pin and address disagree
cus_b6affcff-192,Maharashtra,Nagpur,Nagpur,S R P Camp,Confirmed (pin + address agree)
cus_b6b93280-162,Rajasthan,Kota,Kota,Mahaveer Nagar,Confirmed (pin + address agree)
cus_b6bdc8d1-c65,Maharashtra,Nagpur,Nagpur,Duttawadi,Confirmed (pin + address agree)
cus_b6d6b235-d4b,Maharashtra,Gadchiroli,Gadchiroli,Ashirwad Nagar,Confirmed (pin + address agree)
cus_b6db2bed-4dc,Maharashtra,Palghar,Vasai,Naigaon,From sheet text only
cus_b6dc479c-a4d,Maharashtra,Chandrapur,Chandrapur,Bazar Ward,Confirmed (pin + address agree)
cus_b6e02ad7-1c5,Odisha,Khorda,Bhubaneswar,Rasulgarh,Confirmed (pin + address agree)
cus_b6fd4b3b-3e8,Maharashtra,Palghar,Vasai,,From pin only
cus_b6feda21-1de,Odisha,Khorda,Bhubaneswar,,From pin only
cus_b70282c2-601,Maharashtra,Thane,Padgha,Arjunali,From pin only
cus_b705e313-5e5,Kerala,Kozhikode,Kunnamangalam,Mukkam,From pin only
cus_b7123720-e60,Maharashtra,Solapur,Akluj,Savtamali Nagar,Confirmed (pin + address agree)
cus_b71ab326-c11,Maharashtra,Thane,Kalyan,Chinchpada Gaon,Confirmed (pin + address agree)
cus_b71f645e-23f,Maharashtra,Thane,Bhiwandi,Padma Nagar,Confirmed (pin + address agree)
cus_b7332fe0-990,Maharashtra,Thane,Kalyan,Hanuman Nagar,Confirmed (pin + address agree)
cus_b73598d3-a62,Kerala,Kollam,Kollam,Andamukkam,Confirmed (pin + address agree)
cus_b73c7f1e-a2b,Maharashtra,Thane,Ambernath,Morivali,Confirmed (pin + address agree)
cus_b7583a71-4d6,Rajasthan,Kota,Kota,Indraprastha Industrial Area,Confirmed (pin + address agree)
cus_b769fa71-d8c,Odisha,Cuttack,Banki,,From address only (no pin)
cus_b76e7888-0ce,Rajasthan,Ajmer,Ajmer,Lohagal,Confirmed (pin + address agree)
cus_b775c9c8-221,Maharashtra,Thane,Ulhasnagar,Kailash Colony,Confirmed (pin + address agree)
cus_b779f2dc-6da,Madhya Pradesh,Bhopal,Bhopal,Kopal,From pin only
cus_b77b5a1f-5ca,Madhya Pradesh,Vidisha,Ganj Basoda,Bedan Khadi,From pin only
cus_b79c4dda-43f,Madhya Pradesh,Bhopal,Bhopal,Peer Gate Area,Check: pin and address disagree
cus_b7adf5a6-b11,Madhya Pradesh,Indore,Indore,Dwarkapuri,Confirmed (pin + address agree)
cus_b7cb7a24-69d,Maharashtra,Thane,Thane,Thane West,Confirmed (pin + address agree)
cus_b7cd5926-8e3,Madhya Pradesh,Indore,Indore,Siyaganj,Confirmed (pin + address agree)
cus_b7d7f3f2-932,Maharashtra,Raigad,Dheku,,Check: pin and address disagree
cus_b7dd299c-497,Madhya Pradesh,Jabalpur,Jabalpur,Madan Mahal,From pin only
cus_b7dfb1ff-3bd,Maharashtra,Thane,Kalyan,Gopal krishna Nagar,Confirmed (pin + address agree)
cus_b7e5633f-51a,Madhya Pradesh,West Nimar,Khargone,Vishwa Sakha Nagar,Check: pin and address disagree
cus_b7e65270-e4d,Madhya Pradesh,Jabalpur,Jabalpur,Bilhari,Confirmed (pin + address agree)
cus_b810e977-f89,Maharashtra,Thane,Bhiwandi,,From pin only
cus_b81a4afe-2ba,Madhya Pradesh,Bhopal,Bhopal,,From sheet text only
cus_b81a82cf-850,Kerala,Thiruvananthapuram,Thiruvananthapuram,Murinjapalam,Confirmed (pin + address agree)
cus_b8244d5c-6cd,Rajasthan,Jaipur,Jaipur,Brajraj Enclave,Confirmed (pin + address agree)
cus_b82d170b-fc2,Madhya Pradesh,Indore,Indore,,Confirmed (pin + address agree)
cus_b8414999-24c,Maharashtra,Palghar,Boisar,,From address only (no pin)
cus_b85609bb-d2c,Madhya Pradesh,Bhopal,Bhopal,Maharana Pratap Nagar,Confirmed (pin + address agree)
cus_b86b5e55-864,Rajasthan,Ajmer,Ajmer,Subhash Nagar,Check: pin and address disagree
cus_b87d6750-f01,Madhya Pradesh,Indore,Indore,,From sheet text only
cus_b8aafc74-bce,Maharashtra,Palghar,Vasai,Waliv,Confirmed (pin + address agree)
cus_b8d1038c-2a7,Madhya Pradesh,Indore,Indore,,Confirmed (pin + address agree)
cus_b8d2f248-5a5,Maharashtra,Palghar,Dahanu,Malyan,From address only (no pin)
cus_b8d62703-829,Maharashtra,Mumbai,Mumbai,Kandivali West,Confirmed (pin + address agree)
cus_b8daf2ec-9a6,Maharashtra,Mumbai,Mumbai,Goregaon West,Confirmed (pin + address agree)
cus_b8dfa3d5-05e,Madhya Pradesh,Jabalpur,Jabalpur,Gupteshwar,Check: pin and address disagree
cus_b8eb3712-5e1,Maharashtra,Palghar,Mira-Bhayandar,,Confirmed (pin + address agree)
cus_b8f07d3c-874,Maharashtra,Thane,Ambernath,Morivali,Confirmed (pin + address agree)
cus_b9158fe4-0ad,Maharashtra,Mumbai,Mumbai,Goregaon West,Confirmed (pin + address agree)
cus_b9267b87-bdf,Madhya Pradesh,Vidisha,Vidisha,Uday Nagar Colony,Confirmed (pin + address agree)
cus_b927a7bf-15f,Odisha,Khorda,Bhubaneswar,Chandrasekharpur,Confirmed (pin + address agree)
cus_b93aeba9-598,Rajasthan,Bundi,Bundi,,From pin only
cus_b94f9911-8a3,Maharashtra,Palghar,Virar,Pelhar,From pin only
cus_b952924e-ee9,Kerala,Kozhikode,Villiappally,,Check: pin and address disagree
cus_b9705504-86a,Maharashtra,Pune,Pune,Parvati Paytha,Confirmed (pin + address agree)
cus_b975a4a4-904,Madhya Pradesh,Indore,Indore,Dwarkapuri,Confirmed (pin + address agree)
cus_b9767f8a-a7b,Rajasthan,Jaipur,Jaipur,Govindpura,Confirmed (pin + address agree)
cus_b97689c2-150,Rajasthan,Bundi,Keshoraipatan,,Confirmed (pin + address agree)
cus_b97be1af-fb1,Rajasthan,Pali,Pali,Keshav Nagar,Confirmed (pin + address agree)
cus_b9800b98-d3f,Kerala,Thiruvananthapuram,Thiruvananthapuram,Vanchiyoor,Confirmed (pin + address agree)
cus_b9886e16-250,Madhya Pradesh,Ratlam,Ratlam,Samta Nagar,Confirmed (pin + address agree)
cus_b98fc602-3b2,Kerala,Kozhikode,Nadapuram,Kuttiady,From pin only
cus_b99ad662-ae5,Madhya Pradesh,Jabalpur,Jabalpur,Gupta Colony,Confirmed (pin + address agree)
cus_b9b1de91-7c9,Odisha,Khorda,Bhubaneswar,Madhipur,Confirmed (pin + address agree)
cus_b9b96beb-ac9,Rajasthan,Chittorgarh,Nimbahera,Mahesh Nagar,Confirmed (pin + address agree)
cus_b9c1590a-0bf,Rajasthan,Jodhpur,Jodhpur,Rawat Nagar,Confirmed (pin + address agree)
cus_b9c254e7-1dc,Kerala,Kasargod,Kasaragod,Bedira,From pin only
cus_b9c65165-ea4,Maharashtra,Thane,Dombivli,,From sheet text only
cus_b9d9a602-130,Kerala,Kozhikode,Vatakara,Veerancheri,Confirmed (pin + address agree)
cus_b9e408a8-183,Madhya Pradesh,Indore,Indore,Rajendra Nagar,Confirmed (pin + address agree)
cus_b9f75bd7-49a,Kerala,Alappuzha,Mannar,,Confirmed (pin + address agree)
cus_b9fed97b-7de,Odisha,Cuttack,Khuntuni,,Confirmed (pin + address agree)
cus_ba039c6d-d67,Maharashtra,Mumbai,Mumbai,Kandivali East,Confirmed (pin + address agree)
cus_ba0eb165-e37,Kerala,Kannur,Chokli,Panniyannur,Confirmed (pin + address agree)
cus_ba1fc3cd-3b3,Maharashtra,Mumbai,Mumbai,Goregaon,Confirmed (pin + address agree)
cus_ba39c61b-6b9,Maharashtra,Palghar,Nala Sopara,,From pin only
cus_ba3b8a0d-f06,Rajasthan,Jaipur,Jaipur,Jagatpura,Confirmed (pin + address agree)
cus_ba54a52b-c97,Odisha,Nabarangapur,Nabarangapur,Nabarangapur PS,Confirmed (pin + address agree)
cus_ba5b477b-407,Madhya Pradesh,Chhindwara,Chhindwara,Mohan Nagar,Confirmed (pin + address agree)
cus_ba644994-808,Maharashtra,Jalgaon,Bhusawal,Kanhaya Kunj,Check: pin and address disagree
cus_ba67075f-e74,Rajasthan,Bhilwara,Mandal,Chwc8Pm,Confirmed (pin + address agree)
cus_ba728ca1-a78,Maharashtra,Mumbai,Mumbai,Andheri East,From address only (no pin)
cus_ba792652-28b,Maharashtra,Palghar,Vasai,,From pin only
cus_ba854800-6ef,Madhya Pradesh,Indore,Indore,Sukhlia,Confirmed (pin + address agree)
cus_ba8ae7f2-e3a,Madhya Pradesh,Bhopal,Bhopal,Peer Gate Area,Confirmed (pin + address agree)
cus_ba998099-3b0,Maharashtra,Thane,Kalyan,Khadakpada,Confirmed (pin + address agree)
cus_baa079ad-393,Madhya Pradesh,East Nimar,Khandwa,Ghaspura,Confirmed (pin + address agree)
cus_baa16906-892,Gujarat,Rajkot,Morbi,Sardar Nagar,Confirmed (pin + address agree)
cus_baa9a515-e36,Madhya Pradesh,Indore,Indore,Sanwariya Nagar,Confirmed (pin + address agree)
cus_babc7c2b-9ad,Kerala,Pathanamthitta,Thiruvalla,,Confirmed (pin + address agree)
cus_baca2057-706,Kerala,Palakkad,Palakkad,Pallippuram,Confirmed (pin + address agree)
cus_bad756ad-043,Maharashtra,Mumbai,Mumbai,Kandivali West,Confirmed (pin + address agree)
cus_badc4643-f71,Maharashtra,Nagpur,Nagpur,Ramdaspeth,Confirmed (pin + address agree)
cus_baddfc3e-223,Madhya Pradesh,Jabalpur,Jabalpur,Vijay Nagar,Confirmed (pin + address agree)
cus_baf0449e-0bd,Maharashtra,Raigad,Raigad,Panvel,Confirmed (pin + address agree)
cus_bb07d48b-c55,Odisha,Ganjam,Brahmapur,Gosani Nuagam,Confirmed (pin + address agree)
cus_bb0beac6-c48,Gujarat,Rajkot,Rajkot,,From sheet text only
cus_bb149344-692,Maharashtra,Solapur,Solapur,Keshav Nagra,Confirmed (pin + address agree)
cus_bb1ca433-a2b,Kerala,Malappuram,Manjeri,Karuvambram,Confirmed (pin + address agree)
cus_bb210039-ecd,Odisha,Ganjam,Brahmapur,,Confirmed (pin + address agree)
cus_bb235480-e54,Maharashtra,Pune,Pune,Nana Peth,From sheet text only
cus_bb25171e-0d8,Kerala,Kozhikode,Kozhikode,Chalappuram,Confirmed (pin + address agree)
cus_bb377eb3-834,Maharashtra,Nagpur,Nagpur,Kharbi,Confirmed (pin + address agree)
cus_bb4167be-5db,Rajasthan,Jaipur,Jaipur,Lalchandpura,From pin only
cus_bb457e89-a57,Kerala,Ernakulam,Muvattupuzha,,Confirmed (pin + address agree)
cus_bb46df36-93d,Maharashtra,Palghar,Virar,Virar East,Confirmed (pin + address agree)
cus_bb600d45-6c3,Rajasthan,Alwar,Alwar,Jawali Bhawan Colony,From address only (no pin)
cus_bb668fac-3bc,Maharashtra,Solapur,Solapur,Mangalwar Peth,Confirmed (pin + address agree)
cus_bb686dd5-e86,Rajasthan,Jaipur,Jaipur,,Confirmed (pin + address agree)
cus_bb6a7d0b-295,Odisha,Cuttack,Cuttack,Naya Bazaar,Confirmed (pin + address agree)
cus_bb7aeb75-b97,Rajasthan,Bhilwara,Bhilwara,R K Colony,Confirmed (pin + address agree)
cus_bb8351b4-a6f,Maharashtra,Palghar,Palghar,Vishnu Nagar,From address only (no pin)
cus_bb861bc8-f8c,Odisha,Cuttack,Jagatpur,,Confirmed (pin + address agree)
cus_bb904164-34a,Maharashtra,Mumbai,Mumbai,Bhuleshwar,From address only (no pin)
cus_bb9ec93b-010,Kerala,Kozhikode,Nadapuram,Kerala,From pin only
cus_bba6eb53-2e8,Madhya Pradesh,Indore,Indore,Raj Mohalla,From address only (no pin)
cus_bbb59a4c-a06,Maharashtra,Mumbai,Mumbai,Kandivali West,Confirmed (pin + address agree)
cus_bbb5f8e3-f96,Maharashtra,Thane,Bhiwandi,Mandai,Confirmed (pin + address agree)
cus_bbd491f0-ed7,Maharashtra,Nagpur,Nagpur,Bramnhi,From sheet text only
cus_bbfd57c4-5af,Bihar,East Champaran,Raxaul,,From sheet text only
cus_bc1f4a58-ad1,Rajasthan,Jaipur,Jaipur,Purani Basti,From address only (no pin)
cus_bc277ab1-ac0,Rajasthan,Jaipur,Jaipur,Vidhyut Nagar,Confirmed (pin + address agree)
cus_bc291a3a-bd5,Madhya Pradesh,Raisen,Bhopal,Mandideep,Confirmed (pin + address agree)
cus_bc4db583-370,Odisha,Khorda,Khordha,Jatni,Confirmed (pin + address agree)
cus_bc502d80-bac,Maharashtra,Thane,Ambernath,Vandrapada,Confirmed (pin + address agree)
cus_bc55cf8c-5e5,Maharashtra,Mumbai,Mumbai,Kandivali West,Confirmed (pin + address agree)
cus_bc6471a2-2de,Rajasthan,Ajmer,Beawar,Kisan Ganj,Confirmed (pin + address agree)
cus_bc6c2f2e-9f5,Kerala,Thiruvananthapuram,Thiruvananthapuram,Vanchiyoor,Confirmed (pin + address agree)
cus_bc8fa168-d8a,Madhya Pradesh,Indore,Indore,Goyal Nagar,Confirmed (pin + address agree)
cus_bca77ac2-854,Maharashtra,Kolhapur,Chinchwad,,Check: pin and address disagree
cus_bcbf3431-2f1,Kerala,Pathanamthitta,Pathanamthitta,Pandalam,From pin only
cus_bcd0f415-b76,Maharashtra,Kolhapur,Kolhapur,Shivaji Udyam Nagar,Confirmed (pin + address agree)
cus_bcd6ae78-272,Maharashtra,Kolhapur,Gandhinagar,,Check: pin and address disagree
cus_bcdcad4a-397,Rajasthan,Jaipur,Jaipur,Jagatpura,Confirmed (pin + address agree)
cus_bcde2ae4-3b3,Chhattisgarh,Rajnandgaon,Rajnandgaon,Jamat para,Confirmed (pin + address agree)
cus_bce8c66e-cc5,Rajasthan,Jaipur,Jaipur,Bajaj Nagar,Confirmed (pin + address agree)
cus_bcf0f24a-0ad,Maharashtra,Thane,Kasheli,Puranik Villas,Check: pin and address disagree
cus_bd05e556-cda,Madhya Pradesh,Indore,Indore,Shiv Sakti Nagar,Confirmed (pin + address agree)
cus_bd09c267-836,Maharashtra,Pune,Pune,Ganesh Peth,From address only (no pin)
cus_bd136bb2-e6a,Maharashtra,Mumbai,Mumbai,Dahisar East,Confirmed (pin + address agree)
cus_bd15c2fd-623,Madhya Pradesh,Indore,Indore,New Siyaganj,Confirmed (pin + address agree)
cus_bd1af8c4-9a9,Maharashtra,Palghar,Vasai,,From sheet text only
cus_bd1dbe63-074,Odisha,Khorda,Bhubaneswar,Patia,Confirmed (pin + address agree)
cus_bd247ccc-d96,Madhya Pradesh,Indore,Indore,Palda,Check: pin and address disagree
cus_bd2d7635-b1f,Maharashtra,Palghar,Manor,,From address only (no pin)
cus_bd35aacd-03f,Rajasthan,Ajmer,Ajmer,Pal Bhichala,Confirmed (pin + address agree)
cus_bd45b28a-b06,Madhya Pradesh,Betul,Atner,,From sheet text only
cus_bd599cc7-89d,Chhattisgarh,Rajnandgaon,Rajnandgaon,Bharka Para,Check: pin and address disagree
cus_bd5b714c-c56,Madhya Pradesh,Bhopal,Bhopal,Bairagarh,Confirmed (pin + address agree)
cus_bd5e8431-0c8,Rajasthan,Ajmer,Bijainagar,,From address only (no pin)
cus_bd60c1e8-9c0,Maharashtra,Buldhana,Buldhana,Vishnuwadi,Confirmed (pin + address agree)
cus_bd62365d-dc9,Rajasthan,Ajmer,Ajmer,Vaishali Nagar,Check: pin and address disagree
cus_bd6cb254-969,Madhya Pradesh,Indore,Indore,Vijay Nagar,Confirmed (pin + address agree)
cus_bd740ef9-b6a,Maharashtra,Thane,Bhiwandi,Avachit Pada,Confirmed (pin + address agree)
cus_bd787d3e-592,Madhya Pradesh,Ujjain,Ujjain,Keshav Nagar,Confirmed (pin + address agree)
cus_bd86722a-821,Kerala,Kasargod,Kasaragod,,Confirmed (pin + address agree)
cus_bd92f200-280,Rajasthan,Jaipur,Jaipur,Bhawani Nagar,Confirmed (pin + address agree)
cus_bd9308fc-bf6,Maharashtra,Thane,Navi Mumbai,Dahisar,Confirmed (pin + address agree)
cus_bd9d0b98-3a4,Odisha,Jagatsinghapur,Paradeep,,From sheet text only
cus_bd9f3596-365,Rajasthan,Jaipur,Jaipur,Jamna Puri,Confirmed (pin + address agree)
cus_bda101d4-f80,Rajasthan,Ajmer,Pushkar,,Confirmed (pin + address agree)
cus_bda2221e-e50,Rajasthan,Jaipur,Jaipur,Jawahar Nagar,Confirmed (pin + address agree)
cus_bdcfd9c8-c4d,Madhya Pradesh,Indore,Indore,,Confirmed (pin + address agree)
cus_bdd04a8d-6be,Odisha,Khorda,Puri,Pipili,Confirmed (pin + address agree)
cus_bdd27f34-005,Odisha,Khorda,Bhubaneswar,Rasulgarh,Confirmed (pin + address agree)
cus_bdde91c5-246,Madhya Pradesh,Jabalpur,Jabalpur,Garha,From pin only
cus_bde29e3d-98b,Maharashtra,Gadchiroli,Gadchiroli,Rampuri,Confirmed (pin + address agree)
cus_bdf9a470-03b,Maharashtra,Palghar,Vasai,Vasai East,From sheet text only
cus_bdf9c856-990,Madhya Pradesh,Jabalpur,Jabalpur,Hanumantal Ward,Confirmed (pin + address agree)
cus_be09f26e-264,Maharashtra,Thane,Bhiwandi,Ambadi Naka,From pin only
cus_be15a85d-b53,Maharashtra,Thane,Dombivli,Dombivli West,Confirmed (pin + address agree)
cus_be1ce8bb-5c3,Rajasthan,Ajmer,Ajmer,Dargah Bazar,Confirmed (pin + address agree)
cus_be3d8855-4a4,Odisha,Cuttack,Bhairpur,,Check: pin and address disagree
cus_be55d0b1-242,Maharashtra,Palghar,Virar,,From pin only
cus_be67f784-e1d,Rajasthan,Ajmer,Ajmer,,From pin only
cus_be6dcc1f-161,Madhya Pradesh,Indore,Indore,Dwarkapuri,Confirmed (pin + address agree)
cus_be705f6a-b67,Maharashtra,Thane,Kalyan,Anandwadi,Confirmed (pin + address agree)
cus_be750de1-e6e,Rajasthan,Jhalawar,Jhalrapatan,,Confirmed (pin + address agree)
cus_be7b44fd-0e2,Rajasthan,Jaipur,Jaipur,Pratap Nagar,Confirmed (pin + address agree)
cus_be8a6ad1-04b,Maharashtra,Solapur,Solapur,Lashkar,Confirmed (pin + address agree)
cus_beab9e18-7de,Maharashtra,Mumbai,Mumbai,Malad East,Confirmed (pin + address agree)
cus_bead1973-d01,Maharashtra,Palghar,Boisar,,From sheet text only
cus_beb16933-016,Rajasthan,Jaipur,Jaipur,Ranisati Nagar,Confirmed (pin + address agree)
cus_beb443d2-485,Maharashtra,Solapur,Solapur,Hatture Vasti,Confirmed (pin + address agree)
cus_beb5340e-f69,Kerala,Palakkad,Perintalmanna,Koppam,From pin only
cus_bed314ab-b25,Gujarat,Rajkot,Morbi,Sardar Nagar,Confirmed (pin + address agree)
cus_bed72146-6d7,Maharashtra,Gadchiroli,Aheri,ZP Colony,Check: pin and address disagree
cus_bee25d9b-a0b,Rajasthan,Jaipur,Jaipur,Vaishali Nagar,Confirmed (pin + address agree)
cus_bee4a7c2-96f,Maharashtra,Osmanabad,Dharashiv,S.R.T.Colony,Confirmed (pin + address agree)
cus_bef5ace1-485,Maharashtra,Thane,Dombivli,Dombivli West,Confirmed (pin + address agree)
cus_bef93243-b5a,Maharashtra,Thane,Thane,Borivali Tarf Sonale,From pin only
cus_befa2db8-776,Rajasthan,Jaipur,Jaipur,Sindhi Colony,From address only (no pin)
cus_befe62dc-cec,Madhya Pradesh,Bhopal,Bhopal,Peer Gate Area,Confirmed (pin + address agree)
cus_bf07e2aa-400,Madhya Pradesh,West Nimar,Khargone,Rishika Nagar,Confirmed (pin + address agree)
cus_bf0b9a33-cf4,Maharashtra,Pune,Pune,Mundhwa,Check: pin and address disagree
cus_bf2b8030-327,Maharashtra,Pune,Manchar,,From sheet text only
cus_bf335d8c-a7e,Maharashtra,Thane,Badlapur,Station Pada,Confirmed (pin + address agree)
cus_bf37b483-1ff,Madhya Pradesh,Indore,Indore,Transport Nagar,Confirmed (pin + address agree)
cus_bf42bf11-487,Madhya Pradesh,Jabalpur,Jabalpur,Gorakhpur,Check: pin and address disagree
cus_bf46671f-1fd,Madhya Pradesh,Jabalpur,Jabalpur,Hathital,Confirmed (pin + address agree)
cus_bf62d3b7-8cf,Maharashtra,Thane,Dombivli,Dombivli East,Confirmed (pin + address agree)
cus_bf63bdfb-835,Goa,North Goa,Mapusa,R. do Pinto Cordeiro,Confirmed (pin + address agree)
cus_bf65acc9-8db,Maharashtra,Kolhapur,Kolhapur,Shivaji Udyam Nagar,Confirmed (pin + address agree)
cus_bf68d684-ef4,Maharashtra,Palghar,Virar,,From sheet text only
cus_bf6d75d4-158,Rajasthan,Ajmer,Ajmer,Mali Mohalla,Confirmed (pin + address agree)
cus_bf74cc09-fa5,Rajasthan,Jaipur,Jaipur,Jhotwara,Confirmed (pin + address agree)
cus_bf8be788-629,Maharashtra,Nagpur,Nagpur,Ghogali,From pin only
cus_bf91c12d-b9a,Maharashtra,Solapur,Karkamb,,From sheet text only
cus_bfa6f13c-308,Odisha,Ganjam,Hinjilicut,Hinjillikatu,Confirmed (pin + address agree)
cus_bfa72c34-be0,Madhya Pradesh,Bhopal,Bhopal,,From sheet text only
cus_bfaa17b3-881,Kerala,Kannur,Mattannur,Indira Nagar,Confirmed (pin + address agree)
cus_bfc13b8e-5cc,Maharashtra,Palghar,Mira-Bhayandar,,From address only (no pin)
cus_bfcd3ebf-ee7,Maharashtra,Thane,Suchak Naka,Suchak Naka,Not locatable
cus_bfd0c1fb-f96,Madhya Pradesh,Indore,Indore,,From sheet text only
cus_bfd58bb0-0d6,Madhya Pradesh,Indore,Indore,Rau,From pin only
cus_bff75e7c-8eb,Madhya Pradesh,Indore,Indore,Surya Dev Nagar,Confirmed (pin + address agree)
cus_c003ce7d-8d3,Rajasthan,Ajmer,Ajmer,,From pin only
cus_c012a7f7-761,Maharashtra,Kolhapur,Kolhapur,New Shahupuri,Confirmed (pin + address agree)
cus_c01d9688-c5b,Chhattisgarh,Durg,Durg,Shanichari Bazar,From address only (no pin)
cus_c01dbb84-870,Madhya Pradesh,Jabalpur,Jabalpur,Bengali Colony,Confirmed (pin + address agree)
cus_c0216ad0-933,Odisha,Khorda,Bhubaneswar,Patia,Confirmed (pin + address agree)
cus_c035d3ac-85e,Madhya Pradesh,Jabalpur,Jabalpur,Bapu Nagar,Confirmed (pin + address agree)
cus_c0440dde-be6,Rajasthan,Bhilwara,Bhilwara,Sanjay Colony,Confirmed (pin + address agree)
cus_c054e9fd-168,Madhya Pradesh,Indore,Indore,Sukhlia,Confirmed (pin + address agree)
cus_c05acc4e-b4b,Madhya Pradesh,Bhopal,Bhopal,Peer Gate Area,Confirmed (pin + address agree)
cus_c06309b8-2c1,Rajasthan,Ajmer,Ajmer,Vigyan Nagar,Confirmed (pin + address agree)
cus_c06812a4-60e,Madhya Pradesh,Jabalpur,Jabalpur,Sadar,Confirmed (pin + address agree)
cus_c07577b3-8a2,Gujarat,Rajkot,Rajkot,,From sheet text only
cus_c07badf6-2fb,Maharashtra,Thane,Dombivli,Dombivli West,Confirmed (pin + address agree)
cus_c09222da-dec,Maharashtra,Mumbai,Mumbai,Andheri East,Confirmed (pin + address agree)
cus_c0944a7f-08f,Odisha,Khorda,Bhubaneswar,Raghunathpurjali,Confirmed (pin + address agree)
cus_c0a2abd7-a8c,Rajasthan,Jaipur,Jaipur,Khatipura,Confirmed (pin + address agree)
cus_c0b719cf-557,Rajasthan,Jaipur,Jaipur,Bambala,Confirmed (pin + address agree)
cus_c0d4e542-be1,Kerala,Kozhikode,Kozhikode,Chevarambalam,Confirmed (pin + address agree)
cus_c0dae335-3d5,Kerala,Idukki,Kattappana,,From sheet text only
cus_c0e69edf-ce2,Rajasthan,Jaipur,Dhodhsar,,From sheet text only
cus_c0e82228-75e,Maharashtra,Raigad,Khopoli,Takai,Confirmed (pin + address agree)
cus_c0ebe020-97d,Rajasthan,Bhilwara,Bhilwara,Bhopal Ganj,Confirmed (pin + address agree)
cus_c0f5e2ad-ac6,Maharashtra,Palghar,Vasai,,From pin only
cus_c0f7f648-44c,Madhya Pradesh,Dhar,Pithampur,Pithampur Industrial Area,From pin only
cus_c1028f37-0dc,Maharashtra,Solapur,Karkamb,,From pin only
cus_c103bee1-b32,Maharashtra,Nagpur,Nagpur,,From sheet text only
cus_c1054863-c60,Maharashtra,Jalgaon,Jalgaon,Joshi Peth,Confirmed (pin + address agree)
cus_c1267a4b-d39,Odisha,Bargarh,Bargarh,Dhanger,Confirmed (pin + address agree)
cus_c12e278f-948,Maharashtra,Nagpur,Nagpur,Mahal,Confirmed (pin + address agree)
cus_c151a8cf-66c,Gujarat,Rajkot,Morbi,Sardar Nagar,Confirmed (pin + address agree)
cus_c15244a6-121,Odisha,Sambalpur,Sambalpur,Dhanupali,Confirmed (pin + address agree)
cus_c153b58b-a5c,Kerala,Thiruvananthapuram,Attingal,Valakkadu,From pin only
cus_c1565b32-b98,Maharashtra,Solapur,Barshi,Mangire Mala,Confirmed (pin + address agree)
cus_c161549c-6f4,Rajasthan,Chittorgarh,Chittorgarh,Rajeev Colony,Confirmed (pin + address agree)
cus_c165a6ff-dd2,Maharashtra,Gondia,Gondia,Laxmi Nagar,Confirmed (pin + address agree)
cus_c1751c63-412,Kerala,Kozhikode,Parakkadavu,Kerala,From pin only
cus_c179c751-2ed,Maharashtra,Thane,Ambernath,MIDC East,Confirmed (pin + address agree)
cus_c1a262d8-7a1,Maharashtra,Nagpur,Nagpur,Mohan Nagar,From address only (no pin)
cus_c1b7bba3-92f,Gujarat,Surat,Surat,,From sheet text only
cus_c1c7be9f-bcb,Madhya Pradesh,Hoshangabad,Narmadapuram,Ginni Compound,Confirmed (pin + address agree)
cus_c1ec8515-038,Maharashtra,Thane,Dombivli,,From sheet text only
cus_c1f1bd5a-103,Chhattisgarh,Surguja,Ambikapur,,Confirmed (pin + address agree)
cus_c1f5b58c-a17,Maharashtra,Akola,Akola,Mominpura,Confirmed (pin + address agree)
cus_c1f5ddad-394,Kerala,Alappuzha,Kayamkulam,Mukkavala,Confirmed (pin + address agree)
cus_c2270b53-b55,Kerala,Kasargod,Kasaragod,,Confirmed (pin + address agree)
cus_c2286cd6-5fc,Madhya Pradesh,Hoshangabad,Taku,Suraj Ganj,Confirmed (pin + address agree)
cus_c228a743-aef,Madhya Pradesh,Indore,Indore,Rau,Confirmed (pin + address agree)
cus_c2396433-1be,Odisha,Puri,Nimapada,,From address only (no pin)
cus_c2470199-cf0,Maharashtra,Mumbai,Mumbai,Borivali West,Confirmed (pin + address agree)
cus_c24e8a58-f97,Rajasthan,Ajmer,Ajmer,Dayanand Colony,Confirmed (pin + address agree)
cus_c24f93ea-978,Maharashtra,Kolhapur,Gandhinagar,Gad Mudshingi,Confirmed (pin + address agree)
cus_c25745d3-3e2,Maharashtra,Kolhapur,Gandhinagar,,From address only (no pin)
cus_c273fe86-d95,Odisha,Khorda,Bhubaneswar,Patrapada,Confirmed (pin + address agree)
cus_c27866e8-300,Madhya Pradesh,Indore,Indore,Chhawni,Confirmed (pin + address agree)
cus_c28628c9-c71,Maharashtra,Thane,Thane,Thane West,Confirmed (pin + address agree)
cus_c286f370-6f8,Rajasthan,Jaipur,Jaipur,Mansarovar,Confirmed (pin + address agree)
cus_c2a3aeb2-f64,Maharashtra,Palghar,Virar,Chandansar,Confirmed (pin + address agree)
cus_c2b7a0fd-539,Maharashtra,Nagpur,Nagpur,Nandanvan,Confirmed (pin + address agree)
cus_c2cb1b53-946,Odisha,Khorda,Bhubaneswar,Nayapalli,Confirmed (pin + address agree)
cus_c2d34b47-a66,Maharashtra,Thane,Thane,Thane West,Confirmed (pin + address agree)
cus_c2d4d384-5cf,Maharashtra,Mumbai,Mumbai,Borivali East,Confirmed (pin + address agree)
cus_c2d7648e-eea,Rajasthan,Ajmer,Kishangarh,RoadRajasthan,Confirmed (pin + address agree)
cus_c2de635a-53e,Maharashtra,Osmanabad,Dharashiv,Khaja Nagar,Confirmed (pin + address agree)
cus_c2deee39-95f,Rajasthan,Jaipur,Jaipur,Gopal Pura Mode,Confirmed (pin + address agree)
cus_c2e72c58-0f4,Madhya Pradesh,Indore,Indore,Imli Bazar,Confirmed (pin + address agree)
cus_c305bbfe-ea0,Rajasthan,Jodhpur,Jodhpur,Sirodi,From address only (no pin)
cus_c310c91a-222,Kerala,Thiruvananthapuram,Thiruvananthapuram,Pazhavangadi,Confirmed (pin + address agree)
cus_c318acde-e96,Rajasthan,Ajmer,Nasirabad,Ram Dayal Mohalla,Confirmed (pin + address agree)
cus_c3195e0d-d17,Maharashtra,Palghar,Vasai,Vasai West,Confirmed (pin + address agree)
cus_c31d2b06-d80,Kerala,Thiruvananthapuram,Thiruvananthapuram,,From sheet text only
cus_c3369377-83c,Maharashtra,Sangli,Sangli,Madhavnagar,From pin only
cus_c337671b-db4,Madhya Pradesh,Indore,Indore,Sudama Nagar,Confirmed (pin + address agree)
cus_c33999b8-eea,Madhya Pradesh,Jabalpur,Jabalpur,Bengali Colony,Confirmed (pin + address agree)
cus_c34383d7-6a8,Rajasthan,Ajmer,Shreenagar,,From sheet text only
cus_c353bbe0-54f,Madhya Pradesh,Jabalpur,Jabalpur,Sader Bazar,Confirmed (pin + address agree)
cus_c35b24c2-fda,Madhya Pradesh,West Nimar,Khargone,Jawahar Nagar,Confirmed (pin + address agree)
cus_c38459a2-548,Rajasthan,Jodhpur,Jodhpur,Bhadu Market,Confirmed (pin + address agree)
cus_c3909d69-25a,Madhya Pradesh,Jabalpur,Jabalpur,Garha,Confirmed (pin + address agree)
cus_c3b08e90-5ed,Odisha,Khorda,Bhubaneswar,Jagamara,Confirmed (pin + address agree)
cus_c3bef86e-331,Madhya Pradesh,Indore,Indore,Sukhdev Nagar Extension II,Confirmed (pin + address agree)
cus_c3c15f0f-878,Maharashtra,Thane,Thane,Shilphata,From pin only
cus_c3d3243a-bcb,Maharashtra,Thane,Thane,Mumbra,Confirmed (pin + address agree)
cus_c3d39be1-ece,Kerala,Palakkad,Palappuram,,From sheet text only
cus_c3d4e139-ea5,Maharashtra,Palghar,Boisar,,From address only (no pin)
cus_c3d7c0e4-196,Madhya Pradesh,Bhopal,Bhopal,Lalghati,Confirmed (pin + address agree)
cus_c3dd7004-3a9,Madhya Pradesh,Indore,Indore,Shiv Moti Nagar,Confirmed (pin + address agree)
cus_c3de9cc6-b4c,Madhya Pradesh,Indore,Indore,Sanchar Nagar Extension,Confirmed (pin + address agree)
cus_c3eb8de5-88a,Rajasthan,Jaipur,Jaipur,Murlipura,Confirmed (pin + address agree)
cus_c3ec2ff3-9c9,Madhya Pradesh,Indore,Indore,Dwarkapuri,Confirmed (pin + address agree)
cus_c3f253c6-b9e,Madhya Pradesh,Indore,Indore,Nagin Nagar,Confirmed (pin + address agree)
cus_c4032f0a-722,Kerala,Kannur,Thalassery,Pallithazhe,Confirmed (pin + address agree)
cus_c409da2c-f3b,Maharashtra,Mumbai,Mumbai,Kandivali West,Confirmed (pin + address agree)
cus_c40bd40d-614,Madhya Pradesh,West Nimar,Khargone,Jawahar Nagar,Confirmed (pin + address agree)
cus_c4196709-92a,Maharashtra,Thane,Bhiwandi,Padma Nagar,Confirmed (pin + address agree)
cus_c429a787-d21,Maharashtra,Palghar,Nala Sopara,,From sheet text only
cus_c42a193f-b41,Maharashtra,Palghar,Mira-Bhayandar,,Confirmed (pin + address agree)
cus_c42df393-cfb,Maharashtra,Ratnagiri,Lanja,,From address only (no pin)
cus_c43055c0-1a8,Maharashtra,Thane,Bhiwandi,,From sheet text only
cus_c4401680-c10,Goa,South Goa,Vasco Da Gama,Vaddem,Confirmed (pin + address agree)
cus_c45bf3db-4ad,Karnataka,Bengaluru,Bengaluru,Yelahanka New Town,Confirmed (pin + address agree)
cus_c45e8c0d-ad2,Odisha,Cuttack,Cuttack,CDA Sector 11,Confirmed (pin + address agree)
cus_c471a20c-a52,Odisha,Bhadrak,Bhadrak,,Confirmed (pin + address agree)
cus_c4808fb9-31e,Maharashtra,Mumbai,Mumbai,Ghatkopar,Not locatable
cus_c4a3cd8a-c17,Rajasthan,Barmer,Barmer,Jatiyon Ka Bas,Confirmed (pin + address agree)
cus_c4a65963-f29,Rajasthan,Jaipur,Jaipur,Jhotwara,Confirmed (pin + address agree)
cus_c4c730b0-763,Madhya Pradesh,Dewas,Dewas,Gomti Nagar,Confirmed (pin + address agree)
cus_c4cbc26f-519,Tamil Nadu,Nilgiris,Ooty,Upper Bazar,Check: pin and address disagree
cus_c4cf001a-49e,Maharashtra,Kolhapur,Kolhapur,Papachi Tikati,Confirmed (pin + address agree)
cus_c4db7546-f76,Kerala,Thiruvananthapuram,Thiruvananthapuram,Palayam,Confirmed (pin + address agree)
cus_c4f1b115-d9a,Maharashtra,Palghar,Boisar,,From address only (no pin)
cus_c4f588b5-652,Maharashtra,Mumbai,Mumbai,Goregaon West,Check: pin and address disagree
cus_c4fb9fe6-84d,Rajasthan,Kota,Kota,Bhimganj Mandi,From address only (no pin)
cus_c5086552-093,Maharashtra,Wardha,Wardha,Mahadevpura,From address only (no pin)
cus_c51381a5-cb3,Madhya Pradesh,Jabalpur,Jabalpur,Garha,Confirmed (pin + address agree)
cus_c5159e64-b29,Maharashtra,Solapur,Ghodeshwar,,Check: pin and address disagree
cus_c5164d82-47a,Maharashtra,Yavatmal,Yavatmal,Pangari,Confirmed (pin + address agree)
cus_c51b1151-427,Kerala,Thiruvananthapuram,Kulathummal,,Confirmed (pin + address agree)
cus_c5224b47-996,Odisha,Cuttack,Cuttack,Masik Patna Colony,From address only (no pin)
cus_c539ab31-029,Rajasthan,Bundi,Bundi,Teerath,Confirmed (pin + address agree)
cus_c53f7424-b93,Madhya Pradesh,Bhopal,Bhopal,Bairagarh,Confirmed (pin + address agree)
cus_c5443fdf-a86,Maharashtra,Palghar,Vasai,Vasai-Virar,Confirmed (pin + address agree)
cus_c54a4c7e-6b2,Maharashtra,Palghar,Vasai,Vasai East,Confirmed (pin + address agree)
cus_c54d21b7-9ab,Dadra and Nagar Haveli and Daman and Diu,Daman,Vapi,Gidc,Confirmed (pin + address agree)
cus_c55a4924-d19,Maharashtra,Palghar,Mira-Bhayandar,Bhayandar,From sheet text only
cus_c569e343-cb2,Madhya Pradesh,Indore,Indore,Patrakar Colony,Confirmed (pin + address agree)
cus_c56b5b30-161,Rajasthan,Ajmer,Ajmer,Dilwari,From pin only
cus_c57a6ed7-6c4,Rajasthan,Jaipur,Jaipur,Vidyadhar Nagar,From address only (no pin)
cus_c57d14ea-844,Kerala,Kozhikode,Vadakara,,From sheet text only
cus_c58d99ec-011,Madhya Pradesh,Indore,Indore,,Confirmed (pin + address agree)
cus_c59543f7-aee,Madhya Pradesh,Bhopal,Bhopal,,From sheet text only
cus_c59e9c8a-6c3,Rajasthan,Jaipur,Jaipur,Mansarovar,Confirmed (pin + address agree)
cus_c5a189d7-619,Odisha,Khorda,Khordha,Sialiapatna,From pin only
cus_c5bd9213-244,Maharashtra,Thane,,,Not locatable
cus_c5bf319c-a05,Kerala,Kasargod,Kanhangad,Puthiyavalapu,From address only (no pin)
cus_c5c67eab-4b0,Rajasthan,Jaipur,Jaipur,Jalupura,Confirmed (pin + address agree)
cus_c5cf1952-2ee,Maharashtra,Thane,Kalyan,Lokgram,Confirmed (pin + address agree)
cus_c5d891b0-013,Kerala,Thrissur,Thrissur,,From sheet text only
cus_c5d914a6-eb4,Maharashtra,Palghar,Vasai,Vasai East,Confirmed (pin + address agree)
cus_c5e50409-328,Rajasthan,Jaipur,Jaipur,Kalwar,From pin only
cus_c5e7e998-c87,Kerala,Kozhikode,Menhaniam,Perambra,From pin only
cus_c5f878ea-7b1,Maharashtra,Nagpur,Nagpur,Besa,Confirmed (pin + address agree)
cus_c6136dc5-495,Maharashtra,Pune,Pune,Hadapsar,Confirmed (pin + address agree)
cus_c61d2b0e-2be,Madhya Pradesh,Jabalpur,Jabalpur,Raddi Chowk,Confirmed (pin + address agree)
cus_c62571b1-8e4,Madhya Pradesh,Indore,Indore,Kanadiya,From pin only
cus_c62f2fbe-b0f,Maharashtra,Solapur,Mangalwedha,Shivaji Nagar,Check: pin and address disagree
cus_c62f66d9-38a,Madhya Pradesh,Jabalpur,Jabalpur,Gorakhpur,Confirmed (pin + address agree)
cus_c63d7a1e-894,Rajasthan,Jaipur,Jaipur,Shyam Nagar,Confirmed (pin + address agree)
cus_c65a44c4-bfc,Karnataka,Koppal,Koppal,,From sheet text only
cus_c65f7224-912,Madhya Pradesh,Indore,Indore,Nayta Mundla,Confirmed (pin + address agree)
cus_c665d033-17a,Maharashtra,Palghar,Vasai,,From sheet text only
cus_c66e61fb-1c0,Maharashtra,Palghar,Palghar,Vishnu Nagar,From address only (no pin)
cus_c6716071-364,Maharashtra,Palghar,Boisar,Awadh Nagar,From address only (no pin)
cus_c68fc4fa-28e,Madhya Pradesh,Indore,Indore,Navlakha,Confirmed (pin + address agree)
cus_c691db20-d14,Kerala,Alappuzha,Alappuzha,Mullakkal,From address only (no pin)
cus_c6a134ff-65b,Rajasthan,Jhalawar,Jhalrapatan,,Confirmed (pin + address agree)
cus_c6acb2a3-cfb,Maharashtra,Nagpur,Nagpur,Gandhibagh,Confirmed (pin + address agree)
cus_c6b20998-f82,Rajasthan,Jaipur,Jaipur,SanganerJaipur,From address only (no pin)
cus_c6c2a8b7-d50,Madhya Pradesh,Indore,Indore,Niranjanpur,Confirmed (pin + address agree)
cus_c6f2ea6b-191,Maharashtra,Thane,Dombivli,Dombivli East,Confirmed (pin + address agree)
cus_c70264d6-db1,Kerala,Kasargod,Chengala,Kundadukkam,Confirmed (pin + address agree)
cus_c7041d94-028,Rajasthan,Ajmer,Ajmer,Madarpura,From pin only
cus_c7168cd6-b00,Rajasthan,,,,From sheet text only
cus_c71719ea-8b2,Maharashtra,Pune,Pune,Modi Colony,Confirmed (pin + address agree)
cus_c719de6b-09b,Maharashtra,Palghar,Vasai,Vasai East,Confirmed (pin + address agree)
cus_c7269b16-227,Kerala,Kannur,Peringathur,Mekkunnu,From pin only
cus_c73a2424-7d9,Madhya Pradesh,Bhopal,Bhopal,Habib Ganj,Confirmed (pin + address agree)
cus_c7417d16-3c5,Maharashtra,Nagpur,Nagpur,Parvati Nagar,Confirmed (pin + address agree)
cus_c745ff87-330,Maharashtra,Mumbai,Mumbai,Andheri West,From sheet text only
cus_c7471fea-717,Odisha,Nayagarh,Nayagarh,,From pin only
cus_c747ec3f-ce3,Kerala,Thiruvananthapuram,Thiruvananthapuram,Maruthoor,From pin only
cus_c74a33a3-84c,Madhya Pradesh,Vidisha,Vidisha,,From sheet text only
cus_c76ead1a-220,Odisha,Dhenkanal,Kaimati,,Confirmed (pin + address agree)
cus_c7703fc2-b79,Rajasthan,Hanumangarh,Hanumangarh,Mukherjee Colony,From address only (no pin)
cus_c773c52e-9ac,Maharashtra,Palghar,Vasai,,From sheet text only
cus_c77941c3-c07,Madhya Pradesh,Indore,Indore,Pardesipura,Confirmed (pin + address agree)
cus_c7834de0-7a5,Maharashtra,Gondia,Gondia,Sindhi Colony,Confirmed (pin + address agree)
cus_c78adacd-fd7,Madhya Pradesh,Indore,Indore,,From sheet text only
cus_c78b66d6-c9f,Maharashtra,Thane,Dombivli,Dombivli West,Confirmed (pin + address agree)
cus_c78e7b2c-1e6,Madhya Pradesh,Indore,Indore,Dwarkapuri,Confirmed (pin + address agree)
cus_c79bb73c-dd1,Tamil Nadu,Nilgiris,Gudalur,,From address only (no pin)
cus_c7a156b4-4bc,Maharashtra,Thane,Padgha,Arjunali,From sheet text only
cus_c7a6ee59-91d,Madhya Pradesh,Indore,Indore,Dutt Nagar,Check: pin and address disagree
cus_c7ab8362-0d1,Rajasthan,Nagaur,Merta,M22Rfjv,Confirmed (pin + address agree)
cus_c7b63e1b-dd4,Madhya Pradesh,Jabalpur,Jabalpur,Wright Town,Confirmed (pin + address agree)
cus_c7b97a61-0c5,Maharashtra,Mumbai,Mumbai,Andheri East,Confirmed (pin + address agree)
cus_c7ba2fa0-1cf,Madhya Pradesh,Bhopal,Bhopal,,From sheet text only
cus_c7bb00e8-8d7,Dadra and Nagar Haveli and Daman and Diu,Daman,Vapi,Gidc,Confirmed (pin + address agree)
cus_c7bc8ede-97b,Maharashtra,Thane,Sonale,,From sheet text only
cus_c7cfd27b-ea8,Rajasthan,Jaipur,Jaipur,Jhotwara,Confirmed (pin + address agree)
cus_c7d7a695-755,Kerala,Kollam,Sooranad,Sooranad North,Confirmed (pin + address agree)
cus_c7da4383-b00,Madhya Pradesh,Indore,Indore,Scheme 94 Sector FB,Confirmed (pin + address agree)
cus_c7dee2d5-566,Maharashtra,Kolhapur,Gandhinagar,,Confirmed (pin + address agree)
cus_c7eb8360-07b,Maharashtra,Palghar,Mira-Bhayandar,,Confirmed (pin + address agree)
cus_c7f5dde6-943,Rajasthan,Jaipur,Jaipur,Laxmi Narayan Puri,Confirmed (pin + address agree)
cus_c7fd4ffb-5fd,Rajasthan,Jaipur,Jaipur,Harmada,Confirmed (pin + address agree)
cus_c8070a05-b8d,Maharashtra,Pune,Pune,Manjari Budruk,From address only (no pin)
cus_c80d5647-f15,Maharashtra,Thane,Ambernath,Additional M.I.D.C,Confirmed (pin + address agree)
cus_c81d7376-838,Maharashtra,Mumbai,Mumbai,Malad West,Confirmed (pin + address agree)
cus_c81def6b-b97,Maharashtra,Kolhapur,Gandhinagar,,Confirmed (pin + address agree)
cus_c8226324-082,Maharashtra,Washim,Karanja,Shivaji Nagar,Confirmed (pin + address agree)
cus_c837cde6-90a,Kerala,Kasargod,Kanhangad,Puthiyavalapu,Confirmed (pin + address agree)
cus_c83c7124-da4,Kerala,Alappuzha,Kayamkulam,Charummoodu,From pin only
cus_c84bed35-e32,Madhya Pradesh,Indore,Indore,Transport Nagar,Confirmed (pin + address agree)
cus_c85d52d3-d7e,Rajasthan,Jaipur,Jaipur,Govindpura,Confirmed (pin + address agree)
cus_c8607a98-d1b,Rajasthan,Barmer,Barmer,Jatiyon Ka Bas,Confirmed (pin + address agree)
cus_c86582fc-220,Rajasthan,Ajmer,Beawar,Kisan Ganj,Confirmed (pin + address agree)
cus_c86c8028-89b,Dadra and Nagar Haveli and Daman and Diu,Daman,Vapi,Gita Nagar,Confirmed (pin + address agree)
cus_c875ae38-5f4,Odisha,Khorda,Bhubaneswar,Phulnakhara,From pin only
cus_c879b835-985,Maharashtra,Jalgaon,JalGoan,,From sheet text only
cus_c87b3002-0f0,Rajasthan,Jaipur,Kookas,,Confirmed (pin + address agree)
cus_c89472bc-ba1,Maharashtra,Nagpur,Nagpur,Om Layout,Confirmed (pin + address agree)
cus_c899ef96-398,Madhya Pradesh,Indore,Indore,,From sheet text only
cus_c8a9287d-c4a,Gujarat,Valsad,Vapi,Imran Nagar,Check: pin and address disagree
cus_c8c2707d-d4d,Maharashtra,Thane,Badlapur,Manjarli,Confirmed (pin + address agree)
cus_c8c705ae-1aa,Maharashtra,Solapur,Barshi,Bhim Nagar,Confirmed (pin + address agree)
cus_c8d3dfd6-c53,Rajasthan,Jaipur,Bassi,,Confirmed (pin + address agree)
cus_c90cf045-e36,Kerala,Kozhikode,Vatakara,,From pin only
cus_c9187d29-93b,Madhya Pradesh,Indore,Indore,Sukhlia,Confirmed (pin + address agree)
cus_c91a9c70-a71,Maharashtra,Palghar,Saravali,Awadh Nagar,From address only (no pin)
cus_c91b193f-9cb,Rajasthan,Ajmer,Pushkar,,Confirmed (pin + address agree)
cus_c91b280c-478,Maharashtra,Raigad,Khopoli,Yashwant Nagar,Confirmed (pin + address agree)
cus_c9214d48-c59,Madhya Pradesh,West Nimar,Khargone,,From sheet text only
cus_c929c74b-a77,Maharashtra,Mumbai,Mumbai,Andheri East,Confirmed (pin + address agree)
cus_c95f34cd-3ed,Rajasthan,Jaipur,Jaipur,Shastri Nagar,Confirmed (pin + address agree)
cus_c962e01d-9c4,Maharashtra,Thane,Badlapur,Belavali,Check: pin and address disagree
cus_c9664e01-26f,Madhya Pradesh,Indore,Indore,Chhoti Gwaltoli,Check: pin and address disagree
cus_c96ad2b9-25f,Maharashtra,Thane,Bhiwandi,,Confirmed (pin + address agree)
cus_c96ea158-c9a,Rajasthan,Kota,Kota,,Confirmed (pin + address agree)
cus_c985efe7-27e,Maharashtra,Sangli,Vita,Advi Peth,Confirmed (pin + address agree)
cus_c9862594-ec1,Kerala,Kannur,Chokli,Panniyannur,Confirmed (pin + address agree)
cus_c992bc12-8d9,Maharashtra,Nagpur,Nagpur,Kadbi Chowk,Confirmed (pin + address agree)
cus_c992f2a1-b34,Madhya Pradesh,Indore,Indore,Palda,Confirmed (pin + address agree)
cus_c995347f-596,Gujarat,Rajkot,Shapar,,Check: pin and address disagree
cus_c99fb1a9-9ff,Rajasthan,Chittorgarh,Chittorgarh,,From sheet text only
cus_c9ae5458-e36,Maharashtra,Thane,Mira-Bhayandar,Bhayandar East,Confirmed (pin + address agree)
cus_c9aeae2e-1dd,Maharashtra,Solapur,Mohol,,From sheet text only
cus_c9b2f8c1-845,Kerala,Thiruvananthapuram,Thiruvananthapuram,Valiyasalai,Confirmed (pin + address agree)
cus_c9c0e0c6-91d,Odisha,Cuttack,Cuttack,Jyoti Bihar,Confirmed (pin + address agree)
cus_c9d2db10-eb2,Kerala,Kasargod,Kasaragod,Anebagilu,Confirmed (pin + address agree)
cus_c9d5c30b-8e0,Odisha,Sambalpur,Sambalpur,Dhanupali,Confirmed (pin + address agree)
cus_c9d609cb-90c,Maharashtra,Thane,Kalyan,,From pin only
cus_c9d8b527-48e,Maharashtra,Pune,Pune,Ghule Nagar,Confirmed (pin + address agree)
cus_c9e622bc-c69,Maharashtra,Palghar,Vasai,,From pin only
cus_c9e95697-b51,Maharashtra,Thane,,,Not locatable
cus_c9e98188-c84,Tamil Nadu,Nilgiris,Gudalur,,Confirmed (pin + address agree)
cus_c9f222ce-96f,Maharashtra,Thane,Thane,Daighar Gaon,Confirmed (pin + address agree)
cus_ca00057b-209,Maharashtra,Thane,Kalyan,Chinchpada Gaon,Confirmed (pin + address agree)
cus_ca36b26b-c25,Maharashtra,Akola,Akola,Dahigaon Gawande,Confirmed (pin + address agree)
cus_ca39265b-e44,Maharashtra,Thane,Shahapur,,Confirmed (pin + address agree)
cus_ca3f7fed-a98,Rajasthan,Chittorgarh,Chittorgarh,Bapu Nagar Senthri East,Confirmed (pin + address agree)
cus_ca420c2c-cb6,Madhya Pradesh,Bhopal,Bhopal,JP Nagar,From address only (no pin)
cus_ca500b33-546,Maharashtra,Gondia,Gondia,Sindhi Colony,Confirmed (pin + address agree)
cus_ca5869af-dae,Maharashtra,Palghar,Vasai,Sativli,Confirmed (pin + address agree)
cus_ca59cb02-59e,Maharashtra,Kolhapur,Gandhinagar,,Confirmed (pin + address agree)
cus_ca62d47a-3f7,Odisha,Khorda,Bhubaneswar,Nayapalli,Confirmed (pin + address agree)
cus_ca66b3e6-f6f,Maharashtra,Solapur,Barshi,Zaregaon,Confirmed (pin + address agree)
cus_ca7e9ea1-158,Maharashtra,Nagpur,Nagpur,New Mankapur,Confirmed (pin + address agree)
cus_ca8c00a8-be9,Odisha,Cuttack,Cuttack,CDA Sector 8,Confirmed (pin + address agree)
cus_ca9cd036-c18,Maharashtra,Thane,Navi Mumbai,,Confirmed (pin + address agree)
cus_caa0ac79-459,Madhya Pradesh,Indore,Indore,,Confirmed (pin + address agree)
cus_cab1713f-109,Kerala,Kozhikode,Memunda,,Confirmed (pin + address agree)
cus_cac67cb7-71c,Odisha,Khorda,Bhubaneswar,Chandrasekharpur,Confirmed (pin + address agree)
cus_cad2e5c1-7ba,Madhya Pradesh,Indore,Indore,Gurunanak Timber Market,Confirmed (pin + address agree)
cus_cae34862-159,Madhya Pradesh,Bhopal,Bhopal,Vidya Nagar,Check: pin and address disagree
cus_caed0dc4-da7,Dadra and Nagar Haveli and Daman and Diu,Daman,Vapi,Imran Nagar,Confirmed (pin + address agree)
cus_cb09ab8c-d54,Madhya Pradesh,Indore,Indore,Sarafa Bazar,Confirmed (pin + address agree)
cus_cb1bf4c8-311,Maharashtra,Raigad,Mangaon,Khandad,From address only (no pin)
cus_cb37f6b6-74e,Kerala,Kozhikode,Cherapuram,,From address only (no pin)
cus_cb3a8b68-5cf,Maharashtra,Palghar,Vasai,Vasai-Virar,Confirmed (pin + address agree)
cus_cb3b5a82-5f1,Rajasthan,Jaipur,Jaipur,Malviya Nagar,Confirmed (pin + address agree)
cus_cb43c18c-1e7,Rajasthan,Tonk,Tonk,Adarsh Nagar,Confirmed (pin + address agree)
cus_cb531417-85d,Maharashtra,Palghar,Nala Sopara,Nalasopara West,From pin only
cus_cb61b5bf-cc8,Maharashtra,Thane,,,Not locatable
cus_cb62d930-e58,Madhya Pradesh,Indore,Indore,Krishna Bag Colony,Confirmed (pin + address agree)
cus_cb721314-755,Kerala,Thiruvananthapuram,Thiruvananthapuram,Kesavadasapuram,Confirmed (pin + address agree)
cus_cb73bdff-d7d,Maharashtra,Thane,Bhiwandi,Padma Nagar,Confirmed (pin + address agree)
cus_cb81f00b-67f,Maharashtra,Palghar,Vasai,,From pin only
cus_cb83042d-e01,Maharashtra,Thane,Kalyan,Chinchpada Gaon,Confirmed (pin + address agree)
cus_cb83dced-f03,Madhya Pradesh,Indore,Indore,,From sheet text only
cus_cba7a469-6ab,Maharashtra,Thane,Murbad,Shirgaon,Confirmed (pin + address agree)
cus_cbad9e07-894,Odisha,Khorda,Bhubaneswar,Bapuji,From address only (no pin)
cus_cbd8456c-07c,Rajasthan,Jaipur,Jaipur,Murlipura,Confirmed (pin + address agree)
cus_cbd8faba-d0b,Madhya Pradesh,Indore,Indore,Malharganj,From address only (no pin)
cus_cbe15175-e4c,Madhya Pradesh,Indore,Indore,Limbodi,Confirmed (pin + address agree)
cus_cbeee11b-4c3,Madhya Pradesh,Sagar,Sagar,,From sheet text only
cus_cbfb22dc-de7,Madhya Pradesh,Jabalpur,Jabalpur,IndiaJabalpur,From pin only
cus_cbff1eab-ed1,Rajasthan,Jaipur,Jaipur,Laxmi Narayan Puri,Confirmed (pin + address agree)
cus_cc011846-597,Madhya Pradesh,Indore,Indore,Scheme 71,From address only (no pin)
cus_cc2007cf-c63,Madhya Pradesh,Jabalpur,Jabalpur,Vikas Nagar,Check: pin and address disagree
cus_cc2061b7-81a,Rajasthan,Sikar,Sikar,New Janta Colony,Confirmed (pin + address agree)
cus_cc2c841b-826,Rajasthan,Jaipur,Jaipur,,From pin only
cus_cc34e2b0-45e,Maharashtra,Thane,Kalyan,,From sheet text only
cus_cc36bf6a-0a0,Rajasthan,Tonk,Tonk,Kali Paltan,Confirmed (pin + address agree)
cus_cc38aac0-2b4,Rajasthan,Jaipur,Jaipur,Shastri Nagar,Confirmed (pin + address agree)
cus_cc47bf0c-581,Maharashtra,Thane,Titwala,,From sheet text only
cus_cc4b6f1a-0cf,Kerala,Thiruvananthapuram,Nedumangad,Pazhavadi,From address only (no pin)
cus_cc54b977-f85,Rajasthan,Jaipur,Jaipur,Amer,Confirmed (pin + address agree)
cus_cc60a457-9da,Maharashtra,Yavatmal,Yavatmal,Pangari,Confirmed (pin + address agree)
cus_cc6943f0-5e9,Maharashtra,Palghar,Vasai,Vasai East,From sheet text only
cus_cc82d4aa-528,Maharashtra,Palghar,Virar,Virar East,Confirmed (pin + address agree)
cus_cc83aa02-c25,Maharashtra,Pune,Pune,Ganesh Peth,From address only (no pin)
cus_cc86ca76-119,Madhya Pradesh,Indore,Indore,Malti Vanaspati,Confirmed (pin + address agree)
cus_cc86fe07-c10,Madhya Pradesh,Indore,Indore,Nanda Nagar,From address only (no pin)
cus_cc9c00b1-8d4,Madhya Pradesh,Jabalpur,Jabalpur,Garha,Confirmed (pin + address agree)
cus_cc9e2209-e2a,Maharashtra,Jalgaon,Jalgaon,Midc,Confirmed (pin + address agree)
cus_cca571fb-42f,Odisha,Khorda,Bhubaneswar,VSS Nagar,Confirmed (pin + address agree)
cus_ccaab292-6ed,Kerala,Kasargod,Nileshwar,,From address only (no pin)
cus_ccad051f-eea,Maharashtra,Thane,,,Not locatable
cus_ccb899e0-47c,Madhya Pradesh,Indore,Indore,Shiv Moti Nagar,Confirmed (pin + address agree)
cus_ccbe661a-91e,Maharashtra,Ratnagiri,Ratnagiri,Rajiwada,From address only (no pin)
cus_ccd6df0c-dd0,Maharashtra,Palghar,Naigaon,Naigaon East,Confirmed (pin + address agree)
cus_ccdc606c-b30,Maharashtra,Raigad,Raigad,Taloja,From pin only
cus_ccfb1737-5e9,Maharashtra,Thane,Navi Mumbai,Turbhe,Confirmed (pin + address agree)
cus_cd09f760-0a0,Maharashtra,Thane,Bhiwandi,,From sheet text only
cus_cd1c2cd9-3f8,Maharashtra,Thane,Navi Mumbai,,From sheet text only
cus_cd285300-083,Kerala,Kannur,Uruvachal,,Confirmed (pin + address agree)
cus_cd3e069b-bbc,Madhya Pradesh,Bhopal,Bhopal,,From sheet text only
cus_cd5d31d0-4ee,Rajasthan,Jaipur,Jaipur,Mansarovar,Confirmed (pin + address agree)
cus_cd696eb9-6b6,Rajasthan,Jaipur,Jaipur,Jhotwara,Confirmed (pin + address agree)
cus_cd7d7085-450,Kerala,Kozhikode,Karanthur,,Confirmed (pin + address agree)
cus_cda54903-ed0,Maharashtra,Palghar,Vasai,,From pin only
cus_cdd7aae8-81a,Madhya Pradesh,Bhopal,Bhopal,Peer Gate Area,Confirmed (pin + address agree)
cus_cddde197-f95,Kerala,Kottayam,Kottayam,Eerayil Kadavu,Confirmed (pin + address agree)
cus_cdeea9f8-90b,Rajasthan,Jaipur,Jaipur,Shastri Nagar,Confirmed (pin + address agree)
cus_cdf284d5-49f,Rajasthan,Sikar,Sikar,Jat Colony,Confirmed (pin + address agree)
cus_ce04525b-6c5,Maharashtra,Ratnagiri,Nachane,,Confirmed (pin + address agree)
cus_ce0c2132-1e8,Dadra and Nagar Haveli and Daman and Diu,Daman,Vapi,Gidc,Confirmed (pin + address agree)
cus_ce117849-cb1,Maharashtra,Nagpur,Nagpur,Manewada,Confirmed (pin + address agree)
cus_ce173be1-100,Madhya Pradesh,Indore,Indore,Gopur Square,Confirmed (pin + address agree)
cus_ce26d010-adc,Maharashtra,Thane,Mira-Bhayandar,Bhayandar East,Confirmed (pin + address agree)
cus_ce2c91e2-81d,Madhya Pradesh,Indore,Indore,Ganesh Dham Colony,Confirmed (pin + address agree)
cus_ce2e9f63-598,Odisha,Khorda,Bhubaneswar,Jayadev Vihar,Confirmed (pin + address agree)
cus_ce39385f-24d,Madhya Pradesh,Vidisha,Ganj Basoda,Bedan Khadi,From pin only
cus_ce4a9509-5d7,Odisha,Sundergarh,Rourkela,Udit Nagar,Confirmed (pin + address agree)
cus_ce4bbd70-af0,Maharashtra,Thane,Badlapur,Rameshwadi,Confirmed (pin + address agree)
cus_ce538bae-85a,Maharashtra,Thane,Badlapur,Shirgaon,Confirmed (pin + address agree)
cus_ce6bb91a-4cd,Madhya Pradesh,Indore,Indore,CAT Square,From pin only
cus_ce7f2190-17e,Odisha,Khorda,Bhubaneswar,Jharapada,Confirmed (pin + address agree)
cus_ce80234b-fd6,Kerala,Kozhikode,Kunnamangalam,Thamarassery,From pin only
cus_ce8e5b87-e01,Maharashtra,Akola,Akola,Malipura,Confirmed (pin + address agree)
cus_ceb12161-9cc,Chhattisgarh,Rajnandgaon,Rajnandgaon,Tanka Para,Confirmed (pin + address agree)
cus_ceb375a2-9ed,Odisha,Khorda,Bhubaneswar,Patharagadia,Confirmed (pin + address agree)
cus_ceb3e035-f16,Gujarat,Rajkot,Rajkot,,From sheet text only
cus_ceb96446-2c2,Rajasthan,Jodhpur,Jodhpur,,From sheet text only
cus_cec10448-e80,Rajasthan,Kota,Kota,Rangbari,Confirmed (pin + address agree)
cus_cec14b22-48e,Kerala,Pathanamthitta,Pathanamthitta,Omalloor,Confirmed (pin + address agree)
cus_cec65415-c2e,Maharashtra,Thane,Ambernath,Additional M.I.D.C,Confirmed (pin + address agree)
cus_ced5467b-d26,Maharashtra,Palghar,Virar,Chandansar,Confirmed (pin + address agree)
cus_ced698b5-97c,Rajasthan,Bhilwara,Bhilwara,Bhopal Ganj,From address only (no pin)
cus_cede13c5-1c9,Maharashtra,Thane,Bhiwandi,Narpoli,Confirmed (pin + address agree)
cus_cee37335-7bc,Rajasthan,Jaipur,Jaipur,Murlipura,Confirmed (pin + address agree)
cus_cefbffc2-cfa,Maharashtra,Palghar,Mira-Bhayandar,Andheri,From pin only
cus_cf112bd1-35a,Madhya Pradesh,Indore,Indore,Biyabani,Check: pin and address disagree
cus_cf1212f8-74e,Kerala,Kozhikode,Kozhikode,Kodinattumukku,Confirmed (pin + address agree)
cus_cf260f3f-359,Kerala,Thiruvananthapuram,Thiruvananthapuram,Pangodu,Confirmed (pin + address agree)
cus_cf2ce4b8-708,Madhya Pradesh,Indore,Indore,Siyaganj,Confirmed (pin + address agree)
cus_cf2e2c6b-26f,Madhya Pradesh,Jabalpur,Jabalpur,Adhartal,Confirmed (pin + address agree)
cus_cf322101-a6c,Odisha,Jajapur,Panikoili,,From address only (no pin)
cus_cf4a1f54-8ea,Madhya Pradesh,Bhopal,Bhopal,Gandhi Nagar,Confirmed (pin + address agree)
cus_cf5c5113-f51,Rajasthan,Bhilwara,Bhilwara,Shastri Nagar,Confirmed (pin + address agree)
cus_cf5e4408-046,Maharashtra,Palghar,Tarapur,,Check: pin and address disagree
cus_cf5f6c2a-d64,Maharashtra,Thane,Bhiwandi,Kalher,Confirmed (pin + address agree)
cus_cf650f97-57c,Madhya Pradesh,Indore,Indore,Bartan Bazar,Confirmed (pin + address agree)
cus_cf6ec7d1-94a,Maharashtra,Nagpur,Nagpur,Lakadganj,Confirmed (pin + address agree)
cus_cf801691-6f2,Maharashtra,Buldhana,Malkapur,,From sheet text only
cus_cf81ad9d-425,Rajasthan,Kota,Kota,Mahaveer Nagar,Confirmed (pin + address agree)
cus_cfaff676-b85,Maharashtra,Thane,Badlapur,Kharvai,Confirmed (pin + address agree)
cus_cfb6a64a-0ff,Rajasthan,Jaipur,Jaipur,Kanwar Nagar,Confirmed (pin + address agree)
cus_cfd5a465-343,Madhya Pradesh,Jabalpur,Jabalpur,Kachnarcity,From pin only
cus_cfe9ffa0-e57,Gujarat,Rajkot,Morbi,Sardar Nagar,Check: pin and address disagree
cus_cffffced-ffc,Kerala,Thrissur,Thrissur,Pallikkulam,Check: pin and address disagree
cus_d0044512-d59,Rajasthan,Jaipur,Jaipur,Jhotwara,Confirmed (pin + address agree)
cus_d01b5219-4ba,Maharashtra,Thane,Kalyan,,From pin only
cus_d0329b82-52c,Maharashtra,Mumbai,Mumbai,Goregaon West,Confirmed (pin + address agree)
cus_d033958d-628,Maharashtra,Thane,Kalyan,,From pin only
cus_d035fed7-f63,Chhattisgarh,Durg,Durg,Shanichari Bazar,Confirmed (pin + address agree)
cus_d03c4da7-3af,Kerala,Kozhikode,Kannookkara,Madappallly,From pin only
cus_d03c8c0d-e5c,Maharashtra,Raigad,Rasayani,Diva Antilia,From pin only
cus_d04966ff-711,Madhya Pradesh,Jabalpur,Katangi,,Check: pin and address disagree
cus_d049ee6d-bda,Maharashtra,Ratnagiri,Rajapur,,From address only (no pin)
cus_d04bb091-2e0,Kerala,Kozhikode,Purameri,Edacheri,Confirmed (pin + address agree)
cus_d0528ba0-3e4,Maharashtra,Kolhapur,Kolhapur,Shivaji Udyam Nagar,Confirmed (pin + address agree)
cus_d081b44f-b3c,Maharashtra,Mumbai,Mumbai,Andheri East,Check: pin and address disagree
cus_d08c812a-320,Madhya Pradesh,Indore,Indore,Gandhi Nagar,Check: pin and address disagree
cus_d09674eb-873,Maharashtra,Palghar,Ashagad,,From address only (no pin)
cus_d09bf856-cea,Odisha,Ganjam,Brahmapur,Mohuda,Confirmed (pin + address agree)
cus_d09e9591-96b,Rajasthan,Jodhpur,Jodhpur,,Confirmed (pin + address agree)
cus_d0a5292f-fa1,Madhya Pradesh,Indore,Indore,Siyaganj,From address only (no pin)
cus_d0ad7a86-bd7,Madhya Pradesh,Bhopal,Bhopal,,From sheet text only
cus_d0b1daaa-19c,Odisha,Cuttack,Cuttack,LIC Colony,Confirmed (pin + address agree)
cus_d0b75b82-974,Odisha,Cuttack,Cuttack,Industrial Estate Khapuria,Confirmed (pin + address agree)
cus_d0bfb6df-842,Dadra and Nagar Haveli and Daman and Diu,Daman,Daman,,From sheet text only
cus_d0c3d66f-302,Maharashtra,Aurangabad,Chhatrapati Sambhajinagar,Nyay Nagar,Confirmed (pin + address agree)
cus_d0c4444d-cf5,Maharashtra,Mumbai,Mumbai,Andheri East,Confirmed (pin + address agree)
cus_d0c6e087-fea,Maharashtra,Thane,Dombivli,Dombivli East,From pin only
cus_d0ca302c-e33,Odisha,Khorda,Bhubaneswar,,Confirmed (pin + address agree)
cus_d0d028e3-93c,Madhya Pradesh,Jabalpur,Jabalpur,Shakti Nagar,Confirmed (pin + address agree)
cus_d0e6bdc8-a5e,Madhya Pradesh,Dhar,Pithampur,Pankaj Colony,From pin only
cus_d0ecb39d-809,Maharashtra,Thane,Bhiwandi,Padma Nagar,Confirmed (pin + address agree)
cus_d0f2e013-a73,Rajasthan,Jaipur,Renwal,Kishangarh Renwal,From pin only
cus_d0fdce75-e82,Madhya Pradesh,Bhopal,Bhopal,Lalghati,Confirmed (pin + address agree)
cus_d0fdfc59-b39,Maharashtra,Thane,Badlapur,Kulgaon,Confirmed (pin + address agree)
cus_d108e6a9-184,Odisha,Cuttack,Jagatpur,Champati,Confirmed (pin + address agree)
cus_d1298d9d-16b,Goa,South Goa,Margao,Old Market,From address only (no pin)
cus_d12cf56d-f4c,Madhya Pradesh,Indore,Indore,Noorani Nagar,Confirmed (pin + address agree)
cus_d12e4dbc-362,Maharashtra,Thane,Bhiwandi,Gaibi Nagar Bhiwandi,From pin only
cus_d12f200a-7d5,Odisha,Ganjam,Brahmapur,Gosani Nuagam,Confirmed (pin + address agree)
cus_d13dd507-56e,Maharashtra,Mumbai,Mumbai,Borivali West,Confirmed (pin + address agree)
cus_d14ee7fc-1ce,Madhya Pradesh,Bhopal,Bhopal,Maharana Pratap Nagar,Confirmed (pin + address agree)
cus_d1633a87-0b5,Madhya Pradesh,Indore,Indore,Vinay Nagar,Confirmed (pin + address agree)
cus_d16fed7d-d38,Rajasthan,Ajmer,Kishangarh,,From sheet text only
cus_d1793f71-68b,Maharashtra,Thane,Airoli,,From sheet text only
cus_d18a4eb2-6ac,Rajasthan,Jaipur,Jaipur,Jhotwara,Confirmed (pin + address agree)
cus_d18de15f-a01,Rajasthan,Kota,Kota,Electricity Board Area,Confirmed (pin + address agree)
cus_d191c790-d39,Maharashtra,Thane,Kalyan,Bhoirwadi,Confirmed (pin + address agree)
cus_d1a0ac79-55c,Maharashtra,Jalgaon,Jalgaon,Jaikisan Wadi,Confirmed (pin + address agree)
cus_d1a42f8e-909,Rajasthan,Jaipur,Bagru,Bindayaka.,Confirmed (pin + address agree)
cus_d1a638da-185,Kerala,Kozhikode,Koyilandy,Balussery,From pin only
cus_d1acacd8-2bd,Kerala,Ernakulam,Kochi,Ernakulam,Confirmed (pin + address agree)
cus_d1b22bf2-aec,Maharashtra,Mumbai,Mumbai,Andheri East,Confirmed (pin + address agree)
cus_d1d19458-8cc,Maharashtra,Nagpur,Nagpur,Sitabuldi,Check: pin and address disagree
cus_d1d789f1-41d,Maharashtra,Palghar,Mira-Bhayandar,Kashigaon,From sheet text only
cus_d1de3fa3-062,Kerala,Kasargod,Kasaragod,Bedira,From pin only
cus_d1f1b1e4-677,Maharashtra,Nagpur,Nagpur,Nirmal Nagar,Confirmed (pin + address agree)
cus_d1f215d3-2c3,Maharashtra,Palghar,Vasai,,From pin only
cus_d1fb020c-da2,Odisha,Cuttack,Cuttack,Chaudwar,From pin only
cus_d202101a-a71,Maharashtra,Sangli,Sangli,Vakhar Bhag,From address only (no pin)
cus_d219935e-0d6,Maharashtra,Solapur,Solapur,Mangalwar Peth,Confirmed (pin + address agree)
cus_d21a3b05-f00,Maharashtra,Solapur,Solapur,Mangalwar Peth,Confirmed (pin + address agree)
cus_d21b93de-2ba,Maharashtra,Nagpur,Nagpur,Ajni,From pin only
cus_d242240f-cc4,Madhya Pradesh,Seoni,Seoni,,From sheet text only
cus_d24838bb-964,Rajasthan,Ajmer,Ajmer,Naya Bazaar,Confirmed (pin + address agree)
cus_d250b7fa-1d6,Maharashtra,Palghar,Vasai,Naigaon,From pin only
cus_d2623c5b-107,Madhya Pradesh,Indore,Indore,Bicholi Mardana,Check: pin and address disagree
cus_d26816ea-a71,Maharashtra,Thane,Kalyan,,From sheet text only
cus_d26ce00a-b37,Maharashtra,Palghar,Vasai,,From sheet text only
cus_d26f6411-7d9,Rajasthan,Jodhpur,Jodhpur,,Confirmed (pin + address agree)
cus_d284e680-2ee,Maharashtra,Palghar,Nala Sopara,Palghar,From sheet text only
cus_d2879344-eca,Odisha,Khorda,Bijipur,,Check: pin and address disagree
cus_d29556bc-a6e,Madhya Pradesh,Vidisha,Ganj Basoda,,Confirmed (pin + address agree)
cus_d2bae4ce-d8e,Rajasthan,Ganganagar,Jodhpur,Sri Ganganagar,From sheet text only
cus_d2bbcbaa-a58,Madhya Pradesh,Hoshangabad,Itarsi,Suraj Ganj,Confirmed (pin + address agree)
cus_d2d38e55-dfc,Odisha,Sambalpur,Sambalpur,Sakhipara,Confirmed (pin + address agree)
cus_d2dd7c27-562,Kerala,Kottayam,Changanassery,,Confirmed (pin + address agree)
cus_d2e31405-5e4,Kerala,,,,From sheet text only
cus_d2eb120a-84b,Maharashtra,Thane,Dombivli,Ambadi Naka,From pin only
cus_d2eb8997-eaa,Maharashtra,Kolhapur,Kolhapur,New Shahupuri,Confirmed (pin + address agree)
cus_d3053bfb-d99,Rajasthan,Jaipur,Jaipur,,From address only (no pin)
cus_d30b04d0-b5b,Maharashtra,Solapur,Pandharpur,Visthapit Nagar,Confirmed (pin + address agree)
cus_d310d7f6-844,Maharashtra,Palghar,Boisar,,From sheet text only
cus_d31aa272-98b,Rajasthan,Jaipur,Jaipur,Jhotwara,Confirmed (pin + address agree)
cus_d3223097-2c0,Gujarat,Rajkot,Rajkot,Bhakti Nagar,Confirmed (pin + address agree)
cus_d3258a65-95e,Madhya Pradesh,Bhopal,Bhopal,,From sheet text only
cus_d32dbcf7-338,Rajasthan,Jaipur,Jaipur,Lalarpura,Confirmed (pin + address agree)
cus_d36f7dbb-8e1,Maharashtra,Thane,Kalyan,Hanuman Nagar,Confirmed (pin + address agree)
cus_d374d3f9-ccd,Maharashtra,Nagpur,Nagpur,Gandhibagh,Confirmed (pin + address agree)
cus_d37a844e-17c,Madhya Pradesh,Bhopal,Bhopal,Mungaliya Chhap,From pin only
cus_d38cb7ae-7a1,Rajasthan,Jaipur,Jaipur,Bajaj Nagar,Confirmed (pin + address agree)
cus_d39d1e55-8f5,Puducherry,Mahe,Mahe,Mgwpr34,Check: pin and address disagree
cus_d3a9b520-c30,Rajasthan,Jaipur,Jaipur,Jhotwara,Confirmed (pin + address agree)
cus_d3ad17a9-f9f,Odisha,Ganjam,Brahmapur,Triveni Nagar,Confirmed (pin + address agree)
cus_d3b8c4f4-c33,Maharashtra,Thane,Navi Mumbai,CBD Belapur,Confirmed (pin + address agree)
cus_d3bb4e84-8d1,Maharashtra,Thane,Dombivli,Dombivli East,Confirmed (pin + address agree)
cus_d3bcca1e-9fa,Maharashtra,Nagpur,Nagpur,Bhagwan Nagar,Check: pin and address disagree
cus_d3d6194d-f5d,Maharashtra,Thane,Bhiwandi,Kasheli,From address only (no pin)
cus_d3d7c6f3-783,Madhya Pradesh,Bhopal,Bhopal,Kopal,Confirmed (pin + address agree)
cus_d3e22e6b-cfe,Maharashtra,Thane,Bhiwandi,,Check: pin and address disagree
cus_d3e3d455-693,Maharashtra,Nagpur,Nagpur,Medical Chowk,Confirmed (pin + address agree)
cus_d3ea1c95-4e2,Madhya Pradesh,Jabalpur,Jabalpur,gyanganga college Sagra,Confirmed (pin + address agree)
cus_d3edb8e4-960,Madhya Pradesh,Indore,Indore,Dr. Ambedkar Nagar (Mhow),From pin only
cus_d3f46a7f-8e7,Maharashtra,Palghar,Vasai,Vasai East,Confirmed (pin + address agree)
cus_d4073ff2-28d,Madhya Pradesh,Jabalpur,Jabalpur,Karmeta,Confirmed (pin + address agree)
cus_d417b6dd-c16,Maharashtra,Thane,Dombivli,Dombivli East,Confirmed (pin + address agree)
cus_d422fe2e-cce,Madhya Pradesh,Indore,Indore,Silicon City Way,Confirmed (pin + address agree)
cus_d42375cd-f8f,Madhya Pradesh,Indore,Indore,Kelod,Confirmed (pin + address agree)
cus_d424c909-03c,Kerala,Kozhikode,Kakkattil,Chelakkad,Confirmed (pin + address agree)
cus_d42b4ab5-ab4,Madhya Pradesh,Jabalpur,Jabalpur,Napier Town,Confirmed (pin + address agree)
cus_d432058d-7dd,Tamil Nadu,Nilgiris,Coonoor,Kumaran Nagar,Confirmed (pin + address agree)
cus_d448a976-1fd,Rajasthan,Jaipur,Jaipur,Boytawala,Confirmed (pin + address agree)
cus_d45186b0-36e,Maharashtra,Chandrapur,Chandrapur,Wadgaon,From address only (no pin)
cus_d454a1ca-f3a,Rajasthan,Ajmer,Mangliyawas,,From pin only
cus_d457395d-294,Gujarat,Rajkot,Morbi,Sardar Nagar,Confirmed (pin + address agree)
cus_d45ebd0d-c64,Maharashtra,Thane,Mankoli Naka,Mankoli Naka,Not locatable
cus_d45ec72a-418,Maharashtra,Nanded,Nanded,Vishnu Nagar,Confirmed (pin + address agree)
cus_d45fad5c-117,Madhya Pradesh,Indore,Indore,Kibe Compound,Confirmed (pin + address agree)
cus_d4612f4b-5cc,Odisha,Sundergarh,Rourkela,Udit Nagar,Confirmed (pin + address agree)
cus_d46290bc-5c5,Maharashtra,Palghar,Nala Sopara,,From pin only
cus_d46606c1-240,Kerala,Pathanamthitta,Pathanamthitta,Chittoor,Confirmed (pin + address agree)
cus_d486d81c-def,Madhya Pradesh,Bhopal,Bhopal,,From sheet text only
cus_d49b4bf6-c76,Madhya Pradesh,East Nimar,Khandwa,Ghaspura,Confirmed (pin + address agree)
cus_d4c0d85f-d15,Maharashtra,Palghar,Vasai,Naigaon East,From pin only
cus_d4c46800-cf5,Rajasthan,Jaipur,Jaipur,Bais Godam,Confirmed (pin + address agree)
cus_d4c7039f-066,Madhya Pradesh,Raisen,Bhopal,Mandideep,Confirmed (pin + address agree)
cus_d4d35b96-8ba,Madhya Pradesh,Indore,Santer,Rasalpura,Confirmed (pin + address agree)
cus_d4df1783-23b,Gujarat,Rajkot,Morbi,Kathwada,Confirmed (pin + address agree)
cus_d4ef1d68-d60,Gujarat,Rajkot,Rajkot,Bhakti Nagar,Check: pin and address disagree
cus_d52192dc-e6b,Maharashtra,Solapur,Barshi,,From sheet text only
cus_d527a422-855,Madhya Pradesh,Bhopal,Bhopal,Chuna Bhatti,Confirmed (pin + address agree)
cus_d538566f-e39,Madhya Pradesh,Bhopal,Bhopal,Peer Gate Area,Confirmed (pin + address agree)
cus_d5385a3d-1d1,Maharashtra,Palghar,Vasai,Naigaon,From pin only
cus_d5395059-b6a,Kerala,Thiruvananthapuram,Thiruvananthapuram,,Check: pin and address disagree
cus_d54112ba-505,Rajasthan,Ajmer,Beawar,Bank Colony,Check: pin and address disagree
cus_d54c95c0-a95,Odisha,Sambalpur,Sambalpur,Dhanupali,Confirmed (pin + address agree)
cus_d555603f-64e,Odisha,Cuttack,Cuttack,Kothabada,From pin only
cus_d56691b6-6ea,Madhya Pradesh,East Nimar,Khandwa,Ramganj Ward,Confirmed (pin + address agree)
cus_d56ccb91-b0d,Maharashtra,Palghar,Vasai,Vasai East,From sheet text only
cus_d572b177-40f,Odisha,Cuttack,Cuttack,Ranihat Colony,Confirmed (pin + address agree)
cus_d587974d-70e,Odisha,Ganjam,Brahmapur,Gosani Nuagam,Confirmed (pin + address agree)
cus_d58feecd-e1b,Rajasthan,Jaipur,Jaipur,Durgapura,Confirmed (pin + address agree)
cus_d5a013fd-db3,Maharashtra,Jalgaon,Muktainagar,,From address only (no pin)
cus_d5a54680-9db,Rajasthan,Ajmer,Ajmer,Kundan Nagar,Confirmed (pin + address agree)
cus_d5a9cccc-67b,Madhya Pradesh,Bhopal,Bhopal,Karond,Confirmed (pin + address agree)
cus_d5a9f837-83e,Madhya Pradesh,Indore,Indore,Tejpur Gadbadi,Confirmed (pin + address agree)
cus_d5d26cd7-8fa,Kerala,Kozhikode,Cherapuram,Nittur,From pin only
cus_d5db07bf-448,Maharashtra,Palghar,Boisar,Midc,From sheet text only
cus_d5dfbe1d-cb5,Maharashtra,Solapur,Solapur,Jodibhavi Peth,Confirmed (pin + address agree)
cus_d5ef7275-687,Maharashtra,Nagpur,Nagpur,Nandanvan,Confirmed (pin + address agree)
cus_d5ef81c2-96b,Maharashtra,Thane,Badlapur,Belavali,From pin only
cus_d5f6765d-a2e,Madhya Pradesh,Raisen,Raisen,,From pin only
cus_d5fce27d-cd4,Maharashtra,Thane,Thane,Thane West,Confirmed (pin + address agree)
cus_d6035eb9-c1a,Maharashtra,Raigad,Mangaon,,From sheet text only
cus_d604b9d8-6d9,Rajasthan,Alwar,Alwar,Munshi Bagh,Confirmed (pin + address agree)
cus_d604e5ed-2ff,Madhya Pradesh,Jabalpur,Jabalpur,Polipather,Confirmed (pin + address agree)
cus_d605fd50-95e,Madhya Pradesh,West Nimar,Khargone,Jawahar Nagar,Confirmed (pin + address agree)
cus_d60f989c-51e,Rajasthan,Ajmer,Kishangarh,,Confirmed (pin + address agree)
cus_d61113e3-e64,Maharashtra,Thane,Ulhasnagar,,Confirmed (pin + address agree)
cus_d617404d-95a,Odisha,Cuttack,Athagarh,,From pin only
cus_d618cbe6-850,Madhya Pradesh,Indore,Indore,Vinoba Nagar,Confirmed (pin + address agree)
cus_d62f787d-0d8,Rajasthan,Jaipur,Jaipur,Shastri Nagar,Confirmed (pin + address agree)
cus_d634d714-d94,Madhya Pradesh,Indore,Indore,Karas Dev Nagar,Confirmed (pin + address agree)
cus_d63f48a2-a4d,Odisha,Khorda,Bhubaneswar,Nayapalli,Confirmed (pin + address agree)
cus_d649c631-b55,Maharashtra,Pune,Pune,Wagholi,From address only (no pin)
cus_d64c24bc-e96,Maharashtra,Raigad,Raigad,Taloja,From pin only
cus_d64e67de-1d1,Madhya Pradesh,Indore,Indore,Rukmani Nagar,Confirmed (pin + address agree)
cus_d658180d-afe,Madhya Pradesh,Hoshangabad,Narmadapuram,Narayan Nagar,Confirmed (pin + address agree)
cus_d66373cc-272,Maharashtra,Palghar,Nala Sopara,,From pin only
cus_d668a8dc-dfa,Odisha,Cuttack,Cuttack,Dadha,From pin only
cus_d6750667-277,Madhya Pradesh,Bhopal,Bhopal,Ayodhya Nagar,Confirmed (pin + address agree)
cus_d67cc976-397,Rajasthan,Jaipur,Jaipur,Pratap Nagar,From address only (no pin)
cus_d67f9a16-ac2,Odisha,Dhenkanal,Dhenkanal,Gudianali,From address only (no pin)
cus_d6817122-a73,Rajasthan,Alwar,Alwar,Jawali Bhawan Colony,Confirmed (pin + address agree)
cus_d6852d1e-82c,Rajasthan,Pali,Sojat,,Confirmed (pin + address agree)
cus_d68e2abe-644,Rajasthan,Bhilwara,Bhilwara,Bhopal Ganj,Confirmed (pin + address agree)
cus_d68eb36a-d9c,Kerala,Kasargod,Kasaragod,Anebagilu,Confirmed (pin + address agree)
cus_d69639e6-8ec,Rajasthan,Ajmer,Kishangarh,Madanganj,Confirmed (pin + address agree)
cus_d6986db7-251,Maharashtra,Palghar,Vasai,,From sheet text only
cus_d6af9153-c77,Kerala,Thiruvananthapuram,Thiruvananthapuram,Chacka,Confirmed (pin + address agree)
cus_d6b38e07-43d,Kerala,Thiruvananthapuram,Thiruvananthapuram,Manacaud,From address only (no pin)
cus_d6b53796-55c,Gujarat,Rajkot,Morbi,Sardar Nagar,From address only (no pin)
cus_d6b994f8-c80,Rajasthan,Jaipur,Chomu,Naya BaJar,Confirmed (pin + address agree)
cus_d6bb8b82-a4f,Maharashtra,Kolhapur,Gandhinagar,Gad Mudshingi,Confirmed (pin + address agree)
cus_d6c573e6-b7e,Goa,South Goa,Majorda,Madel,Confirmed (pin + address agree)
cus_d6c714cd-e05,Rajasthan,Jaipur,Jaipur,Pratap Nagar,Confirmed (pin + address agree)
cus_d6c9f9d5-d0f,Madhya Pradesh,Bhopal,Bhopal,,From sheet text only
cus_d6d7c130-06b,Maharashtra,Buldhana,Buldhana,Venkatesh Nagar,From address only (no pin)
cus_d6e1bcd2-888,Maharashtra,Nagpur,Nagpur,Rameshwari,Confirmed (pin + address agree)
cus_d6e7f74e-a17,Maharashtra,Thane,Thane,Diva,Confirmed (pin + address agree)
cus_d6ea4fdb-4da,Madhya Pradesh,Indore,Indore,Siyaganj,Confirmed (pin + address agree)
cus_d71321ea-374,Rajasthan,Jaipur,Jaipur,Hathod,From pin only
cus_d716e07f-f17,Maharashtra,Mumbai,Mumbai,Malad West,From address only (no pin)
cus_d7177009-544,Maharashtra,Pune,Pune,Bapodi,From sheet text only
cus_d717952d-bc2,Maharashtra,Raigad,Tala,Roha,Check: pin and address disagree
cus_d7216f6e-434,Kerala,Kottayam,Kottayam,Kalathipady,Confirmed (pin + address agree)
cus_d7248743-0c9,Kerala,Pathanamthitta,Pathanamthitta,Chittoor,Confirmed (pin + address agree)
cus_d72886d3-d17,Odisha,Puri,Nimapada,,From address only (no pin)
cus_d72d4ba9-cd7,Madhya Pradesh,Indore,Indore,Palda,Confirmed (pin + address agree)
cus_d72f3d84-07d,Maharashtra,Thane,Kalyan,Lok Dhara,Confirmed (pin + address agree)
cus_d7304c93-31c,Odisha,Ganjam,Brahmapur,Ayodhya Nagar,Confirmed (pin + address agree)
cus_d7585308-f0a,Kerala,Kozhikode,Thiruvallur,,Confirmed (pin + address agree)
cus_d7637a84-2ee,Odisha,Khorda,Bhubaneswar,Patrapada,Confirmed (pin + address agree)
cus_d76a45a3-172,Maharashtra,Palghar,Virar,Virar West,From sheet text only
cus_d76ed645-e42,Kerala,Kollam,Kollam,Mundakkal Village,From address only (no pin)
cus_d7800b4b-f26,Maharashtra,Ratnagiri,Nachane,Midc,Confirmed (pin + address agree)
cus_d7806831-ec8,Madhya Pradesh,Chhatarpur,Chhatarpur,Toria Mohalla,Confirmed (pin + address agree)
cus_d7842f29-693,Madhya Pradesh,Indore,Indore,Dwarkapuri,Confirmed (pin + address agree)
cus_d78efdb0-0a9,Maharashtra,Mumbai,Mumbai,Dahisar West,Confirmed (pin + address agree)
cus_d79526ce-367,Kerala,Malappuram,Tirur,Trikkandiyur,Confirmed (pin + address agree)
cus_d79f971f-9af,Maharashtra,Aurangabad,Chhatrapati Sambhajinagar,,From sheet text only
cus_d7aa9297-e35,Maharashtra,Palghar,Virar,Chandansar,From address only (no pin)
cus_d7b1ed55-ce6,Rajasthan,Jaipur,Jaipur,Murlipura,Confirmed (pin + address agree)
cus_d7c020d0-2be,Kerala,Thiruvananthapuram,Balaramapuram,Pazhayakadalane,Check: pin and address disagree
cus_d7c2f6ff-b13,Maharashtra,Palghar,Vasai,Golani Naka,Confirmed (pin + address agree)
cus_d7d13129-67a,Rajasthan,Ajmer,Beawar,Vidya Nagar,Confirmed (pin + address agree)
cus_d7e8ff84-904,Madhya Pradesh,Chhatarpur,Padariya,,Check: pin and address disagree
cus_d7f98143-2c2,Madhya Pradesh,Jabalpur,Jabalpur,Lalmati,Confirmed (pin + address agree)
cus_d802aa9b-81d,Madhya Pradesh,Indore,Indore,Siyaganj,Confirmed (pin + address agree)
cus_d818a97d-e54,Kerala,Kozhikode,Kozhikode,Elathur,From pin only
cus_d827b858-ccf,Rajasthan,Jaipur,Jaipur,Ramganj Bazar,Confirmed (pin + address agree)
cus_d82bea3d-cd2,Madhya Pradesh,Dhar,Pithampur,,From sheet text only
cus_d8307c3f-e35,Maharashtra,Thane,Ulhasnagar,Ramayan Nagar,Confirmed (pin + address agree)
cus_d830e1e2-531,Kerala,Thiruvananthapuram,Parassala,,Check: pin and address disagree
cus_d84e2648-237,Rajasthan,Jaipur,Jaipur,Pratap Nagar,From address only (no pin)
cus_d8562ea3-380,Maharashtra,Thane,Dombivli,Dombivli East,Confirmed (pin + address agree)
cus_d8684873-a1c,Maharashtra,Solapur,Karkamb,Nera Mahasod Karkamb Pandharpur,Check: pin and address disagree
cus_d876c5ca-335,Kerala,Palakkad,Ottappalam,Pathirippala,From pin only
cus_d8982204-b76,Madhya Pradesh,Indore,Indore,Raj Mohalla,Confirmed (pin + address agree)
cus_d899f3b4-00b,Rajasthan,Ajmer,Nasirabad,,Confirmed (pin + address agree)
cus_d89c503b-b51,Rajasthan,Jodhpur,Jodhpur,Akhaliya Vikas Yojana,Confirmed (pin + address agree)
cus_d89c5e83-195,Madhya Pradesh,Jabalpur,Jabalpur,Infront Of Samudayik Bhavan,Confirmed (pin + address agree)
cus_d8bb208e-2f3,Maharashtra,Thane,Ambernath,,From sheet text only
cus_d8bc7c25-fe6,Kerala,Ernakulam,Edattala,Angamaly,From pin only
cus_d8bd220d-456,Maharashtra,Thane,Badlapur,Dattanagar,Confirmed (pin + address agree)
cus_d8c67c6e-234,Rajasthan,Jaipur,Jaipur,Gopalpura,Confirmed (pin + address agree)
cus_d8cd780f-e46,Madhya Pradesh,Indore,Indore,LIG Colony,Confirmed (pin + address agree)
cus_d8d4f3cf-612,Maharashtra,Jalgaon,Jalgaon,Shahunagar,Confirmed (pin + address agree)
cus_d8df1856-7af,Maharashtra,Thane,Thane,Mumbra,Confirmed (pin + address agree)
cus_d8f1ea85-42b,Maharashtra,Thane,Kalyan,Khadakpada,Confirmed (pin + address agree)
cus_d906c54a-d6e,Kerala,Thiruvananthapuram,Thiruvananthapuram,Devapalan Nagar,Confirmed (pin + address agree)
cus_d91ee361-167,Kerala,Thiruvananthapuram,Varkala,,Confirmed (pin + address agree)
cus_d9398fcb-90e,Maharashtra,Thane,Dombivli,Dombivli East,Confirmed (pin + address agree)
cus_d939eb80-f70,Maharashtra,Thane,Kalyan,Kalyan East,Confirmed (pin + address agree)
cus_d95a7fc4-02a,Maharashtra,Thane,Bhiwandi,Avachit Pada,Confirmed (pin + address agree)
cus_d95e3c74-c79,Maharashtra,Palghar,Vasai,Navghar,From sheet text only
cus_d96fdd28-597,Maharashtra,Pune,Pune,,From sheet text only
cus_d976b6ce-5b4,Maharashtra,Thane,Thane,Mumbra,Confirmed (pin + address agree)
cus_d977f293-35d,Maharashtra,Solapur,Solapur,Bhavani Peth,Confirmed (pin + address agree)
cus_d979a121-203,Odisha,Cuttack,Banki,,From address only (no pin)
cus_d9830ead-f9d,Maharashtra,Thane,Kalyan,Chinchpada Gaon,Confirmed (pin + address agree)
cus_d9a9217e-5f5,Rajasthan,Jaipur,Jaipur,Jamna Puri,Confirmed (pin + address agree)
cus_d9c168ab-84f,Maharashtra,Kolhapur,Kolhapur,Shahupuri,Confirmed (pin + address agree)
cus_d9c8a4c9-a4b,Rajasthan,Ajmer,Ajmer,Diggi Bazaar,Confirmed (pin + address agree)
cus_d9da9838-e61,Maharashtra,Aurangabad,Chhatrapati Sambhajinagar,,From sheet text only
cus_d9f2893d-24a,Rajasthan,Jaipur,Jaipur,Anand Nagar,Confirmed (pin + address agree)
cus_d9ff8302-457,Maharashtra,Nanded,Nanded,Harsh Nagar,Confirmed (pin + address agree)
cus_da276cb3-e22,Madhya Pradesh,Indore,Indore,Sudama Nagar,Confirmed (pin + address agree)
cus_da3217e9-d3d,Rajasthan,Kota,Kota,Nayapura,Confirmed (pin + address agree)
cus_da4601a9-d03,Maharashtra,Mumbai,Mumbai,Malad,From sheet text only
cus_da5934cd-a99,Rajasthan,Jaipur,Jaipur,Panchyawala,Check: pin and address disagree
cus_da5d8ef0-fbd,Rajasthan,Kota,Kota,Anantpura,Confirmed (pin + address agree)
cus_da644d90-25e,Madhya Pradesh,Indore,Indore,Chhoti Gwaltoli,Confirmed (pin + address agree)
cus_da667edd-211,Maharashtra,Thane,Bhiwandi,Nazajaran,Confirmed (pin + address agree)
cus_da6b1d01-695,Madhya Pradesh,Indore,Indore,Khajrana,Confirmed (pin + address agree)
cus_da6dd49c-6cf,Madhya Pradesh,Indore,Indore,Shikshak Nagar,Confirmed (pin + address agree)
cus_da6e7f39-19e,Rajasthan,Jaipur,Jaipur,Gokulpura,Confirmed (pin + address agree)
cus_da74bcee-348,Rajasthan,Jaipur,Jaipur,Sindhi Camp,Confirmed (pin + address agree)
cus_da83683a-55b,Maharashtra,Nagpur,Nagpur,Ayodhya nagar,Confirmed (pin + address agree)
cus_da8d0185-fcc,Madhya Pradesh,Jabalpur,Jabalpur,Vikas Nagar,From pin only
cus_da959841-b9f,Maharashtra,Thane,Murbad,Goveli,From pin only
cus_da967d62-e7f,Rajasthan,Ajmer,Ajmer,Parao,Confirmed (pin + address agree)
cus_da98bfb2-e30,Madhya Pradesh,Dhar,Pithampur,Pithampur Industrial Area,Confirmed (pin + address agree)
cus_da9f3bce-412,Madhya Pradesh,Jabalpur,Jabalpur,Wright Town,Confirmed (pin + address agree)
cus_daa8f023-fa7,Odisha,Dhenkanal,Kaimati,Gobindpur,From pin only
cus_daa90567-33a,Maharashtra,Thane,Ambernath,Deepak Nagar,From address only (no pin)
cus_dac236eb-1dc,Kerala,Kozhikode,Vanimal,,Confirmed (pin + address agree)
cus_dac350b3-1f4,Madhya Pradesh,Jabalpur,Jabalpur,Bengali Colony,Confirmed (pin + address agree)
cus_dad5745d-48a,Maharashtra,Thane,Ulhasnagar,Krishna Nagar,Confirmed (pin + address agree)
cus_dae2acc4-b1f,Odisha,Khorda,Bhubaneswar,Jagamara,Confirmed (pin + address agree)
cus_dae31c22-504,Gujarat,Rajkot,Morbi,Sardar Nagar,Confirmed (pin + address agree)
cus_dae3ad83-768,Kerala,Kozhikode,Ekarool,,From address only (no pin)
cus_dae7acc5-7b4,Madhya Pradesh,Mandsaur,Mandsaur,,From sheet text only
cus_db07d9de-af4,Rajasthan,Jaipur,Jaipur,Kanakpura,Confirmed (pin + address agree)
cus_db0d8f6d-e48,Madhya Pradesh,Dhar,Dhar,Pochaupati,From address only (no pin)
cus_db1c10db-8f7,Maharashtra,Palghar,Virar,Virar East,Confirmed (pin + address agree)
cus_db27c287-de0,Odisha,Khorda,Bhubaneswar,Nayapalli,Confirmed (pin + address agree)
cus_db290734-ac0,Dadra and Nagar Haveli and Daman and Diu,Daman,Marwad,Daman,Confirmed (pin + address agree)
cus_db3b3270-b34,Maharashtra,Solapur,Pandharpur,Isbavi,Confirmed (pin + address agree)
cus_db3df696-999,Maharashtra,Thane,Thane,Kalwa,Confirmed (pin + address agree)
cus_db4e0153-7f2,Madhya Pradesh,Jabalpur,Jabalpur,Ganga Nagar,Confirmed (pin + address agree)
cus_db62aab7-c76,Madhya Pradesh,Indore,Indore,Rau,Confirmed (pin + address agree)
cus_db696ce8-f37,Madhya Pradesh,Indore,Indore,Dwarkapuri,Confirmed (pin + address agree)
cus_db6b3dd5-ee9,Maharashtra,Thane,Bhiwandi,Gaibi Nagar Bhiwandi,From address only (no pin)
cus_db6cbbb9-7d0,Goa,North Goa,Betim,,From sheet text only
cus_db7031b3-49f,Madhya Pradesh,Indore,Indore,Khajrana,Confirmed (pin + address agree)
cus_db73e098-021,Maharashtra,Mumbai,Mumbai,Saki Naka,Confirmed (pin + address agree)
cus_db76751e-9ca,Maharashtra,Thane,Bhiwandi,Sonale Village,Confirmed (pin + address agree)
cus_dba01533-618,Tamil Nadu,Nilgiris,Ooty,Upper Bazar,Confirmed (pin + address agree)
cus_dba3f051-830,Maharashtra,Palghar,Vasai,Vasai East,Confirmed (pin + address agree)
cus_dba82fb7-e0b,Rajasthan,Bhilwara,Bhilwara,Shastri Nagar,Confirmed (pin + address agree)
cus_dbb7edcf-4dd,Maharashtra,Nagpur,Nagpur,Siraspeth,Confirmed (pin + address agree)
cus_dbbad6ed-8fa,Rajasthan,Jaipur,Jaipur,Govindpura,Confirmed (pin + address agree)
cus_dbc079e7-987,Maharashtra,Palghar,Nala Sopara,Nalasopara West,From pin only
cus_dbd37f94-408,Maharashtra,Palghar,Nala Sopara,Palghar,From sheet text only
cus_dbd60af6-887,Kerala,Kozhikode,Kozhikode,West Hill,Confirmed (pin + address agree)
cus_dbd9e67c-2d6,Rajasthan,Jaipur,Jaipur,Kanakpura,Confirmed (pin + address agree)
cus_dbe55c07-3d8,Maharashtra,Palghar,Virar,Manjari Khurd,From pin only
cus_dbeca8bf-646,Maharashtra,Solapur,Natepute,,Check: pin and address disagree
cus_dc100668-dd2,Madhya Pradesh,Bhopal,Bhopal,Misrod,Confirmed (pin + address agree)
cus_dc11c4ef-f2b,Madhya Pradesh,Bhopal,Bhopal,Bagmugaliya,Confirmed (pin + address agree)
cus_dc184bda-b6f,Maharashtra,Thane,Bhiwandi,Kalher,Confirmed (pin + address agree)
cus_dc20f8d6-363,Maharashtra,Mumbai,Mumbai,Dadar West,From address only (no pin)
cus_dc22e2b7-592,Kerala,Kozhikode,Koyilandy,Cmqwc5G,From pin only
cus_dc2b658a-269,Rajasthan,Ajmer,Kekri,Anants Sweat Colony,Confirmed (pin + address agree)
cus_dc373a21-d80,Odisha,Cuttack,Bhubaneswar,Raghunathpur,Confirmed (pin + address agree)
cus_dc37692a-ad4,Madhya Pradesh,Vidisha,Ganj Basoda,,Confirmed (pin + address agree)
cus_dc3d061f-159,Madhya Pradesh,Indore,Indore,Dashrath Bag,Confirmed (pin + address agree)
cus_dc49c68a-412,Madhya Pradesh,Jabalpur,Jabalpur,Naya Mohalla,Confirmed (pin + address agree)
cus_dc524891-4a6,Maharashtra,Thane,Thane,Datiwali Gaon,Confirmed (pin + address agree)
cus_dc5aa10f-20f,Maharashtra,Kolhapur,Kolhapur,Shahupuri,Check: pin and address disagree
cus_dc76a29c-fc5,Odisha,Ganjam,Chatrapur,Nagulupeta,Confirmed (pin + address agree)
cus_dc8e58de-fff,Kerala,Kozhikode,Kozhikode,Kovoor,Confirmed (pin + address agree)
cus_dc8ee190-e57,Maharashtra,Thane,Bhiwandi,Mankoli,Confirmed (pin + address agree)
cus_dc973c84-62a,Madhya Pradesh,Indore,Indore,Nagin Nagar,Confirmed (pin + address agree)
cus_dc99ce8c-b36,Maharashtra,Palghar,Virar,Virar East,Confirmed (pin + address agree)
cus_dc9acdad-f81,Maharashtra,Thane,Kalyan,Lok Dhara,Confirmed (pin + address agree)
cus_dcac423a-c15,Maharashtra,Thane,Bhiwandi,Nagaon,Confirmed (pin + address agree)
cus_dcaf1cfc-766,Rajasthan,Ajmer,Ajmer,Aravali Vihar Colony,From address only (no pin)
cus_dcb5bc15-ebd,Maharashtra,Palghar,Mira-Bhayandar,,Confirmed (pin + address agree)
cus_dcca51b3-fda,Maharashtra,Mumbai,Mumbai,Kandivali West,Confirmed (pin + address agree)
cus_dccbfe7e-b8d,Rajasthan,Bhilwara,Bhilwara,Bhopal Ganj,Confirmed (pin + address agree)
cus_dce056d0-dee,Dadra and Nagar Haveli and Daman and Diu,Daman,Daman,,From sheet text only
cus_dd042a5d-d34,Rajasthan,Jaipur,Jaipur,New Colony,Confirmed (pin + address agree)
cus_dd0f0164-da0,Rajasthan,Jaipur,Jaipur,Jhotwara,Confirmed (pin + address agree)
cus_dd0fc4fd-e0a,Rajasthan,Jaipur,Jaipur,Shyam Nagar,Confirmed (pin + address agree)
cus_dd27dd18-ff3,Maharashtra,Palghar,Palghar,Vevoor,From address only (no pin)
cus_dd3fa262-796,Kerala,Kozhikode,Kallachi,Chelakkad,Confirmed (pin + address agree)
cus_dd53178b-72a,Maharashtra,Thane,Shirpur,,Check: pin and address disagree
cus_dd54a540-b4e,Madhya Pradesh,Vidisha,Vidisha,Dabar,Confirmed (pin + address agree)
cus_dd6d2d59-1c1,Maharashtra,Thane,Bhiwandi,Kalher,Confirmed (pin + address agree)
cus_dd7009ab-94b,Maharashtra,Thane,Badlapur,Kulgaon,Confirmed (pin + address agree)
cus_dd815a5b-e46,Rajasthan,Jaipur,Jaipur,Bhakrota,Confirmed (pin + address agree)
cus_dd984f36-5cc,Odisha,Koraput,Jeypore,Industrial Estate,Confirmed (pin + address agree)
cus_dd9aa314-8c8,Rajasthan,Sikar,Sikar,Jat Colony,Confirmed (pin + address agree)
cus_dda2287c-b81,Maharashtra,Thane,Ambernath,Additional M.I.D.C,Confirmed (pin + address agree)
cus_ddbe02ad-fc6,Madhya Pradesh,Dhar,Pithampur,Pithampur Industrial Area,Confirmed (pin + address agree)
cus_ddc9773f-32d,Odisha,Cuttack,Cuttack,LIC Colony,Confirmed (pin + address agree)
cus_ddc9abab-6c7,Maharashtra,Palghar,Virar,Virar East,From sheet text only
cus_ddd1ea0a-374,Gujarat,Rajkot,Rajkot,Chandreshnagar,Confirmed (pin + address agree)
cus_ddd8a1b0-507,Kerala,Malappuram,Panangattur,,Confirmed (pin + address agree)
cus_ddedf7c1-b17,Maharashtra,Nagpur,Nagpur,Somalwada,Confirmed (pin + address agree)
cus_ddf2ea73-b51,Maharashtra,Palghar,Palghar,Juna Palghar,From address only (no pin)
cus_ddfeeb2e-2ef,Maharashtra,Nagpur,Nagpur,Jaripatka,Confirmed (pin + address agree)
cus_de02a370-ece,Rajasthan,Ajmer,Ajmer,Adarsh Nagar,Confirmed (pin + address agree)
cus_de079e71-0af,Maharashtra,Palghar,Virar,Virar West,Confirmed (pin + address agree)
cus_de0b293d-7dc,Madhya Pradesh,Jabalpur,Jabalpur,Bargi Hills,Confirmed (pin + address agree)
cus_de0f041b-6eb,Maharashtra,Akola,Akola,Mominpura,From address only (no pin)
cus_de221209-0c5,Maharashtra,Thane,Ulhasnagar,Press Bazar,From address only (no pin)
cus_de258990-847,Maharashtra,Palghar,Nala Sopara,,From pin only
cus_de2eb41e-445,Madhya Pradesh,Bhopal,Bhopal,,From sheet text only
cus_de307d80-422,Maharashtra,Thane,Kalyan,Khadakpada,Confirmed (pin + address agree)
cus_de331dca-200,Maharashtra,Mumbai,Mumbai,Mulund,From sheet text only
cus_de426a00-f45,Madhya Pradesh,Indore,Indore,Siyaganj,Confirmed (pin + address agree)
cus_de45889b-ab3,Odisha,Sundergarh,Rourkela,Civil Township,Confirmed (pin + address agree)
cus_de49f776-e9f,Odisha,Cuttack,Cuttack,Gandarpur,Confirmed (pin + address agree)
cus_de536c8b-f81,Madhya Pradesh,Indore,Indore,Panchvati Colony,Confirmed (pin + address agree)
cus_de5971e2-2f4,Kerala,Kannur,Mokeri,Pathippalam,From pin only
cus_de62527f-97a,Maharashtra,Thane,Bhiwandi,Dapode,Confirmed (pin + address agree)
cus_de74c513-35b,Rajasthan,Ajmer,Kishangarh,Gandhi Nagar,Confirmed (pin + address agree)
cus_de75c917-4de,Madhya Pradesh,Chhindwara,Chhindwara,Rautha Wada,From address only (no pin)
cus_de76eca7-b52,Madhya Pradesh,Bhopal,Bhopal,Peer Gate Area,Confirmed (pin + address agree)
cus_de7a5f55-0af,Maharashtra,Thane,Wagle Estate,Wagle Estate,Not locatable
cus_de83df33-cb7,Madhya Pradesh,Dhar,Pithampur,Ram Ratan Patel Nagar,Check: pin and address disagree
cus_de9bd7be-a1c,Maharashtra,Thane,Ambernath,Additional M.I.D.C,Confirmed (pin + address agree)
cus_de9d5450-040,Kerala,Kannur,Elayavoor,Mundayad,From pin only
cus_deb68874-4e5,Odisha,Cuttack,Cuttack,Chaudwar,From pin only
cus_debb8732-4b2,Rajasthan,Kota,Kota,Electricity Board Area,Confirmed (pin + address agree)
cus_dec244c4-16a,Maharashtra,Thane,Bhiwandi,Kalher,From sheet text only
cus_decd0014-bd2,Madhya Pradesh,Dewas,Dewas,Rajaram Nagar,Confirmed (pin + address agree)
cus_df09b28c-fa0,Madhya Pradesh,Dhar,Pithampur,Pithampur Industrial Area,Confirmed (pin + address agree)
cus_df0b27a9-cac,Madhya Pradesh,Raisen,Bhopal,Mandideep,Confirmed (pin + address agree)
cus_df13cfae-f18,Maharashtra,Mumbai,Mumbai,Kandivali West,Confirmed (pin + address agree)
cus_df1fce84-773,Madhya Pradesh,Indore,Indore,Bijasan Road,Confirmed (pin + address agree)
cus_df239ab4-5a9,Maharashtra,Pune,Pune,Gultekadi,From address only (no pin)
cus_df243105-7be,Madhya Pradesh,Hoshangabad,Narmadapuram,Kalika Nagar,Confirmed (pin + address agree)
cus_df2b8684-e9f,Gujarat,Rajkot,Morbi,Sardar Nagar,Confirmed (pin + address agree)
cus_df517c30-93f,Rajasthan,Sikar,Mahroli,,Check: pin and address disagree
cus_df576736-840,Rajasthan,Jaipur,Jaipur,Sitapura,Confirmed (pin + address agree)
cus_df638a75-415,Maharashtra,Thane,Navi Mumbai,Vashi,Confirmed (pin + address agree)
cus_df6799c9-585,Maharashtra,Thane,Badlapur,Sanewadi,Confirmed (pin + address agree)
cus_df685a40-272,Maharashtra,Thane,Badlapur,Belavali,Confirmed (pin + address agree)
cus_df6a171d-403,Madhya Pradesh,Dewas,Dewas,Moti Bunglow,Confirmed (pin + address agree)
cus_df6cd921-5da,Rajasthan,Jaipur,Jaipur,Paldi Meena,Confirmed (pin + address agree)
cus_df6df818-175,Maharashtra,Thane,Ambernath,Additional M.I.D.C,Confirmed (pin + address agree)
cus_df7cd1a8-9c7,Kerala,Thiruvananthapuram,Kulathummal,Kattakkada,From pin only
cus_df8b5d62-f3b,Madhya Pradesh,Indore,Indore,Vallabh Nagar,Confirmed (pin + address agree)
cus_df8eb3f8-c6a,Odisha,Rayagada,Rayagada,Sai Priya Nagar,Confirmed (pin + address agree)
cus_dfa0d9d7-d8d,Madhya Pradesh,Indore,Indore,Palda,Confirmed (pin + address agree)
cus_dfcdd60b-ff3,Maharashtra,Thane,Kalyan,,From pin only
cus_dfe54dfe-b7b,Maharashtra,Thane,Dombivli,Dombivli East,Confirmed (pin + address agree)
cus_dfeb7769-f14,Kerala,Ernakulam,Kochi,Eloor,Confirmed (pin + address agree)
cus_dff22c6b-16a,Maharashtra,Solapur,Solapur,Budhavar Peth,Confirmed (pin + address agree)
cus_dffa60d0-6a4,Madhya Pradesh,Indore,Indore,Rau,Confirmed (pin + address agree)
cus_dffbf75b-8b4,Maharashtra,Thane,Ulhasnagar,Shahad,Confirmed (pin + address agree)
cus_dffd232c-617,Odisha,Cuttack,Jagatpur,Gunjarpur,From pin only
cus_e0138c10-789,Maharashtra,Palghar,Mira-Bhayandar,,Check: pin and address disagree
cus_e017edd9-701,Maharashtra,Mumbai,Mumbai,Saki Naka,Confirmed (pin + address agree)
cus_e021f8e1-db2,Odisha,Khorda,Bhubaneswar,Rasulgarh,Confirmed (pin + address agree)
cus_e0238786-c1a,Rajasthan,Jaipur,Jaipur,Jhotwara,Confirmed (pin + address agree)
cus_e02ed7a7-e17,Maharashtra,Thane,Kalyan,,Confirmed (pin + address agree)
cus_e0313665-499,Madhya Pradesh,Indore,Indore,Scheme 94,Confirmed (pin + address agree)
cus_e0414fe4-5da,Rajasthan,Ajmer,Kishangarh,Gujjar Mohalla,From address only (no pin)
cus_e0427885-3d6,Maharashtra,Thane,Bhiwandi,Padma Nagar,Confirmed (pin + address agree)
cus_e0476f12-da4,Kerala,Alappuzha,Thamarakulam,,Confirmed (pin + address agree)
cus_e0550a45-9c1,Puducherry,Pondicherry,Puducherry,,Check: pin and address disagree
cus_e0593420-317,Odisha,,,,Not locatable
cus_e05f67f3-e6f,Rajasthan,Jodhpur,Jodhpur,Rawaton Ka Bass,Confirmed (pin + address agree)
cus_e066e5e1-759,Madhya Pradesh,Jabalpur,Jabalpur,Sadar,Confirmed (pin + address agree)
cus_e06e19cf-ffa,Maharashtra,Thane,Thane,,Confirmed (pin + address agree)
cus_e06f3b53-c65,Madhya Pradesh,Indore,Indore,Palda,Confirmed (pin + address agree)
cus_e0875cb2-322,Maharashtra,Thane,Thane,Thane West,Confirmed (pin + address agree)
cus_e09251aa-10d,Maharashtra,Akola,Akola,Mominpura,Confirmed (pin + address agree)
cus_e0a7f367-47d,Maharashtra,Thane,Bhiwandi,Kalher,Confirmed (pin + address agree)
cus_e0ae1e54-107,Maharashtra,Nagpur,Nagpur,Digdoh,From address only (no pin)
cus_e0b56cab-80f,Kerala,Thiruvananthapuram,Thiruvananthapuram,Thumba,Confirmed (pin + address agree)
cus_e0c087ba-342,Kerala,Malappuram,Ramanattukara,Vaidyarangadi,Confirmed (pin + address agree)
cus_e0c2fe29-6b9,Maharashtra,Bhandara,Bhandara,Madhav Nagar,Confirmed (pin + address agree)
cus_e0c31901-52c,Maharashtra,Sangli,Vita,,From sheet text only
cus_e0d81c0e-3ff,Maharashtra,Palghar,Boisar,,From sheet text only
cus_e0eab0b0-dc8,Kerala,Kasargod,Kasaragod,,From sheet text only
cus_e0eedf0d-374,Maharashtra,Thane,Mira-Bhayandar,Bhayandar East,Confirmed (pin + address agree)
cus_e0f982ef-7d0,Odisha,Cuttack,Cuttack,Chaudwar,From sheet text only
cus_e0fa2122-ec1,Rajasthan,Jaipur,Baori,,Check: pin and address disagree
cus_e0ffc36c-79c,Rajasthan,Ajmer,Ajmer,Vaishali Nagar,Confirmed (pin + address agree)
cus_e11386f8-ecc,Kerala,Palakkad,Palakkad,Valakkad,Confirmed (pin + address agree)
cus_e115252d-8c8,Maharashtra,Mumbai,Mumbai,Dahisar East,From address only (no pin)
cus_e11b2f84-e44,Rajasthan,Ajmer,Nasirabad,,Confirmed (pin + address agree)
cus_e11ced33-697,Maharashtra,Thane,Badlapur,Badlapur East,From sheet text only
cus_e11d34c8-72e,Madhya Pradesh,Jabalpur,Jabalpur,Bengali Colony,Confirmed (pin + address agree)
cus_e1367de8-0db,Rajasthan,Tonk,Tonk,Kha Ngar,Confirmed (pin + address agree)
cus_e16f2e75-b2f,Madhya Pradesh,Indore,Indore,,From sheet text only
cus_e175dc34-f69,Rajasthan,Jaipur,Chomu,Magadh Nagar,Confirmed (pin + address agree)
cus_e17b7f23-e15,Kerala,Kozhikode,Parakkadavu,Kallilkandy,From pin only
cus_e1832fdb-fe2,Chhattisgarh,Bilaspur,Bilaspur,Imlipara,From pin only
cus_e185071e-989,Maharashtra,Mumbai,Mumbai,Dadar,From address only (no pin)
cus_e1904c9d-023,Kerala,Thrissur,Thrissur,Anchery,Confirmed (pin + address agree)
cus_e1b7eab8-5c6,Madhya Pradesh,Bhopal,Bhopal,Misrod,Confirmed (pin + address agree)
cus_e1d995ec-fa9,Tamil Nadu,Nilgiris,Ooty,Upper Bazar,Confirmed (pin + address agree)
cus_e1e0fa87-b36,Maharashtra,Thane,Thane,Thane West,Confirmed (pin + address agree)
cus_e1e209c2-e2f,Maharashtra,Ratnagiri,Nachane,Konkan Nagar,Confirmed (pin + address agree)
cus_e1e57084-c5d,Kerala,Kottayam,Changanassery,,Confirmed (pin + address agree)
cus_e1ed5c57-17b,Maharashtra,Mumbai,Mumbai,Kandivali West,Confirmed (pin + address agree)
cus_e201c8a5-705,Madhya Pradesh,Indore,Indore,,From sheet text only
cus_e2094836-90b,Kerala,Kozhikode,Kozhikode,Elathur,Confirmed (pin + address agree)
cus_e20bbafb-6df,Rajasthan,Chittorgarh,Chittorgarh,Ashapura,Confirmed (pin + address agree)
cus_e21287e8-f7c,Maharashtra,Thane,Bhiwandi,Babu Ganj Groups,Confirmed (pin + address agree)
cus_e213af88-94a,Kerala,Kozhikode,Naduvannur,,Check: pin and address disagree
cus_e22c1ec9-1cb,Madhya Pradesh,Jabalpur,Jabalpur,Adhartal,Confirmed (pin + address agree)
cus_e22f79e8-1ff,Maharashtra,Thane,Bhiwandi,Dapode,Confirmed (pin + address agree)
cus_e23223e6-6cc,Kerala,Kozhikode,Azhiyur,Mahe,From pin only
cus_e246f7ea-9e1,Maharashtra,Thane,Kalyan,Dwarli Gaon,Confirmed (pin + address agree)
cus_e26e930a-d3d,Odisha,Koraput,Jeypore,,From sheet text only
cus_e273c906-414,Maharashtra,Mumbai,Mumbai,Ghatkopar,From sheet text only
cus_e275a767-b48,Maharashtra,Mumbai,Mumbai,Kandivali East,Confirmed (pin + address agree)
cus_e27e0d60-13e,Maharashtra,Aurangabad,Chhatrapati Sambhajinagar,Mukundwadi Bus Stop,From sheet text only
cus_e28643ea-374,Rajasthan,Jaipur,Jaipur,Sanganer,Confirmed (pin + address agree)
cus_e289b7fd-8df,Maharashtra,Palghar,Virar,Virar West,Confirmed (pin + address agree)
cus_e2921de4-bed,Maharashtra,Raigad,Khopoli,Takai,Confirmed (pin + address agree)
cus_e2a6e01c-0b8,Madhya Pradesh,Bhopal,Bhopal,Ayodhya Nagar,Confirmed (pin + address agree)
cus_e2acff95-eba,Maharashtra,Thane,Dombivli,Kalu Nagar,Confirmed (pin + address agree)
cus_e2d1be3e-e34,Rajasthan,Jaipur,Jaipur,Jaswant Nagar,Confirmed (pin + address agree)
cus_e2d926e5-664,Gujarat,Rajkot,Rajkot,Bhakti Nagar,Confirmed (pin + address agree)
cus_e2d98cf9-1f5,Maharashtra,Thane,,,Not locatable
cus_e2e0cf19-b14,Odisha,Khorda,Bhubaneswar,Chakeisihani,Confirmed (pin + address agree)
cus_e2e34912-f06,Maharashtra,Pune,Pune,Wagholi,From address only (no pin)
cus_e2e9cc7a-16a,Kerala,Kollam,Kottarakkara,Chenthara,Confirmed (pin + address agree)
cus_e2f23096-9c2,Maharashtra,Thane,,,Not locatable
cus_e3016c3b-fcb,Madhya Pradesh,Indore,Indore,,Confirmed (pin + address agree)
cus_e307085f-ef3,Kerala,Kozhikode,Icchannur,Arappeedika,From pin only
cus_e31728b3-2af,Maharashtra,Thane,Thane,Majiwada,From sheet text only
cus_e32194f0-8d4,Madhya Pradesh,Ujjain,Nagda,Dayanand Colony,Confirmed (pin + address agree)
cus_e32f46af-a1b,Madhya Pradesh,Bhopal,Bhopal,Old Subhash Nagar,Confirmed (pin + address agree)
cus_e34a9174-37c,Maharashtra,Mumbai,Mumbai,Borivali West,Confirmed (pin + address agree)
cus_e34d8787-09a,Kerala,Kannur,Panoor,,Check: pin and address disagree
cus_e356d98d-6a6,Rajasthan,Tonk,Tonk,Kha Ngar,Confirmed (pin + address agree)
cus_e3757dcc-4fa,Madhya Pradesh,Hoshangabad,Narmadapuram,Malakhedi,Confirmed (pin + address agree)
cus_e387c8fe-106,Madhya Pradesh,Jabalpur,Barela,,Check: pin and address disagree
cus_e3902dff-03a,Odisha,Cuttack,Bhairpur,,Check: pin and address disagree
cus_e396d10c-44e,Rajasthan,Jaipur,Jaipur,Raja Park,From address only (no pin)
cus_e397a11b-9e2,Odisha,Koraput,Jeypore,Bikram Nagar,Confirmed (pin + address agree)
cus_e39aedae-78d,Madhya Pradesh,Bhopal,Bhopal,Gulmohar Colony,Confirmed (pin + address agree)
cus_e39b7bad-579,Madhya Pradesh,Indore,Indore,Hakimi Bagh,Confirmed (pin + address agree)
cus_e39c0ca9-3be,Maharashtra,Thane,Badlapur,Katrap,Confirmed (pin + address agree)
cus_e39c31eb-94e,Maharashtra,Thane,Badlapur,Manjarli,Confirmed (pin + address agree)
cus_e39e61b8-da7,Maharashtra,Palghar,Nala Sopara,Nalasopara East,From sheet text only
cus_e3a1a32f-c9f,Kerala,Kannur,Kuthuparamba,,Confirmed (pin + address agree)
cus_e3a50808-cb8,Maharashtra,Thane,Murbad,Additional MIDC,Confirmed (pin + address agree)
cus_e3c8eb6e-3cc,Kerala,Kozhikode,Kannookkara,Madappallly,From pin only
cus_e3cdf27b-4d1,Rajasthan,Ajmer,Ajmer,Bapu Nagar,Confirmed (pin + address agree)
cus_e3dbff8a-141,Maharashtra,Thane,Thane,Thane West,Confirmed (pin + address agree)
cus_e3e368bb-7b7,Odisha,Cuttack,Cuttack,Chaudwar,From sheet text only
cus_e3e4f2f6-46a,Rajasthan,Bhilwara,Bhilwara,Bhopal Ganj,From address only (no pin)
cus_e3e4f344-9de,Rajasthan,Tonk,Tonk,Subhash Bazar,Confirmed (pin + address agree)
cus_e3f321df-476,Maharashtra,Thane,Dombivli,Dombivli East,Confirmed (pin + address agree)
cus_e3f47582-977,Maharashtra,Thane,Ulhasnagar,Vitthalwadi,Confirmed (pin + address agree)
cus_e406634a-4d5,Maharashtra,Mumbai,Mumbai,Kandivali West,Confirmed (pin + address agree)
cus_e4073ef8-432,Odisha,Cuttack,Urali,Chaudwar,From pin only
cus_e4183376-86d,Rajasthan,Jaipur,Jaipur,Sitapura,From pin only
cus_e41856fa-b90,Madhya Pradesh,Jabalpur,Jabalpur,Karmeta,Confirmed (pin + address agree)
cus_e41d853d-0bc,Kerala,Idukki,Thodupuzha,,Confirmed (pin + address agree)
cus_e42787c7-d38,Kerala,Kannur,Thalassery,Swamikunnu,From pin only
cus_e43320b0-57b,Madhya Pradesh,Indore,Indore,Mahalaxmi Nagar,Check: pin and address disagree
cus_e441b00d-1fc,Goa,South Goa,Madgaon,Navelim,Confirmed (pin + address agree)
cus_e4494da7-71b,Maharashtra,Palghar,Nala Sopara,,From sheet text only
cus_e44a1fb3-679,Rajasthan,Jaipur,Jaipur,Malviya Nagar,Confirmed (pin + address agree)
cus_e44fbfb4-d09,Kerala,Kasargod,Kasaragod,,From pin only
cus_e45ba8cc-9ba,Rajasthan,Jaipur,Jaipur,Govindpuri,Confirmed (pin + address agree)
cus_e469b2db-437,Maharashtra,Pune,Pimpri-Chinchwad,,Check: pin and address disagree
cus_e47761d5-93a,Rajasthan,Jaipur,Jaipur,Jagatpura,Confirmed (pin + address agree)
cus_e47b4b52-4fe,Rajasthan,Jaipur,Jaipur,Brijlalpura,Check: pin and address disagree
cus_e47f160e-841,Odisha,Dhenkanal,Kaimati,Gobindpur,From pin only
cus_e484ba31-37c,Rajasthan,Bhilwara,Bhilwara,Pratap Nagar,Confirmed (pin + address agree)
cus_e4a31e3a-043,Rajasthan,Kota,Kota,Talwandi,Confirmed (pin + address agree)
cus_e4b07826-a15,Maharashtra,Thane,Dombivli,Dombivli East,Confirmed (pin + address agree)
cus_e4bd4969-eb9,Rajasthan,Jaipur,Jaipur,Bhakrota,Confirmed (pin + address agree)
cus_e4bfe987-173,Kerala,Kottayam,Kottayam,Kanjikuzhi,Confirmed (pin + address agree)
cus_e4cd90e7-960,Maharashtra,Raigad,Raigad,Panvel,Confirmed (pin + address agree)
cus_e4dda3e2-0d0,Odisha,Jagatsinghapur,Tirtol,,Confirmed (pin + address agree)
cus_e4e1099c-608,Madhya Pradesh,Dhar,Pithampur,Ram Ratan Patel Nagar,Confirmed (pin + address agree)
cus_e4eb2046-d95,Madhya Pradesh,Mandsaur,Mandsaur,,From pin only
cus_e4ef2bc5-a04,Maharashtra,Palghar,Vasai,Vasai West,Confirmed (pin + address agree)
cus_e4f6c7fd-e02,Maharashtra,Palghar,Nala Sopara,,From pin only
cus_e51a3eb8-6c1,Rajasthan,Barmer,Barmer,Jatiyon Ka Bas,Confirmed (pin + address agree)
cus_e527fdb1-228,Rajasthan,Ajmer,Ajmer,Rawat Nagar,Confirmed (pin + address agree)
cus_e52c38da-7df,Maharashtra,Mumbai,Mumbai,Jogeshwari West,Confirmed (pin + address agree)
cus_e5461e62-600,Rajasthan,Jaipur,Jaipur,Sushilpura,Confirmed (pin + address agree)
cus_e5576e1b-3bc,Maharashtra,Pune,Pune,Bhawani Peth,Confirmed (pin + address agree)
cus_e55b43f2-03e,Madhya Pradesh,Dewas,Dewas,Trilok Nagar,Confirmed (pin + address agree)
cus_e56795fc-bf2,Madhya Pradesh,Indore,Indore,,Check: pin and address disagree
cus_e581df7a-2ff,Maharashtra,Mumbai,Mumbai,Malad West,Check: pin and address disagree
cus_e5828d6d-21d,Odisha,Sambalpur,Sambalpur,Bareipali,Confirmed (pin + address agree)
cus_e591178b-d89,Maharashtra,Raigad,Raigad,Kharghar,Confirmed (pin + address agree)
cus_e59521dc-d4a,Maharashtra,Nagpur,Nagpur,Somalwada,Confirmed (pin + address agree)
cus_e5b6b054-442,Madhya Pradesh,Bhopal,Bhopal,,From sheet text only
cus_e5ba31ae-b9e,Maharashtra,Thane,Ulhasnagar,Vitthalwadi,Confirmed (pin + address agree)
cus_e5c2a966-b3b,Madhya Pradesh,Jabalpur,Jabalpur,Vikas Nagar,Confirmed (pin + address agree)
cus_e5c64c2f-59e,Maharashtra,Palghar,Nala Sopara,Nalasopara East,From sheet text only
cus_e5cadf50-ad1,Maharashtra,Thane,Thane,Thane West,Confirmed (pin + address agree)
cus_e5d06efd-541,Maharashtra,Mumbai,Mumbai,Jogeshwari West,Confirmed (pin + address agree)
cus_e5d1ef4a-ccd,Rajasthan,Jaipur,Jaipur,Modikhana,Confirmed (pin + address agree)
cus_e5d4dcde-b42,Rajasthan,Jaipur,Jaipur,,Check: pin and address disagree
cus_e5d60a53-ef1,Odisha,Cuttack,Cuttack,LIC Colony,Confirmed (pin + address agree)
cus_e5dde01d-b8c,Maharashtra,Mumbai,Mumbai,Malad West,Confirmed (pin + address agree)
cus_e5e25b02-577,Maharashtra,Akola,Akola,Baid Pura,Confirmed (pin + address agree)
cus_e60baa98-a04,Rajasthan,Jaipur,Jaipur,Murlipura,Confirmed (pin + address agree)
cus_e6191c48-ee3,Maharashtra,Palghar,Vasai,,Confirmed (pin + address agree)
cus_e6217493-bc1,Madhya Pradesh,Indore,Indore,,From sheet text only
cus_e62b234a-0d9,Maharashtra,Palghar,Dahanu,Malyan,From address only (no pin)
cus_e6389603-65a,Maharashtra,Chandrapur,Chandrapur,,From address only (no pin)
cus_e64750cf-bb0,Rajasthan,Kota,Kota,Chawani,From address only (no pin)
cus_e6495a67-8a0,Madhya Pradesh,Ratlam,Ratlam,Alkapuri,Confirmed (pin + address agree)
cus_e66adf2b-231,Rajasthan,Jaipur,Jaipur,Sodala,Confirmed (pin + address agree)
cus_e66b7c02-24c,Odisha,Bargarh,Bargarh,,Confirmed (pin + address agree)
cus_e66c9a0c-2d5,Maharashtra,Thane,Kalyan,Kalyan East,Confirmed (pin + address agree)
cus_e67632a0-5b1,Rajasthan,Jaipur,Jaipur,Sushilpura,Confirmed (pin + address agree)
cus_e67709e1-172,Maharashtra,Mumbai,Mumbai,Kandivali West,Check: pin and address disagree
cus_e684a1dd-ed0,Kerala,Kannur,Mattannur,Mattanur,Confirmed (pin + address agree)
cus_e6924ee0-342,Maharashtra,Thane,Kalyan,Dudh Nakah,Confirmed (pin + address agree)
cus_e6b1f1c8-989,Kerala,Kozhikode,Payyoli,,Confirmed (pin + address agree)
cus_e6b926ac-5ae,Maharashtra,Thane,Ambernath,Additional M.I.D.C,Confirmed (pin + address agree)
cus_e6c46033-250,Madhya Pradesh,Jabalpur,Jabalpur,Karmeta,Confirmed (pin + address agree)
cus_e6ccb7a3-5e3,Madhya Pradesh,Indore,Indore,Janata Colony,Confirmed (pin + address agree)
cus_e6ce5190-300,Maharashtra,Mumbai,Mumbai,Goregaon West,Confirmed (pin + address agree)
cus_e6d13efe-569,Madhya Pradesh,Bhopal,Bhopal,Maharana Pratap Nagar,Confirmed (pin + address agree)
cus_e6de58fb-3c5,Kerala,Kozhikode,Kallachi,,Confirmed (pin + address agree)
cus_e6f0cd2d-8ea,Maharashtra,Nagpur,Nagpur,Manewada,Check: pin and address disagree
cus_e6f5e746-964,Madhya Pradesh,Indore,Indore,Loknayak Nagar,Confirmed (pin + address agree)
cus_e6f724f3-8bc,Maharashtra,Thane,Kalyan,,From sheet text only
cus_e6f929ba-3d0,Maharashtra,Mumbai,Mumbai,Ghatkopar,Not locatable
cus_e6fe4e6b-c05,Madhya Pradesh,Raisen,Bhopal,Mandideep,Confirmed (pin + address agree)
cus_e7103dcb-90d,Maharashtra,Mumbai,Mumbai,Malad East,Confirmed (pin + address agree)
cus_e7143d9a-9d6,Rajasthan,Jaipur,Jaipur,Pratap Nagar,Confirmed (pin + address agree)
cus_e71751a1-03c,Maharashtra,Palghar,Virar,Chandansar,Confirmed (pin + address agree)
cus_e72384dc-fc1,Madhya Pradesh,Jabalpur,Jabalpur,Shastri Nagar,Confirmed (pin + address agree)
cus_e72dad81-831,Rajasthan,Ajmer,Ajmer,Vaishali Nagar,Confirmed (pin + address agree)
cus_e7321063-52a,Chhattisgarh,Durg,Durg,Shanichari Bazar,From address only (no pin)
cus_e753bdba-5fd,Madhya Pradesh,Indore,Santer,Dr. Ambedkar Nagar (Mhow),From pin only
cus_e75b0be3-db1,Maharashtra,Thane,Dombivli,Dombivli East,Confirmed (pin + address agree)
cus_e7646e8d-4cb,Madhya Pradesh,Bhopal,Bhopal,Bairagarh,Confirmed (pin + address agree)
cus_e781ed0e-2c6,Kerala,Kottayam,Changanassery,Perunna,Confirmed (pin + address agree)
cus_e798ad08-b48,Maharashtra,Raigad,Raigad,Panvel,Confirmed (pin + address agree)
cus_e7a12918-db0,Madhya Pradesh,Bhopal,Bhopal,,From sheet text only
cus_e7a8b805-bba,Rajasthan,Kota,Kota,Electricity Board Area,From pin only
cus_e7ab48d7-2f4,Maharashtra,Nagpur,Nagpur,Dharampeth,Confirmed (pin + address agree)
cus_e7ac74c8-632,Madhya Pradesh,Jabalpur,Jabalpur,Bengali Colony,Confirmed (pin + address agree)
cus_e7b41ee7-1ed,Rajasthan,Jaipur,Chomu,Naya BaJar,Confirmed (pin + address agree)
cus_e7b5ab25-c09,Rajasthan,Ajmer,Chawandiya,,Check: pin and address disagree
cus_e7b6dc86-45c,Odisha,Cuttack,Athagarh,,Confirmed (pin + address agree)
cus_e7c72bbb-3b7,Kerala,Thiruvananthapuram,Thiruvananthapuram,Ambalamukku,Check: pin and address disagree
cus_e7cfe946-634,Rajasthan,Bundi,Bundi,Teerath,Confirmed (pin + address agree)
cus_e7da05be-aff,Maharashtra,Chandrapur,Chandrapur,Bazar Ward,Confirmed (pin + address agree)
cus_e7debbc6-99c,Rajasthan,Jaipur,Jaipur,Jhotwara,Confirmed (pin + address agree)
cus_e7e6ddbf-382,Maharashtra,Pune,Pimpri-Chinchwad,Moshi,From sheet text only
cus_e7e8e140-1e2,Madhya Pradesh,East Nimar,Khandwa,Ghaspura,Confirmed (pin + address agree)
cus_e7ec6b71-3da,Madhya Pradesh,Betul,Betul,Kothi Bazar,Confirmed (pin + address agree)
cus_e7ed46ff-826,Rajasthan,Kota,Kota,Electricity Board Area,Confirmed (pin + address agree)
cus_e7ede58f-654,Madhya Pradesh,Jabalpur,Jabalpur,Adhartal,Confirmed (pin + address agree)
cus_e7ff7f2a-1ba,Maharashtra,Mumbai,Mumbai,Jogeshwari West,Confirmed (pin + address agree)
cus_e80d5ec3-b42,Odisha,Cuttack,Athagarh,Mahidharpur,From pin only
cus_e80eb677-a62,Kerala,Kannur,Kidanhi,Eramala,Confirmed (pin + address agree)
cus_e81e82dc-7c9,Odisha,Khorda,Bhubaneswar,Rasulgarh,From address only (no pin)
cus_e82c0183-408,Kerala,Thrissur,Thrissur,Pallikkulam,From address only (no pin)
cus_e83a712b-061,Maharashtra,Amravati,Amravati,Juni Kotwali,Confirmed (pin + address agree)
cus_e8568499-3ef,Maharashtra,Pune,Pune,Rameshwar Chouk,Confirmed (pin + address agree)
cus_e85b4467-941,Maharashtra,Palghar,Boisar,Katkar,From address only (no pin)
cus_e865ba60-0aa,Maharashtra,Mumbai,Mumbai,Kandivali East,Confirmed (pin + address agree)
cus_e87ca94e-570,Maharashtra,Thane,Mumbai,Hanuman Nagar,Check: pin and address disagree
cus_e87e516e-e91,Madhya Pradesh,Raisen,Manpur,,Confirmed (pin + address agree)
cus_e8829a59-07e,Maharashtra,Mumbai,Mumbai,Kandivali West,Confirmed (pin + address agree)
cus_e89d298d-5e5,Rajasthan,Jaipur,Jaipur,Pratap Nagar,Check: pin and address disagree
cus_e8a0532c-dec,Rajasthan,Jaipur,Jaipur,Sindhi Colony,Confirmed (pin + address agree)
cus_e8a10502-645,Maharashtra,Thane,Ambernath,New Balaji Nagar,Confirmed (pin + address agree)
cus_e8abdc3a-541,Odisha,Khorda,Bhubaneswar,Bhubanpur,Confirmed (pin + address agree)
cus_e8c9ee95-ca6,Kerala,Ernakulam,Kothamangalam,Thankalam,Confirmed (pin + address agree)
cus_e8cb4b5a-bf5,Madhya Pradesh,West Nimar,Khargone,Vishwa Sakha Nagar,Check: pin and address disagree
cus_e8ce0e64-28f,Madhya Pradesh,East Nimar,Khandwa,Ghaspura,Check: pin and address disagree
cus_e8dd4458-18a,Maharashtra,Thane,Dombivli,Devicha Pada,Confirmed (pin + address agree)
cus_e8e470a4-002,Maharashtra,Pune,Pune,Ganj Peth,Confirmed (pin + address agree)
cus_e8e908a3-563,Madhya Pradesh,Indore,Indore,Musakhedi,Confirmed (pin + address agree)
cus_e909a612-ad7,Madhya Pradesh,Indore,Indore,Sudama Nagar,Confirmed (pin + address agree)
cus_e91e3033-bd2,Maharashtra,Palghar,Vasai,Naigaon West,Confirmed (pin + address agree)
cus_e91f89d8-fed,Maharashtra,Mumbai,Mumbai,Borivali West,Confirmed (pin + address agree)
cus_e9298a98-bed,Odisha,Sundergarh,Rourkela,Udit Nagar,From address only (no pin)
cus_e92ad253-9f2,Kerala,Idukki,Thodupuzha,,Confirmed (pin + address agree)
cus_e93c62d5-189,Madhya Pradesh,Chhindwara,Chhindwara,Rautha Wada,Confirmed (pin + address agree)
cus_e93cc871-a4d,Maharashtra,Nagpur,Matkazari,,Confirmed (pin + address agree)
cus_e9473749-c7c,Rajasthan,Barmer,Barmer,Kothwali,From address only (no pin)
cus_e94d601d-a66,Maharashtra,Nagpur,Nagpur,Somalwada,Confirmed (pin + address agree)
cus_e952d38b-abf,Madhya Pradesh,Indore,Indore,Gandhi Nagar,Confirmed (pin + address agree)
cus_e964845d-99c,Odisha,Bargarh,Bargarh,,From sheet text only
cus_e9734a8b-0a8,Rajasthan,Jaipur,Kookas,Sai Dham Colony,From address only (no pin)
cus_e983ee8b-f21,Madhya Pradesh,Indore,Indore,Ada Bazar,Confirmed (pin + address agree)
cus_e988bff2-160,Kerala,Alappuzha,Kattanam,Bharanikkavu,Confirmed (pin + address agree)
cus_e98b6072-487,Maharashtra,Palghar,Vasai,,From pin only
cus_e98eea05-593,Madhya Pradesh,Bhopal,Bhopal,Ayodhya Nagar,Confirmed (pin + address agree)
cus_e9921a26-8c0,Kerala,Thiruvananthapuram,Thiruvananthapuram,Pettah,Confirmed (pin + address agree)
cus_e9ab1114-a6b,Madhya Pradesh,Indore,Indore,Nipania,Confirmed (pin + address agree)
cus_e9ba9c2b-238,Maharashtra,Nagpur,Nagpur,Taj Bagh,Confirmed (pin + address agree)
cus_e9c4b77f-1ef,Maharashtra,Thane,Ulhasnagar,,From sheet text only
cus_e9e3faad-603,Kerala,Idukki,Thodupuzha,,Confirmed (pin + address agree)
cus_e9ed71bb-9f7,Maharashtra,Kolhapur,Gandhinagar,,Confirmed (pin + address agree)
cus_ea074400-992,Madhya Pradesh,Indore,Indore,Swadesh Nagar,Confirmed (pin + address agree)
cus_ea08d304-aa2,Rajasthan,Kota,Kota,Electricity Board Area,Confirmed (pin + address agree)
cus_ea0ef448-4e5,Kerala,Kozhikode,Kozhikode,Bilathikkulam,Confirmed (pin + address agree)
cus_ea224163-db3,Madhya Pradesh,Indore,Indore,,Confirmed (pin + address agree)
cus_ea643ea6-73c,Odisha,Khorda,Bhubaneswar,Khandagiri,Confirmed (pin + address agree)
cus_ea66d858-fbf,Kerala,Kannur,Thalassery,Thuvakkunnu,From pin only
cus_ea6aa748-d8e,Madhya Pradesh,Indore,Indore,Indore Khajrana,Confirmed (pin + address agree)
cus_ea90499d-454,Maharashtra,Thane,Dombivli,Dombivli West,Confirmed (pin + address agree)
cus_ea9d48f7-0a6,Maharashtra,Gadchiroli,Gadchiroli,Gokul Nagar,Confirmed (pin + address agree)
cus_eaa2bd3e-56a,Maharashtra,Jalgaon,Jalgaon,Rampeth,From address only (no pin)
cus_eaa362a3-022,Maharashtra,Thane,Thane,Thane West,Confirmed (pin + address agree)
cus_eab34001-d79,Maharashtra,Palghar,Boisar,,From sheet text only
cus_eab4aaf8-4c2,Maharashtra,Pune,Pune,Wagholi,Confirmed (pin + address agree)
cus_eaca5aaf-dae,Maharashtra,Palghar,Vasai,Vasai West,From sheet text only
cus_eacef436-d3a,Maharashtra,Palghar,Vasai,Vasai East,Confirmed (pin + address agree)
cus_eadf6f09-449,Maharashtra,Mumbai,Mumbai,Kandivali West,Confirmed (pin + address agree)
cus_eae2b200-fd9,Maharashtra,Palghar,Vasai,Golani Naka,Confirmed (pin + address agree)
cus_eaf13ec0-c88,Maharashtra,Aurangabad,Waluj,,From sheet text only
cus_eb0bed7e-7fd,Maharashtra,Palghar,Mira-Bhayandar,,Check: pin and address disagree
cus_eb18df67-a30,Kerala,Kozhikode,Vatakara,Edodi,Confirmed (pin + address agree)
cus_eb24d1cf-d21,Gujarat,Rajkot,Shapar,Veraval,Check: pin and address disagree
cus_eb282c7b-b0c,Maharashtra,Thane,Ulhasnagar,Krishna Nagar,Confirmed (pin + address agree)
cus_eb2dedd5-acf,Maharashtra,Palghar,Vasai,,From pin only
cus_eb341cf1-539,Rajasthan,Tonk,Tonk,Kha Ngar,Confirmed (pin + address agree)
cus_eb41e67c-f34,Gujarat,Rajkot,Rajkot,,Confirmed (pin + address agree)
cus_eb4f1ddf-f36,Kerala,Kozhikode,Kozhikode,Vadakara,From address only (no pin)
cus_eb50ed69-d85,Maharashtra,Thane,Badlapur,Joveli Gaon,Confirmed (pin + address agree)
cus_eb5857fb-cb3,Madhya Pradesh,Indore,Indore,Tilak Nagar,Confirmed (pin + address agree)
cus_eb7b43a8-eb1,Rajasthan,Jaipur,Jaipur,Hasanpura,Confirmed (pin + address agree)
cus_eb7f828f-386,Maharashtra,Palghar,Vasai,,From pin only
cus_ebaddf75-069,Kerala,Kozhikode,Maniyur,Gmh3Q52,Confirmed (pin + address agree)
cus_ebba23ad-666,Maharashtra,Yavatmal,Yavatmal,Pangari,Confirmed (pin + address agree)
cus_ebc4a131-fdb,Maharashtra,Palghar,Nala Sopara,,From pin only
cus_ebc753f8-76c,Madhya Pradesh,Hoshangabad,Masangaon,,Check: pin and address disagree
cus_ebc76914-9b7,Odisha,Dhenkanal,Dhenkanal,Meena Bazar,Confirmed (pin + address agree)
cus_ebc9788e-315,Madhya Pradesh,Indore,Indore,Badi Bhamori,Confirmed (pin + address agree)
cus_ebd37013-56b,Madhya Pradesh,Bhopal,Bhopal,Indrapuri,Confirmed (pin + address agree)
cus_ebd6ebc4-706,Kerala,Thiruvananthapuram,Thiruvananthapuram,Vanchiyoor,Confirmed (pin + address agree)
cus_ebe24825-dd4,Rajasthan,Ajmer,Ajmer,Bhajan Ganj,From address only (no pin)
cus_ebe9acf1-df0,Maharashtra,Palghar,Nala Sopara,Nalasopara East,Confirmed (pin + address agree)
cus_ebff8e89-727,Maharashtra,Thane,Ulhasnagar,Kailash Colony,Confirmed (pin + address agree)
cus_ec086789-655,Odisha,Ganjam,Brahmapur,Brajanagar,Confirmed (pin + address agree)
cus_ec176291-553,Kerala,Alappuzha,Alappuzha,Anantha Narayanapuram,Confirmed (pin + address agree)
cus_ec199522-0f0,Dadra and Nagar Haveli and Daman and Diu,Daman,Daman,Somnath,From pin only
cus_ec33e575-9c2,Maharashtra,Solapur,Solapur,Walsang,From pin only
cus_ec3ebd16-7b7,Maharashtra,Pune,Pune,Mundhwa,Confirmed (pin + address agree)
cus_ec423d62-b18,Madhya Pradesh,Jabalpur,Jabalpur,Laxmipur,Confirmed (pin + address agree)
cus_ec4942a3-6f4,Rajasthan,Jaipur,Jaipur,Nindar,From pin only
cus_ec4eda23-d43,Madhya Pradesh,Indore,Indore,Kanadiya,From pin only
cus_ec8bff67-699,Odisha,Bargarh,Bargarh,,Confirmed (pin + address agree)
cus_ec8e3433-ff1,Madhya Pradesh,Dewas,Dewas,Gomti Nagar,Confirmed (pin + address agree)
cus_ec900cdc-f53,Madhya Pradesh,Raisen,Raisen,Patel nagar,Confirmed (pin + address agree)
cus_ec912f74-7ed,Gujarat,Rajkot,Shapar,,Check: pin and address disagree
cus_ec937d7d-98b,Odisha,Khorda,Bhubaneswar,VSS Nagar,Confirmed (pin + address agree)
cus_ec96335d-be6,Maharashtra,Thane,Ambernath,Kansai Section,Confirmed (pin + address agree)
cus_ec96c49f-56f,Maharashtra,Nagpur,Nagpur,Itwari,Confirmed (pin + address agree)
cus_ec98d12a-f15,Kerala,Kannur,Thalassery,Kadirur,From pin only
cus_eca5ef9c-a06,Maharashtra,Thane,Bhiwandi,Dapode,From address only (no pin)
cus_eca9499c-4af,Madhya Pradesh,Indore,Indore,,From sheet text only
cus_ecb526c8-c92,Madhya Pradesh,Indore,Indore,Palda,Confirmed (pin + address agree)
cus_ecdd3b15-c3c,Maharashtra,Thane,Dombivli,Vikas Naka,Confirmed (pin + address agree)
cus_ece69e6b-baf,Maharashtra,Thane,Shahapur,,From sheet text only
cus_ece7d056-125,Odisha,Ganjam,Hinjilicut,Hinjillikatu,Confirmed (pin + address agree)
cus_ece7d34f-2df,Maharashtra,Thane,Thane,,Check: pin and address disagree
cus_ecebfcd0-543,Kerala,Kottayam,Kizhaparayar,Pala,From pin only
cus_ecf9ef21-3c2,Madhya Pradesh,Indore,Indore,Vinoba Nagar,Confirmed (pin + address agree)
cus_ed1a9f83-17c,Maharashtra,Kolhapur,Kolhapur,Shahupuri,Confirmed (pin + address agree)
cus_ed2c40fd-feb,Madhya Pradesh,Indore,Indore,Siyaganj,Confirmed (pin + address agree)
cus_ed32d17c-79f,Madhya Pradesh,Indore,Indore,,Confirmed (pin + address agree)
cus_ed3b85b5-385,Maharashtra,Thane,Kalyan,,From pin only
cus_ed4a1049-26c,Maharashtra,Palghar,Nala Sopara,Nalasopara East,Confirmed (pin + address agree)
cus_ed4bfcca-61c,Madhya Pradesh,Indore,Indore,Sudama Nagar,Confirmed (pin + address agree)
cus_ed6de2d1-243,Maharashtra,Pune,Pune,Camp,Confirmed (pin + address agree)
cus_ed80594b-d66,Madhya Pradesh,Jabalpur,Jabalpur,Wright Town,Confirmed (pin + address agree)
cus_ed878ef5-588,Odisha,Bargarh,Bargarh,,Confirmed (pin + address agree)
cus_ed87cf97-80f,Odisha,Khorda,Puri,Pipili,Confirmed (pin + address agree)
cus_ed8a227f-d94,Maharashtra,Thane,Kalyan,Shivaji Colony,Confirmed (pin + address agree)
cus_eda3c4c3-691,Madhya Pradesh,Jabalpur,Jabalpur,Ghana,Confirmed (pin + address agree)
cus_eda75d23-29c,Kerala,Thiruvananthapuram,Pazhayakunnummel,,Confirmed (pin + address agree)
cus_eda7d83b-d30,Madhya Pradesh,Indore,Indore,Palsikar Colony,Confirmed (pin + address agree)
cus_edacce1b-59f,Maharashtra,Ratnagiri,Ratnagiri,Tilak Ali,From address only (no pin)
cus_edb2d135-760,Maharashtra,Palghar,Pali,Naigaon West,Check: pin and address disagree
cus_edc3fee8-138,Tamil Nadu,Nilgiris,Gudalur,,Confirmed (pin + address agree)
cus_edc57725-3b0,Kerala,Ernakulam,Ettumanoor,,From pin only
cus_edca96b6-0a3,Kerala,Thiruvananthapuram,Thiruvananthapuram,Valiyasalai,Confirmed (pin + address agree)
cus_edceb72f-6f1,Madhya Pradesh,Bhopal,Bhopal,Govindpura,Confirmed (pin + address agree)
cus_edd3a82a-92f,Rajasthan,Alwar,Alwar,Aravali Vihar,Confirmed (pin + address agree)
cus_edd65e03-348,Odisha,Khorda,Khordha,,Confirmed (pin + address agree)
cus_edddebfe-b35,Maharashtra,Nagpur,Nagpur,Gokulpeth,Confirmed (pin + address agree)
cus_edde80b2-19d,Rajasthan,Jhalawar,Kota,Rampura,Confirmed (pin + address agree)
cus_ede23f33-be3,Maharashtra,Nagpur,Nagpur,Narsala,From address only (no pin)
cus_edeaf416-179,Odisha,Khorda,Bhubaneswar,VSS Nagar,From address only (no pin)
cus_edec73db-052,Maharashtra,Thane,Bhiwandi,Dapode,Confirmed (pin + address agree)
cus_edecdbb0-c41,Madhya Pradesh,Dewas,Dewas,Gomti Nagar,Check: pin and address disagree
cus_edfac923-7a3,Rajasthan,Jhalawar,Jhalrapatan,,From address only (no pin)
cus_ee025b5f-f29,Kerala,Kozhikode,Purameri,Orkkatteri,From pin only
cus_ee042344-54b,Rajasthan,Tonk,Deoli,,Confirmed (pin + address agree)
cus_ee22a4a5-961,Rajasthan,Jaipur,Jaipur,Mansarovar,Confirmed (pin + address agree)
cus_ee28dd06-cef,Maharashtra,Buldhana,Buldhana,Mirza Nagar,Confirmed (pin + address agree)
cus_ee481163-c42,Rajasthan,Jaipur,Jaipur,Shyam Nagar,Confirmed (pin + address agree)
cus_ee51d391-eaf,Maharashtra,Palghar,Nala Sopara,Nalasopara West,From pin only
cus_ee59f80a-a9c,Madhya Pradesh,Indore,Indore,Kundan Nagar,Confirmed (pin + address agree)
cus_ee79d9ff-b22,Madhya Pradesh,Indore,Indore,,From sheet text only
cus_ee7e0bb2-2fd,Maharashtra,Pune,Pune,,From sheet text only
cus_ee8514f9-e15,Kerala,Kottayam,Kanjirappally,Kokkappally,From pin only
cus_ee8e2f35-6cf,Maharashtra,Thane,Dombivli,Dombivli West,Confirmed (pin + address agree)
cus_ee94f18b-d35,Maharashtra,Solapur,Solapur,Jule,Confirmed (pin + address agree)
cus_ee992b21-209,Maharashtra,Pune,Pune,Hadapsar,Confirmed (pin + address agree)
cus_eea42662-823,Madhya Pradesh,Indore,Indore,Palda,Confirmed (pin + address agree)
cus_eeb27458-fba,Rajasthan,Jaipur,Jaipur,Bhakrota,Confirmed (pin + address agree)
cus_eeb81a25-2e8,Odisha,Cuttack,Jagatpur,Gunjarpur,Confirmed (pin + address agree)
cus_eebd4884-be4,Maharashtra,Palghar,Vasai,Vasai East,Confirmed (pin + address agree)
cus_eebf22e8-2e2,Madhya Pradesh,Indore,Indore,Scheme 71,Confirmed (pin + address agree)
cus_eeda5389-c18,Maharashtra,Palghar,Vasai,,From sheet text only
cus_eee1cc9e-dd7,Kerala,Kottayam,Kottayam,Market,Confirmed (pin + address agree)
cus_ef14aba0-c2e,Maharashtra,Palghar,Vasai,Vasai East,Confirmed (pin + address agree)
cus_ef16c478-2da,Madhya Pradesh,Indore,Indore,Transport Nagar,Confirmed (pin + address agree)
cus_ef261f2a-2c1,Rajasthan,Jaipur,Jaipur,Pratap Nagar,Confirmed (pin + address agree)
cus_ef27df23-399,Maharashtra,Thane,Thane,,From sheet text only
cus_ef493a0a-6cc,Kerala,Kozhikode,Payyoli,,Confirmed (pin + address agree)
cus_ef4aee88-29c,Maharashtra,Palghar,Nala Sopara,,From pin only
cus_ef4bdad7-cf6,Madhya Pradesh,Indore,Indore,Gandhinagar (Indore),Confirmed (pin + address agree)
cus_ef53fa2f-038,Maharashtra,Palghar,Boisar,,From address only (no pin)
cus_ef545059-14d,Maharashtra,Raigad,Utekhol,,From address only (no pin)
cus_ef5e675b-c30,Kerala,Kannur,Kadachira,Kizhunna,Confirmed (pin + address agree)
cus_ef725ca7-065,Rajasthan,Kota,Kota,Electricity Board Area,Confirmed (pin + address agree)
cus_ef935424-819,Odisha,Angul,Talcher,,Confirmed (pin + address agree)
cus_efab7eec-388,Maharashtra,Palghar,Vasai,Vasai West,Confirmed (pin + address agree)
cus_efb05fa5-883,Maharashtra,Thane,Ulhasnagar,Krishna Nagar,Confirmed (pin + address agree)
cus_efb1170f-e54,Kerala,Kozhikode,Cherapuram,,From address only (no pin)
cus_efb2c032-8ae,Madhya Pradesh,Jabalpur,Jabalpur,Madan Mahal,Confirmed (pin + address agree)
cus_efb6f653-c89,Maharashtra,Thane,Ulhasnagar,,From sheet text only
cus_efb9e7d7-213,Madhya Pradesh,Bhopal,Bhopal,Misrod,Confirmed (pin + address agree)
cus_efbf8dad-1ab,Rajasthan,Jaipur,Jaipur,,From sheet text only
cus_efc1e539-3d1,Rajasthan,,,,From sheet text only
cus_efc28d5a-396,Maharashtra,Palghar,Mira-Bhayandar,Bhayandar West,Confirmed (pin + address agree)
cus_efce503f-50e,Goa,South Goa,Ponda,Khadpabandh,Confirmed (pin + address agree)
cus_efd0be9f-ed5,Maharashtra,Palghar,Nala Sopara,,From pin only
cus_efd21377-4ec,Maharashtra,Solapur,Solapur,,From sheet text only
cus_efd94242-e32,Kerala,Thiruvananthapuram,Thiruvananthapuram,Pappanamcode,From pin only
cus_efe6a044-d30,Madhya Pradesh,Dewas,Dewas,Gomti Nagar,Confirmed (pin + address agree)
cus_efeb1e65-e88,Kerala,Palakkad,Perintalmanna,Koppam,From pin only
cus_efff435f-08a,Madhya Pradesh,Bhopal,Bhopal,Jahangirabad,Confirmed (pin + address agree)
cus_f007a658-f99,Maharashtra,Solapur,Akluj,Savtamali Nagar,Check: pin and address disagree
cus_f00d18d0-4b1,Maharashtra,Mumbai,Mumbai,,From sheet text only
cus_f00e6e94-bd0,Kerala,Ernakulam,Kochi,Thrippunithura,Confirmed (pin + address agree)
cus_f010b647-0dc,Rajasthan,Jaipur,Jaipur,Pink City,Confirmed (pin + address agree)
cus_f0423bf1-5fa,Maharashtra,Palghar,Mira-Bhayandar,,Confirmed (pin + address agree)
cus_f04731d3-d69,Rajasthan,Jaipur,Chomu,Naya BaJar,Confirmed (pin + address agree)
cus_f051a7c8-c7d,Madhya Pradesh,Jabalpur,Jabalpur,Maheshpur,Confirmed (pin + address agree)
cus_f059a0c5-e2a,Rajasthan,Jaipur,Chomu,,Confirmed (pin + address agree)
cus_f05a1f45-d10,Madhya Pradesh,Sehore,Sehore,Avadhpuri Colony,Confirmed (pin + address agree)
cus_f05e2163-533,Maharashtra,Mumbai,Mumbai,Kandivali East,Confirmed (pin + address agree)
cus_f062d447-a03,Maharashtra,Buldhana,Buldhana,Sai Nagar,Confirmed (pin + address agree)
cus_f0670ff2-b9b,Maharashtra,Thane,Dombivli,Dombivli East,Confirmed (pin + address agree)
cus_f06996e2-7d2,Rajasthan,Jodhpur,Jodhpur,Jhalamand,Confirmed (pin + address agree)
cus_f0736f1c-cce,Rajasthan,Jaipur,Jaipur,Shyam Nagar,Confirmed (pin + address agree)
cus_f07672b3-d2d,Maharashtra,Kolhapur,Kolhapur,Manganwlar Peth,Confirmed (pin + address agree)
cus_f07c1108-3d1,Kerala,Kozhikode,Menhaniam,Chenoli,Confirmed (pin + address agree)
cus_f08026dc-116,Madhya Pradesh,Indore,Indore,Rau,Confirmed (pin + address agree)
cus_f08091ed-414,Rajasthan,Kota,Kota,Kota Industrial Area,Confirmed (pin + address agree)
cus_f08c300a-0d4,Maharashtra,Ratnagiri,Ratnagiri,Patwardhan Wadi,Confirmed (pin + address agree)
cus_f09df503-dfd,Maharashtra,Buldhana,Khamgaon,Baradari,Confirmed (pin + address agree)
cus_f0b95816-6f0,Rajasthan,Barmer,Barmer,Shastri Nagar,Confirmed (pin + address agree)
cus_f0c56bfa-ab7,Maharashtra,Thane,Kalyan,Bhoirwadi,Confirmed (pin + address agree)
cus_f0cdaf8f-5eb,Madhya Pradesh,Indore,Indore,Nagin Nagar,Confirmed (pin + address agree)
cus_f0f9f1f7-e08,Rajasthan,Chittorgarh,Chittorgarh,Nehru Bazar,Confirmed (pin + address agree)
cus_f11151a2-cd4,Kerala,Kozhikode,Payyoli,,Confirmed (pin + address agree)
cus_f11211a3-045,Maharashtra,Raigad,Khopoli,Yashwant Nagar,Confirmed (pin + address agree)
cus_f11b3e8a-55b,Maharashtra,Palghar,Kaman,Naigaon East,Check: pin and address disagree
cus_f12c6bb2-fe3,Madhya Pradesh,Jabalpur,Jabalpur,Gwarighat,Confirmed (pin + address agree)
cus_f1319e97-806,Maharashtra,Thane,Thane,,From sheet text only
cus_f13407f8-536,Madhya Pradesh,Indore,Indore,Barfani Dham,Confirmed (pin + address agree)
cus_f16b2df1-afa,Rajasthan,Pali,Pali,Keshav Nagar,Confirmed (pin + address agree)
cus_f17796ec-4a0,Madhya Pradesh,Sehore,Sehore,Chanakyapuri,Confirmed (pin + address agree)
cus_f188cb43-ec2,Kerala,Thrissur,Thrissur,Veliyannur,Confirmed (pin + address agree)
cus_f1a3941f-02f,Rajasthan,Jaipur,Jaipur,Jagatpura,From address only (no pin)
cus_f1b3346a-3d0,Madhya Pradesh,Bhopal,Ratibad,,Check: pin and address disagree
cus_f1c4db72-7d5,Maharashtra,Palghar,Nala Sopara,,From pin only
cus_f1d11c4f-eff,Maharashtra,Palghar,Vasai,,From sheet text only
cus_f1d4fc97-dd9,Karnataka,Bengaluru,Bengaluru,Kammanahalli,Confirmed (pin + address agree)
cus_f1f85294-87c,Maharashtra,Thane,Thane,Diva,Confirmed (pin + address agree)
cus_f204c7aa-64c,Madhya Pradesh,Betul,Betul,Kothi Bazar,Confirmed (pin + address agree)
cus_f210af88-050,Maharashtra,Thane,Thane,,From sheet text only
cus_f2163b00-176,Kerala,Kozhikode,Aroor,,Check: pin and address disagree
cus_f21aa183-a5a,Rajasthan,Chittorgarh,Chittorgarh,Shastri Nagar,Confirmed (pin + address agree)
cus_f21de9d7-72f,Madhya Pradesh,Jabalpur,Jabalpur,Sarvodaya Nagar,Confirmed (pin + address agree)
cus_f22f84db-84f,Maharashtra,Mumbai,Mumbai,Jogeshwari West,From address only (no pin)
cus_f2337a96-787,Maharashtra,Hingoli,Hingoli,,From sheet text only
cus_f23deb47-0aa,Madhya Pradesh,Indore,Bhatkhedi,,Confirmed (pin + address agree)
cus_f24a6381-5d6,Rajasthan,Ajmer,Ajmer,,Confirmed (pin + address agree)
cus_f2779bd0-a0f,Rajasthan,Jaipur,Jaipur,Kanakpura,Confirmed (pin + address agree)
cus_f28845c4-876,Maharashtra,Palghar,Vasai,,From pin only
cus_f29efc7e-9df,Madhya Pradesh,Indore,Mhow Gaon,Shanti Nagar,Confirmed (pin + address agree)
cus_f2aab762-ff4,Kerala,Alappuzha,Chengannur,Chengannur Part,From pin only
cus_f2c23004-d73,Kerala,Kozhikode,Cheruvannur,,Confirmed (pin + address agree)
cus_f2c304db-9ef,Madhya Pradesh,Indore,Indore,Chandan Nagar,Confirmed (pin + address agree)
cus_f2ce6e84-d5c,Maharashtra,Palghar,Virar,Virar East,Confirmed (pin + address agree)
cus_f2dfadcd-efd,Maharashtra,Nagpur,Nagpur,,Confirmed (pin + address agree)
cus_f2e01f99-d48,Madhya Pradesh,Indore,Indore,,Confirmed (pin + address agree)
cus_f2e1d850-d4b,Maharashtra,Nagpur,Nagpur,Zingabai Takli,Confirmed (pin + address agree)
cus_f2e860a9-670,Rajasthan,Jaipur,Jaipur,Vishwakarma Industrial Area,Confirmed (pin + address agree)
cus_f315b424-bb5,Goa,South Goa,Margao,Navelim,Confirmed (pin + address agree)
cus_f31c0dd1-e69,Kerala,Kasargod,Chengala,Cherkala,From pin only
cus_f31c2ed9-2b9,Maharashtra,Mumbai,Mumbai,Dahisar East,Confirmed (pin + address agree)
cus_f31d0bb5-add,Maharashtra,Pune,Pune,Manjari Budruk,From address only (no pin)
cus_f323a4fe-388,Kerala,Kozhikode,Vatakara,Edodi,Confirmed (pin + address agree)
cus_f32d5a2f-f9e,Maharashtra,Palghar,Vasai,Sativli,From sheet text only
cus_f3318cee-9fa,Odisha,Cuttack,Cuttack,Chaudwar,From sheet text only
cus_f337a3de-214,Madhya Pradesh,Indore,Indore,Siyaganj,Confirmed (pin + address agree)
cus_f346bc68-b37,Kerala,Kozhikode,Thamarassery,,From sheet text only
cus_f348bc77-962,Maharashtra,Pune,Pune,Manjari Budruk,From address only (no pin)
cus_f350dc44-655,Maharashtra,Amravati,Valgaon,,From sheet text only
cus_f356d9b0-0f8,Maharashtra,Palghar,Mira-Bhayandar,Bhayandar West,Confirmed (pin + address agree)
cus_f394b17f-ea7,Maharashtra,Nagpur,Nagpur,Chandan Nagar,Confirmed (pin + address agree)
cus_f39cecca-e51,Gujarat,Rajkot,Rajkot,Bhakti Nagar,Confirmed (pin + address agree)
cus_f3b158de-8f3,Madhya Pradesh,Dewas,Dewas,Gomti Nagar,Confirmed (pin + address agree)
cus_f3c6f573-c72,Maharashtra,Palghar,Vasai,Vasai East,Confirmed (pin + address agree)
cus_f3c91c4e-bb1,Odisha,Angul,Angul,,Confirmed (pin + address agree)
cus_f3d2ad4e-e52,Maharashtra,Mumbai,Mumbai,Andheri East,Check: pin and address disagree
cus_f3deacd4-8da,Rajasthan,Kota,Kota,Chawani,Confirmed (pin + address agree)
cus_f3eb76be-018,Maharashtra,Nagpur,Nagpur,Dharampeth,Confirmed (pin + address agree)
cus_f3ed8998-397,Kerala,Kozhikode,Ulliyeri,Ulliyeri SO,Confirmed (pin + address agree)
cus_f3fac63b-239,Rajasthan,Jhalawar,Jhalrapatan,,Confirmed (pin + address agree)
cus_f40b4434-7e7,Madhya Pradesh,Jabalpur,Sukha,,Confirmed (pin + address agree)
cus_f4100f70-933,Rajasthan,Jaipur,Jaipur,Brahampuri,Confirmed (pin + address agree)
cus_f419af89-cbe,Odisha,Cuttack,Bahadulapatna,,From sheet text only
cus_f41bd117-81a,Odisha,Bargarh,Dhanger,,Confirmed (pin + address agree)
cus_f423737c-3b5,Maharashtra,Thane,Bhiwandi,Purna,Confirmed (pin + address agree)
cus_f42bc2b8-f4b,Maharashtra,Thane,Thane,Thane West,Confirmed (pin + address agree)
cus_f44f590d-21f,Maharashtra,Palghar,Saravali,Pratapgarh,From address only (no pin)
cus_f4525982-a48,Rajasthan,Jaipur,Jaipur,Sanganer,Confirmed (pin + address agree)
cus_f463a0c8-a26,Maharashtra,Thane,Thane,Thane West,Confirmed (pin + address agree)
cus_f4693926-7fc,Maharashtra,Thane,Bhiwandi,,From sheet text only
cus_f4850f32-163,Madhya Pradesh,Jabalpur,Jabalpur,Gupta Colony,Confirmed (pin + address agree)
cus_f4890ad9-75e,Rajasthan,Jodhpur,Jodhpur,Sirodi,Confirmed (pin + address agree)
cus_f497512a-307,Rajasthan,Jodhpur,Jodhpur,Sirodi,Confirmed (pin + address agree)
cus_f49a19e4-49d,Maharashtra,Mumbai,Mumbai,Malad West,From pin only
cus_f49fb0de-9d0,Kerala,Thrissur,Thrissur,Punkunnam,Confirmed (pin + address agree)
cus_f4ac1d65-c51,Maharashtra,Raigad,Raigad,Taloja,Confirmed (pin + address agree)
cus_f4ace2fe-bfc,Maharashtra,Thane,Shahapur,Asangaon,Confirmed (pin + address agree)
cus_f4b6a848-a71,Madhya Pradesh,Indore,Indore,,From sheet text only
cus_f4c1d596-c9a,Maharashtra,Thane,Ambernath,,From sheet text only
cus_f4c39870-378,Madhya Pradesh,Indore,Indore,Rambali Nagar,Check: pin and address disagree
cus_f4c51882-ce0,Maharashtra,Mumbai,Mumbai,Kandivali West,Confirmed (pin + address agree)
cus_f4cb6e0d-0d1,Rajasthan,Pali,Raipur,,From address only (no pin)
cus_f4d43f8f-ff7,Rajasthan,Tonk,Tonk,Saadat Ganj,Confirmed (pin + address agree)
cus_f4d4e00a-761,Odisha,Ganjam,Chatrapur,Rama Krishna Nagar,Confirmed (pin + address agree)
cus_f4db5535-934,Rajasthan,Jaipur,Jaipur,Purani Basti,Confirmed (pin + address agree)
cus_f4e53f56-d54,Madhya Pradesh,Shahdol,Shahdol,Itwari Mohalla,Confirmed (pin + address agree)
cus_f4e7d6ed-146,Maharashtra,Jalgaon,Jalgaon,Rampeth,Confirmed (pin + address agree)
cus_f4f17080-828,Madhya Pradesh,Dewas,Dewas,Gomti Nagar,Confirmed (pin + address agree)
cus_f4f700ac-b21,Maharashtra,Thane,Dombivli,,Confirmed (pin + address agree)
cus_f4fd5222-c49,Madhya Pradesh,Indore,Indore,Hakimi Bagh,Confirmed (pin + address agree)
cus_f516ed16-f01,Rajasthan,Ajmer,Ajmer,Dargah Bazar,Confirmed (pin + address agree)
cus_f541d165-5e3,Madhya Pradesh,Ujjain,Mahidpur,,Confirmed (pin + address agree)
cus_f5464f14-e63,Rajasthan,Chittorgarh,Chittorgarh,Bapu Nagar,Confirmed (pin + address agree)
cus_f55ea0f6-d45,Kerala,Thiruvananthapuram,Thiruvananthapuram,,Confirmed (pin + address agree)
cus_f56084a1-e71,Odisha,Khorda,Bhubaneswar,,Check: pin and address disagree
cus_f560d1de-5ff,Maharashtra,Thane,Dombivli,Dombivli East,Confirmed (pin + address agree)
cus_f56bb31a-e11,Gujarat,Rajkot,Gondal,,From sheet text only
cus_f56c3964-f0e,Kerala,Ernakulam,Kochi,Kaloor,Confirmed (pin + address agree)
cus_f585bf3f-72d,Maharashtra,Palghar,Vasai,,From pin only
cus_f5952c84-cc5,Kerala,Alappuzha,Chengannur,,Confirmed (pin + address agree)
cus_f5a14342-17d,Maharashtra,Palghar,Nala Sopara,,From pin only
cus_f5a223ed-194,Maharashtra,Palghar,Virar,Virar East,From sheet text only
cus_f5add6d5-5be,Maharashtra,Palghar,Virar,Virar West,Confirmed (pin + address agree)
cus_f5bddfaf-5da,Madhya Pradesh,Indore,Indore,Mahalaxmi Nagar,Confirmed (pin + address agree)
cus_f5d514f5-2be,Rajasthan,Ajmer,Ajmer,Basant Vihar,Confirmed (pin + address agree)
cus_f5df1237-272,Maharashtra,Palghar,Palghar,Juna Palghar,From address only (no pin)
cus_f60da158-5a9,Maharashtra,Palghar,Boisar,Vanipada,From address only (no pin)
cus_f6183356-364,Madhya Pradesh,Raisen,Bhopal,Mandideep,From pin only
cus_f61d8b1b-534,Tamil Nadu,Nilgiris,Ooty,Davisdale,Check: pin and address disagree
cus_f61e3555-da2,Kerala,Pathanamthitta,Thiruvalla,,Confirmed (pin + address agree)
cus_f62177a8-4ce,Kerala,Kottayam,Poovarani,Pala,From pin only
cus_f63143d2-8aa,Rajasthan,Sikar,Reengus,Ringas,Confirmed (pin + address agree)
cus_f634494c-c56,Rajasthan,Nagaur,Parbatsar,,Confirmed (pin + address agree)
cus_f6366f1b-30c,Madhya Pradesh,Indore,Indore,,From sheet text only
cus_f65544ff-b94,Kerala,Palakkad,Ottappalam,,From pin only
cus_f65de074-a52,Rajasthan,Jaipur,Jaipur,Lal Dungri,Confirmed (pin + address agree)
cus_f666e4e4-d83,Rajasthan,Jaipur,Jaipur,Shastri Nagar,Confirmed (pin + address agree)
cus_f66758cd-c08,Madhya Pradesh,Indore,Indore,Brahm Bagh Colony,Confirmed (pin + address agree)
cus_f6951028-92b,Rajasthan,Kota,Kota,Bhimganj Mandi,Confirmed (pin + address agree)
cus_f713eb03-d30,Madhya Pradesh,Indore,Indore,Daulatganj,From address only (no pin)
cus_f7195fcc-343,Madhya Pradesh,Jabalpur,Jabalpur,South Civil Lines,Confirmed (pin + address agree)
cus_f719dcc3-358,Madhya Pradesh,Bhopal,Bhopal,Lalghati,Check: pin and address disagree
cus_f71a2875-9dc,Maharashtra,Palghar,Virar,,From pin only
cus_f722a2dd-ee6,Maharashtra,Palghar,Virar,Chandansar,Confirmed (pin + address agree)
cus_f72bf2d3-3ef,Maharashtra,Thane,Murbad,Shirgaon,Confirmed (pin + address agree)
cus_f767b0b3-8b2,Madhya Pradesh,Vidisha,Ganj Basoda,,Confirmed (pin + address agree)
cus_f768806a-2c7,Maharashtra,Pune,Pimpri-Chinchwad,Bhosari,From sheet text only
cus_f76c1482-df1,Maharashtra,Palghar,Dahanu,Malyan,From address only (no pin)
cus_f771c525-683,Maharashtra,Thane,Mankoli Naka,Mankoli Naka,Not locatable
cus_f771ffe7-f7e,Goa,North Goa,Panaji,Siridao,Confirmed (pin + address agree)
cus_f773dc37-3be,Madhya Pradesh,Jabalpur,Jabalpur,Hathital,Confirmed (pin + address agree)
cus_f77f41ed-189,Maharashtra,Thane,Wagle Estate,Wagle Estate,Not locatable
cus_f782ff4f-4bd,Kerala,Kozhikode,Thurayur,Kerala,From pin only
cus_f78522e1-565,Maharashtra,Nagpur,Nagpur,,From sheet text only
cus_f78ccd51-037,Rajasthan,Ajmer,Kharwa,,Confirmed (pin + address agree)
cus_f79202de-54e,Kerala,Kasargod,Kasaragod,,Confirmed (pin + address agree)
cus_f79b8fd3-ca2,Maharashtra,Sangli,Sangli,Khanbhag,From address only (no pin)
cus_f7b248e6-159,Maharashtra,Thane,Bhiwandi,,Confirmed (pin + address agree)
cus_f7b2db74-b16,Madhya Pradesh,Bhopal,Bhopal,Qazi Camp,Confirmed (pin + address agree)
cus_f7bd15d2-5ba,Maharashtra,Jalgaon,JalGoan,,From sheet text only
cus_f7c8efdd-6c0,Maharashtra,Palghar,Vasai,Vasai East,Confirmed (pin + address agree)
cus_f7d1fd26-51f,Dadra and Nagar Haveli and Daman and Diu,Daman,Marwad,Daman,Confirmed (pin + address agree)
cus_f7d2e5ca-5c1,Maharashtra,Palghar,Mira-Bhayandar,Bhayandar West,Confirmed (pin + address agree)
cus_f7e44b54-2c6,Kerala,Kozhikode,Mahe,,Check: pin and address disagree
cus_f7e89f07-b9a,Rajasthan,Jaipur,Jaipur,Bani Park,Confirmed (pin + address agree)
cus_f7ea6542-7a1,Madhya Pradesh,Jabalpur,Jabalpur,Adhartal,Confirmed (pin + address agree)
cus_f7fa683a-2ec,Rajasthan,Jhalawar,Kota,Rampura,Confirmed (pin + address agree)
cus_f7fa7d03-944,Maharashtra,Solapur,Barshi,Mangire Mala,Confirmed (pin + address agree)
cus_f7fdaca6-96f,Maharashtra,Jalgaon,Bhusawal,Kanhaya Kunj,From address only (no pin)
cus_f81429ae-9f9,Maharashtra,Ratnagiri,Rajapur,,From address only (no pin)
cus_f81a6f44-25c,Maharashtra,Wardha,Wardha,Sudampuri,Confirmed (pin + address agree)
cus_f81f43eb-e3f,Maharashtra,Mumbai,Mumbai,Borivali East,Confirmed (pin + address agree)
cus_f83eb79b-036,Madhya Pradesh,Indore,Indore,Rau,Confirmed (pin + address agree)
cus_f846b77b-541,Rajasthan,Jaipur,Jaipur,Shastri Nagar,Confirmed (pin + address agree)
cus_f85b9216-d25,Rajasthan,Jaipur,Jaipur,Vidyadhar Nagar,Confirmed (pin + address agree)
cus_f85dcb45-9ee,Karnataka,Bidar,Bidar,,From sheet text only
cus_f866930e-df7,Maharashtra,Mumbai,Mumbai,Kandivali East,Confirmed (pin + address agree)
cus_f86ee95b-f02,Kerala,Kozhikode,Kunnummal,Mullankunnu,From pin only
cus_f87ed192-f9e,Madhya Pradesh,Jabalpur,Jabalpur,South Civil Lines,Confirmed (pin + address agree)
cus_f891ffbf-ef1,Maharashtra,Thane,Dombivli,Dombivli East,Confirmed (pin + address agree)
cus_f8a40562-dc5,Maharashtra,Thane,Ambernath,,From sheet text only
cus_f8af971c-660,Maharashtra,Thane,Dombivli,Dombivli East,Confirmed (pin + address agree)
cus_f8b73759-f09,Rajasthan,Jaipur,Jaipur,Tonk Phatak,Confirmed (pin + address agree)
cus_f8b9db7d-88f,Rajasthan,Bhilwara,Bhilwara,Bhopal Ganj,Confirmed (pin + address agree)
cus_f8c1072b-c9f,Maharashtra,Palghar,Nala Sopara,,From pin only
cus_f8d04e69-60c,Rajasthan,Jaipur,Jaipur,,From sheet text only
cus_f8d7559a-7ea,Madhya Pradesh,Jabalpur,Jabalpur,Adhartal,Confirmed (pin + address agree)
cus_f8edac6f-7fe,Maharashtra,Raigad,Pen,Chinchpada,Confirmed (pin + address agree)
cus_f8ef7e4c-996,Maharashtra,Palghar,Vasai,Waliv,Confirmed (pin + address agree)
cus_f8efb80e-5f6,Madhya Pradesh,Hoshangabad,Itarsi,Itarasi,From pin only
cus_f8f238ea-5d4,Kerala,Thiruvananthapuram,Thiruvananthapuram,Chacka,Confirmed (pin + address agree)
cus_f91aa52d-ed5,Madhya Pradesh,Shahdol,Shahdol,Itwari Mohalla,Confirmed (pin + address agree)
cus_f9228b1f-458,Maharashtra,Ratnagiri,Lanja,,From address only (no pin)
cus_f92b15f9-d51,Madhya Pradesh,Jabalpur,Jabalpur,Adhartal,Confirmed (pin + address agree)
cus_f936debf-d07,Maharashtra,Pune,Pune,Mundhwa,Confirmed (pin + address agree)
cus_f976b9f1-0ea,Maharashtra,Raigad,Khopoli,Shri Ram Nagar,Confirmed (pin + address agree)
cus_f980b62d-72a,Maharashtra,Mumbai,Mumbai,Kandivali West,Confirmed (pin + address agree)
cus_f9af23d0-536,Maharashtra,Palghar,Nala Sopara,,From pin only
cus_f9c0c3ab-265,Maharashtra,Palghar,Manor,,From address only (no pin)
cus_f9c256ff-849,Kerala,Kasargod,Nileshwar,,Confirmed (pin + address agree)
cus_f9c70211-074,Odisha,Sambalpur,Sambalpur,Khetrajpur,Confirmed (pin + address agree)
cus_f9cf5089-02f,Kerala,Kannur,Chokli,Vayalalam,From pin only
cus_f9f2375e-251,Maharashtra,Nagpur,Nagpur,S R P Camp,Confirmed (pin + address agree)
cus_fa189180-6c0,Madhya Pradesh,Indore,Indore,Transport Nagar,Confirmed (pin + address agree)
cus_fa1d8969-a62,Odisha,Khorda,Bhubaneswar,Baragarh,Confirmed (pin + address agree)
cus_fa2929e9-d1d,Maharashtra,Palghar,Vasai,Vasai East,Confirmed (pin + address agree)
cus_fa2f0032-25a,Maharashtra,Raigad,Rasayani,Karade Kh,From pin only
cus_fa44ca7e-dbf,Rajasthan,Jaipur,Jaipur,Bajaj Nagar,Confirmed (pin + address agree)
cus_fa4d88dd-cc9,Uttar Pradesh,Budaun,Wazirganj,,From sheet text only
cus_fa4dd4b5-d24,Madhya Pradesh,Jabalpur,Jabalpur,Ganga Nagar,Confirmed (pin + address agree)
cus_fa573d57-d8f,Rajasthan,Jaipur,Jaipur,Sitapura,Confirmed (pin + address agree)
cus_fa6c5394-d8d,Maharashtra,Kolhapur,Gandhinagar,,Confirmed (pin + address agree)
cus_fa7d7495-4a4,Rajasthan,Ajmer,Ajmer,Panchsheel Nagar,Confirmed (pin + address agree)
cus_fa7f451c-d1f,Madhya Pradesh,Indore,Indore,Vaibhav Nagar Sector A,Confirmed (pin + address agree)
cus_fa91299b-0d1,Odisha,Khorda,Bhubaneswar,Laxmi Nagar,Confirmed (pin + address agree)
cus_fa972df5-6e0,Maharashtra,Osmanabad,Latur,Deep Jyoti Nagar,Confirmed (pin + address agree)
cus_fab1725c-a91,Maharashtra,Thane,Bhiwandi,Sonale Village,Confirmed (pin + address agree)
cus_fab534b6-be6,Madhya Pradesh,Indore,Indore,Vidur Nagar,Check: pin and address disagree
cus_fad1b776-e2d,Maharashtra,Palghar,Virar,Virar West,Confirmed (pin + address agree)
cus_fad89c16-45f,Kerala,Kozhikode,Azhiyur,Mhg3Vwp,Confirmed (pin + address agree)
cus_fadf1e62-489,Maharashtra,Nagpur,Nagpur,Kharbi,Confirmed (pin + address agree)
cus_fae7ab68-8c1,Maharashtra,Mumbai,Mumbai,,Confirmed (pin + address agree)
cus_faf01a82-cdd,Maharashtra,Thane,Bhiwandi,,From sheet text only
cus_faf4f792-5e4,Maharashtra,Chandrapur,Ballarpur,Ravindra Nagar Vard,Confirmed (pin + address agree)
cus_faf841d7-d3d,Kerala,Alappuzha,Mannar,,From address only (no pin)
cus_fb01a8cf-619,Maharashtra,Nagpur,Nagpur,Sitabuldi,From address only (no pin)
cus_fb1277dc-4be,Kerala,Kannur,Chokli,Palloor,From pin only
cus_fb328ad4-7cc,Maharashtra,Nagpur,Nagpur,Badil Kheda,From address only (no pin)
cus_fb3a5f0e-e8f,Odisha,Cuttack,Jagatpur,,From pin only
cus_fb438e8f-cbd,Maharashtra,Kolhapur,Gandhinagar,,Confirmed (pin + address agree)
cus_fb48a814-7cf,Maharashtra,Thane,Badlapur,Kulgaon,Confirmed (pin + address agree)
cus_fb50b942-188,Maharashtra,Nanded,Nanded,Harsh Nagar,Confirmed (pin + address agree)
cus_fb5195c5-045,Maharashtra,Satara,Phaltan,,From sheet text only
cus_fb640b73-8f8,Maharashtra,Thane,,,Not locatable
cus_fb67fe09-470,Kerala,Kozhikode,Iringannur,,Confirmed (pin + address agree)
cus_fb685982-7d1,Rajasthan,Jaipur,Jaipur,Bindayaka,Confirmed (pin + address agree)
cus_fb733e56-37b,Odisha,Cuttack,Cuttack,LIC Colony,Confirmed (pin + address agree)
cus_fb78c6ae-f28,Madhya Pradesh,Bhopal,Bhopal,Gandhi Nagar,From address only (no pin)
cus_fb8bd701-939,Madhya Pradesh,Indore,Indore,,Confirmed (pin + address agree)
cus_fb9794fa-f3c,Maharashtra,Pune,Pune,Wagholi,From address only (no pin)
cus_fb99b637-b92,Maharashtra,Gondia,Kudwa,Ramnagar,Confirmed (pin + address agree)
cus_fb9b5b19-b71,Maharashtra,Thane,Kalyan,Khadakpada,Confirmed (pin + address agree)
cus_fbaa5571-690,Rajasthan,Ajmer,Ajmer,Adarsh Nagar,Confirmed (pin + address agree)
cus_fbab10f3-a2a,Madhya Pradesh,Jabalpur,Jabalpur,Karmeta,Confirmed (pin + address agree)
cus_fbac0516-105,Maharashtra,Thane,Mira-Bhayandar,Bhayandar East,Confirmed (pin + address agree)
cus_fbb1b62d-690,Rajasthan,Ajmer,Ajmer,Vaishali Nagar,Confirmed (pin + address agree)
cus_fbb9f615-831,Rajasthan,Bhilwara,Bhilwara,Bhopal Ganj,Confirmed (pin + address agree)
cus_fbc51651-dab,Odisha,Sambalpur,Sambalpur,Panchagochhia,Confirmed (pin + address agree)
cus_fbc57863-be0,Maharashtra,Palghar,Nala Sopara,Nalasopara East,Confirmed (pin + address agree)
cus_fbc9e3a5-644,Maharashtra,Nagpur,Nagpur,Gandhibagh,Confirmed (pin + address agree)
cus_fbe00d79-596,Maharashtra,Palghar,Nala Sopara,,From pin only
cus_fbef16b2-3a2,Maharashtra,Solapur,Akkalkot,,From sheet text only
cus_fbfe6bdd-0ad,Rajasthan,Jaipur,Jaipur,Sindhi Colony,From address only (no pin)
cus_fc0570a8-bef,Madhya Pradesh,Indore,Mhow Gaon,Dharnaka,Confirmed (pin + address agree)
cus_fc080fae-da2,Odisha,Khorda,Bhubaneswar,Nayapalli,Confirmed (pin + address agree)
cus_fc130cb2-85f,Maharashtra,Palghar,Mira-Bhayandar,,Confirmed (pin + address agree)
cus_fc17c46a-5c2,Telangana,Hyderabad,Hydrabad,,From sheet text only
cus_fc33b7df-e6f,Dadra and Nagar Haveli and Daman and Diu,Daman,Vapi,Gidc,Confirmed (pin + address agree)
cus_fc3f1b14-364,Rajasthan,Ajmer,Kishangarh,,Confirmed (pin + address agree)
cus_fc41cde3-09f,Kerala,Thiruvananthapuram,Thiruvananthapuram,Chalai,Confirmed (pin + address agree)
cus_fc42b8e7-e10,Maharashtra,Solapur,Solapur,Sakhar Peth,Confirmed (pin + address agree)
cus_fc451b1f-fd9,Odisha,Cuttack,Cuttack,,From sheet text only
cus_fc53b43d-6ed,Maharashtra,Thane,Nevali,,From sheet text only
cus_fc57e4a7-69c,Rajasthan,Jaipur,Jaipur,Pink City,Confirmed (pin + address agree)
cus_fc5806b8-25a,Kerala,Kottayam,Chingavanam,Kuzhimattom,Confirmed (pin + address agree)
cus_fc584fa3-f93,Maharashtra,Thane,Badlapur,Manjarli,Confirmed (pin + address agree)
cus_fc619299-de4,Maharashtra,Palghar,Vasai,Naigaon East,Confirmed (pin + address agree)
cus_fc67975f-54c,Kerala,Kozhikode,Ulliyeri,Ulliyeri SO,Confirmed (pin + address agree)
cus_fc74fe29-539,Rajasthan,Kota,Kota,Mahaveer Nagar,Confirmed (pin + address agree)
cus_fc7b432f-8d8,Maharashtra,Palghar,Boisar,Sanjay Nagar,From address only (no pin)
cus_fc8f0413-76b,Kerala,Palakkad,Palakkad,Parakkunnam,Check: pin and address disagree
cus_fc93d934-a95,Odisha,Cuttack,Cuttack,Gobara,From sheet text only
cus_fc97bc9b-0e4,Maharashtra,Thane,Mira-Bhayandar,Bhayandar East,Confirmed (pin + address agree)
cus_fc982738-ec3,Odisha,Bargarh,Bargarh,,Confirmed (pin + address agree)
cus_fc999055-758,Maharashtra,Thane,Ulhasnagar,Ramayan Nagar,Confirmed (pin + address agree)
cus_fca694d4-ab6,Rajasthan,Jaipur,Jaipur,Civil Lines,Confirmed (pin + address agree)
cus_fca88179-c4d,Maharashtra,Kolhapur,Kolhapur,Laxmipuri,Confirmed (pin + address agree)
cus_fcae13a5-7c4,Maharashtra,Thane,Ulhasnagar,Vitthalwadi,From address only (no pin)
cus_fcb2676c-0a8,Rajasthan,Jaipur,Jaipur,Ramnagar,Confirmed (pin + address agree)
cus_fcd3df4d-c58,Rajasthan,Jaipur,Jaipur,Shyam Nagar,Confirmed (pin + address agree)
cus_fcd455ca-bd0,Madhya Pradesh,Guna,Guna,,From sheet text only
cus_fcd63b94-85d,Maharashtra,Thane,Badlapur,Belavali,Confirmed (pin + address agree)
cus_fcdf3e40-c2f,Kerala,Kottayam,Puthuppally,,Confirmed (pin + address agree)
cus_fcdf5b8d-f5e,Rajasthan,Jaipur,Jaipur,Vaishali Nagar,Confirmed (pin + address agree)
cus_fce034fa-408,Odisha,Cuttack,Cuttack,,From pin only
cus_fced25cc-4d7,Kerala,Idukki,Thodupuzha,Vpr47Mp,From pin only
cus_fcf9544f-601,Maharashtra,Thane,Ambernath,MIDC East,Confirmed (pin + address agree)
cus_fd09818b-745,Odisha,Jajapur,Byasanagar,W4Vjphj,Confirmed (pin + address agree)
cus_fd1e3126-426,Kerala,Thiruvananthapuram,Pazhayakunnummel,Kilimanoor,From pin only
cus_fd371d0e-45d,Odisha,Cuttack,Cuttack,Gandhi chowk,From sheet text only
cus_fd5bb1dc-9ac,Madhya Pradesh,Jabalpur,Jabalpur,Gurda,From pin only
cus_fd5e6143-342,Rajasthan,Kota,Kota,Railway Station Area,Confirmed (pin + address agree)
cus_fd6960f8-f04,Rajasthan,Ganganagar,Suratgarh,RHB Colony,From address only (no pin)
cus_fd9fc060-096,Maharashtra,Thane,Thane,Thane West,Confirmed (pin + address agree)
cus_fda2282a-a03,Maharashtra,Palghar,Vasai,Vasai East,From sheet text only
cus_fda7a150-b3e,Rajasthan,Jaipur,Jaipur,,Confirmed (pin + address agree)
cus_fdafdc25-3e2,Maharashtra,Palghar,Nala Sopara,,From pin only
cus_fdb3d3ee-982,Kerala,Kozhikode,Nadapuram,Kerala,From pin only
cus_fdb9fb14-92c,Madhya Pradesh,Indore,Indore,Chhavani,Confirmed (pin + address agree)
cus_fddca084-f19,Madhya Pradesh,Indore,Indore,Sudama Nagar,Confirmed (pin + address agree)
cus_fde5179f-075,Odisha,Khorda,Bhubaneswar,Rudrapur,Confirmed (pin + address agree)
cus_fde83076-d3b,West Bengal,Kolkata,Kolkata,,From sheet text only
cus_fdebe312-7a8,Maharashtra,Nagpur,Nagpur,Beltarodi,Confirmed (pin + address agree)
cus_fdf47fee-820,Rajasthan,Jaipur,Jaipur,Bhakrota,Check: pin and address disagree
cus_fdfa7969-cac,Chhattisgarh,Rajnandgaon,Rajnandgaon,Gol Bazar,Confirmed (pin + address agree)
cus_fdfaf942-a41,Madhya Pradesh,Jabalpur,Jabalpur,Ganga Nagar,Check: pin and address disagree
cus_fe06477b-ae0,Gujarat,Rajkot,Rajkot,Gundavadi,Confirmed (pin + address agree)
cus_fe307cdf-f8b,Rajasthan,Jaipur,Jaipur,Pratap Nagar,Confirmed (pin + address agree)
cus_fe3e5eff-f2e,Madhya Pradesh,Bhopal,Bhopal,Peer Gate Area,Confirmed (pin + address agree)
cus_fe46cbeb-872,Maharashtra,Osmanabad,Latur,,From sheet text only
cus_fe53b802-5d5,Kerala,Kasargod,Kasaragod,,Check: pin and address disagree
cus_fe5710b7-10b,Maharashtra,Palghar,Mira-Bhayandar,Bhayandar West,Check: pin and address disagree
cus_fe5a8132-6cf,Madhya Pradesh,Indore,Betma,Kushwah Mohalla,Confirmed (pin + address agree)
cus_fe5b997b-d07,Maharashtra,Thane,Padgha,Arjunali,Confirmed (pin + address agree)
cus_fe656c80-eb7,Maharashtra,Palghar,Nala Sopara,Nalasopara East,From pin only
cus_fe69a7eb-f8f,Madhya Pradesh,Jabalpur,Jabalpur,Nearby Gopalpuram,Confirmed (pin + address agree)
cus_fe7784e8-0c5,Maharashtra,Thane,,,Not locatable
cus_fe8201ab-588,Kerala,Kannur,Taliparamba,Chendayad,From pin only
cus_fe846ef6-e4b,Maharashtra,Mumbai,Mumbai,Andheri East,Confirmed (pin + address agree)
cus_fe850cc7-fdb,Rajasthan,Ajmer,Ajmer,Makhupura,Confirmed (pin + address agree)
cus_fe8c1048-97d,Kerala,Malappuram,Kozhikode,Farook College,Confirmed (pin + address agree)
cus_fe9b7d50-4e9,Maharashtra,Solapur,Tembhurni,,Check: pin and address disagree
cus_fe9e093a-e63,Dadra and Nagar Haveli and Daman and Diu,Daman,Daman,,From pin only
cus_feaeb882-aef,Maharashtra,Ratnagiri,Ratnagiri,Tilak Ali,From address only (no pin)
cus_fec05134-74c,Madhya Pradesh,West Nimar,Khargone,Tagore Park Colony,Confirmed (pin + address agree)
cus_fec2593f-9e5,Maharashtra,Kolhapur,Kolhapur,Rajarampuri,Confirmed (pin + address agree)
cus_fecf0208-2b6,Kerala,Palakkad,Palakkad,Kalmandapam,Confirmed (pin + address agree)
cus_fed65f18-2bf,Maharashtra,Mumbai,Mumbai,Prabhadevi,Confirmed (pin + address agree)
cus_feec81c7-b6d,Madhya Pradesh,Indore,Indore,Ashraf Nagar,Confirmed (pin + address agree)
cus_fefb80b6-c99,Maharashtra,Palghar,Vasai,,From pin only
cus_fefbbcd5-7b7,Maharashtra,Nagpur,Nagpur,Saubhagya Nagar,Confirmed (pin + address agree)
cus_fefde33a-dba,Chhattisgarh,Surguja,Ambikapur,,Confirmed (pin + address agree)
cus_ff0e22f9-437,Odisha,Ganjam,Chatrapur,Rama Krishna Nagar,Confirmed (pin + address agree)
cus_ff11b539-a7e,Maharashtra,Pune,Pune,Ganesh Peth,Confirmed (pin + address agree)
cus_ff2de019-a37,Kerala,Kannur,Chokli,Panniyannur,Confirmed (pin + address agree)
cus_ff47d94e-e70,Chhattisgarh,Bilaspur,Bilaspur,Ambedkar Nagar,From pin only
cus_ff48a1b8-9f3,Rajasthan,Jaipur,Jaipur,Harmada,Confirmed (pin + address agree)
cus_ff5541e2-d8c,Odisha,Khorda,Bhubaneswar,Shirpur,From pin only
cus_ff65f673-d72,Rajasthan,Jaipur,Jaipur,Modikhana,Confirmed (pin + address agree)
cus_ff6daed4-cf4,Maharashtra,Akola,Akola,Malipura,Confirmed (pin + address agree)
cus_ff73b0ef-1d6,Rajasthan,Barmer,Barmer,Nehru Nagar,From address only (no pin)
cus_ff7f5162-5bf,Maharashtra,Thane,Titwala,Atali,Confirmed (pin + address agree)
cus_ff9f80c2-a4d,Kerala,Kasargod,Chengala,Cherkala,From pin only
cus_ffa9cbcb-538,Maharashtra,Mumbai,Mumbai,Borivali East,Confirmed (pin + address agree)
cus_ffb23769-b36,Madhya Pradesh,Jabalpur,Jabalpur,Gohalpur,Confirmed (pin + address agree)
cus_ffb4048c-85e,Rajasthan,Jaipur,Jaipur,Sodala,Confirmed (pin + address agree)
cus_ffb69bcc-2f5,Kerala,Kottayam,Mundakayam,,Check: pin and address disagree
cus_ffbac9dc-1f5,Odisha,Ganjam,Brahmapur,Triveni Nagar,Confirmed (pin + address agree)
cus_ffc305e1-a03,Maharashtra,Pune,Pune,,From sheet text only
cus_fff401ac-165,Madhya Pradesh,Indore,Indore,Dwarkapuri,Check: pin and address disagree
mbos_lead_0116ab02-5583-4ec5-9066-eade52b82f7a,Maharashtra,Palghar,Virar,,Not locatable
mbos_lead_9b84105e-9c7a-4f92-b546-9684898e4c2c,Maharashtra,Mumbai,Mumbai,Bhandup,From pin only
