Level,State,District,City,Area,Direct customers,Leads,Third-party,Total accounts,Active,With a good GPS pin,Pin looks wrong,Unlinked field pins,How sure,Where it is (lat),Where it is (lng),Nearest post office to that point,90% of shops within (km),Map,Correct?,Correct name or comment
State,Maharashtra,,,,856,1454,3,2313,1672,1562,141,1824,Medium,19.24185,73.13096,"Vishnunagar PO, Thane (6.8 km)",654.8,open map,,
City,Maharashtra,Mumbai,Mumbai,,70,171,1,242,200,185,13,171,Medium,19.19107,72.85098,"Uttan PO, Thane (9.7 km)",10.3,open map,,
Area,Maharashtra,Mumbai,Mumbai,Kandivali West,9,21,0,30,24,27,1,17,High,19.20223,72.85085,"Uttan PO, Thane (8.6 km)",2.4,open map,,
Area,Maharashtra,Mumbai,Mumbai,Andheri East,6,18,1,25,23,20,2,15,High,19.11566,72.85972,"Vile PO, Raigad (3.3 km)",3,open map,,
Area,Maharashtra,Mumbai,Mumbai,Malad West,5,15,0,20,19,14,2,15,Medium,19.18906,72.83956,"Uttan PO, Thane (9.4 km)",2.2,open map,,
Area,Maharashtra,Mumbai,Mumbai,Dahisar East,4,15,0,19,12,18,,13,High,19.24985,72.86696,"Uttan PO, Thane (6.4 km)",1.3,open map,,
Area,Maharashtra,Mumbai,Mumbai,Jogeshwari West,8,9,0,17,13,14,1,9,High,19.14377,72.84294,"Vile PO, Raigad (5.0 km)",1.6,open map,,
Area,Maharashtra,Mumbai,Mumbai,Goregaon West,3,12,0,15,12,12,2,11,High,19.16335,72.84384,"Vile PO, Raigad (7.1 km)",1.5,open map,,
Area,Maharashtra,Mumbai,Mumbai,Kandivali East,6,9,0,15,13,13,1,11,High,19.2024,72.85724,"Uttan PO, Thane (8.9 km)",1.6,open map,,
Area,Maharashtra,Mumbai,Mumbai,Borivali West,4,6,0,10,7,10,,10,High,19.23123,72.855,"Uttan PO, Thane (6.4 km)",1.7,open map,,
Area,Maharashtra,Mumbai,Mumbai,Andheri West,3,6,0,9,7,7,1,6,High,19.12763,72.83397,"Vile PO, Raigad (3.1 km)",2.2,open map,,
Area,Maharashtra,Mumbai,Mumbai,Borivali East,5,4,0,9,8,8,,6,High,19.22906,72.86059,"Uttan PO, Thane (7.0 km)",0.6,open map,,
Area,Maharashtra,Mumbai,Mumbai,Malad,2,5,0,7,4,1,,,Low,19.18683,72.81896,"Uttan PO, Thane (9.2 km)",0,open map,,
Area,Maharashtra,Mumbai,Mumbai,Ghatkopar,1,5,0,6,6,0,,,Low,,,,,,,
Area,Maharashtra,Mumbai,Mumbai,Malad East,1,5,0,6,5,6,,4,High,19.17567,72.85455,"Vile PO, Raigad (8.7 km)",1.6,open map,,
Area,Maharashtra,Mumbai,Mumbai,Dahisar West,0,5,0,5,5,4,,2,High,19.24957,72.85883,"Uttan PO, Thane (5.6 km)",0.3,open map,,
Area,Maharashtra,Mumbai,Mumbai,Goregaon,1,4,0,5,5,4,,4,High,19.1707,72.85626,"Vile PO, Raigad (8.2 km)",0.6,open map,,
Area,Maharashtra,Mumbai,Mumbai,Prabhadevi,0,4,0,4,4,4,,6,High,19.01057,72.82035,"Worli Naka PO, Mumbai (0.8 km)",0,open map,,
Area,Maharashtra,Mumbai,Mumbai,Dadar,1,2,0,3,3,1,,1,Low,19.02003,72.83881,"Dadar PO, Raigad (0.1 km)",0,open map,,
Area,Maharashtra,Mumbai,Mumbai,Kandivali,1,2,0,3,3,2,,,Low,19.19383,72.84798,"Uttan PO, Thane (9.3 km)",1.3,open map,,
Area,Maharashtra,Mumbai,Mumbai,Bhuleshwar,0,2,0,2,2,1,,2,Medium,18.95625,72.82803,"Grant Road PO, Mumbai (0.8 km)",0,open map,,
Area,Maharashtra,Mumbai,Mumbai,Borivali,0,2,0,2,2,1,,1,Medium,19.23012,72.86196,"Uttan PO, Thane (7.0 km)",0,open map,,
Area,Maharashtra,Mumbai,Mumbai,Mulund,2,0,0,2,0,0,,,Low,,,,,,,
Area,Maharashtra,Mumbai,Mumbai,Powai,0,2,0,2,2,2,,2,High,19.11559,72.90465,"Vile PO, Raigad (7.7 km)",1.7,open map,,
Area,Maharashtra,Mumbai,Mumbai,Saki Naka,1,1,0,2,2,2,,5,High,19.10498,72.89048,"Vile PO, Raigad (6.0 km)",0.3,open map,,
Area,Maharashtra,Mumbai,Mumbai,Andheri,0,1,0,1,1,1,,1,High,19.10326,72.8887,"Vile PO, Raigad (5.8 km)",0,open map,,
Area,Maharashtra,Mumbai,Mumbai,Bhandup,0,1,0,1,1,1,,,Low,19.15598,72.93738,"Airoli PO, Thane (6.2 km)",0,open map,,
Area,Maharashtra,Mumbai,Mumbai,Chembur,1,0,0,1,0,0,,,Low,,,,,,,
Area,Maharashtra,Mumbai,Mumbai,Dadar West,0,1,0,1,1,0,,,Low,,,,,,,
Area,Maharashtra,Thane,Mumbai,Hanuman Nagar,0,1,0,1,1,0,1,1,Low,,,,,,,
Area,Maharashtra,Mumbai,Mumbai,I C Colony,0,1,0,1,1,1,,,High,19.25028,72.84578,"Uttan PO, Thane (4.3 km)",0,open map,,
Area,Maharashtra,Palghar,Mumbai,Kaner,1,0,0,1,0,1,,,Low,19.01057,72.82035,"Worli Naka PO, Mumbai (0.8 km)",0,open map,,
Area,Maharashtra,Mumbai,Mumbai,Khar West,0,1,0,1,1,1,,2,High,19.1859,72.84682,"Vile PO, Raigad (9.7 km)",0,open map,,
Area,Maharashtra,Mumbai,Mumbai,Kharodi,0,1,0,1,1,1,,,High,19.19575,72.81965,"Uttan PO, Thane (8.2 km)",0,open map,,
Area,Maharashtra,Mumbai,Mumbai,Lower Parel,1,0,0,1,0,0,,,Low,,,,,,,
Area,Maharashtra,Thane,Bhiwandi,Saravali,0,1,0,1,1,0,1,,Low,,,,,,,
Area,Maharashtra,Mumbai,Mumbai,Vikhroli West,0,1,0,1,1,1,,1,High,19.12349,72.91765,"Ghansoli PO, Thane (6.9 km)",0,open map,,
Area,Maharashtra,Palghar,Mumbai,Village -Kolhi,1,0,0,1,0,1,,,Low,19.20148,72.8509,"Uttan PO, Thane (8.7 km)",0,open map,,
Area,Maharashtra,Mumbai,Mumbai,Worli,0,1,0,1,1,1,,1,High,18.99449,72.82297,"New Prabhadevi Road PO, Mumbai (2.5 km)",0,open map,,
Area,Maharashtra,"Mumbai (also Thane, Palghar)",Mumbai,(area not known),3,7,0,10,9,5,1,9,Medium,19.27095,72.8638,"Uttan PO, Thane (5.7 km)",10.5,open map,,
City,Maharashtra,Nagpur,Nagpur,,116,107,0,223,201,187,7,171,High,21.14212,79.0969,"Ganjipeth PO, Nagpur (1.2 km)",7.9,open map,,
Area,Maharashtra,Nagpur,Nagpur,Gandhibagh,1,8,0,9,8,8,,8,High,21.15086,79.10379,"Ganjipeth PO, Nagpur (0.6 km)",0.8,open map,,
Area,Maharashtra,Nagpur,Nagpur,Itwari,4,5,0,9,8,7,,5,High,21.15512,79.10954,"Ganjipeth PO, Nagpur (1.2 km)",0.6,open map,,
Area,Maharashtra,Nagpur,Nagpur,Manewada,3,6,0,9,9,8,1,10,High,21.10347,79.09989,"Medical College (Nagpur) PO, Nagpur (2.6 km)",2.1,open map,,
Area,Maharashtra,Nagpur,Nagpur,Wadi,0,7,0,7,7,7,,9,High,21.15364,79.00384,"Jaitala PO, Nagpur (5.1 km)",0.6,open map,,
Area,Maharashtra,Nagpur,Nagpur,Ashirwad Nagar,4,2,0,6,6,5,,9,High,21.10965,79.11636,"Medical College (Nagpur) PO, Nagpur (2.7 km)",0.5,open map,,
Area,Maharashtra,Nagpur,Nagpur,Besa,3,3,0,6,6,5,,4,High,21.08898,79.08144,"Khamla PO, Nagpur (3.0 km)",0.9,open map,,
Area,Maharashtra,Nagpur,Nagpur,Chandan Nagar,3,3,0,6,5,5,,4,High,21.13083,79.10058,"Medical College (Nagpur) PO, Nagpur (0.6 km)",0.3,open map,,
Area,Maharashtra,Nagpur,Nagpur,Zingabai Takli,4,2,0,6,6,5,1,2,High,21.19985,79.06819,"Godhani PO, Nagpur (2.4 km)",0.7,open map,,
Area,Maharashtra,Nagpur,Nagpur,Ayodhya nagar,4,1,0,5,5,4,,4,High,21.11449,79.112,"Medical College (Nagpur) PO, Nagpur (2.0 km)",0.8,open map,,
Area,Maharashtra,Nagpur,Nagpur,Mohan Nagar,2,3,0,5,5,4,,6,High,21.1623,79.08415,"Ajni PO, Nagpur (1.8 km)",0,open map,,
Area,Maharashtra,Nagpur,Nagpur,Rameshwari,4,1,0,5,5,5,,1,High,21.11254,79.10388,"Medical College (Nagpur) PO, Nagpur (1.7 km)",1.2,open map,,
Area,Maharashtra,Nagpur,Nagpur,Chandrakiran Nagar,0,4,0,4,4,4,,2,High,21.08131,79.12142,"Pipla PO, Nagpur (0.1 km)",1.4,open map,,
Area,Maharashtra,Nagpur,Nagpur,Gokulpeth,4,0,0,4,3,4,,1,High,21.14156,79.05962,"Ajni PO, Nagpur (2.7 km)",0.1,open map,,
Area,Maharashtra,Nagpur,Nagpur,Hansapuri,2,2,0,4,3,4,,4,High,21.15422,79.10414,"Ganjipeth PO, Nagpur (0.7 km)",0.7,open map,,
Area,Maharashtra,Nagpur,Nagpur,Lakadganj,1,3,0,4,4,3,1,4,High,21.14869,79.11755,"Mahal (Nagpur) PO, Nagpur (1.1 km)",0.5,open map,,
Area,Maharashtra,Nagpur,Nagpur,Mahal,3,1,0,4,4,4,,2,High,21.14704,79.10941,"Mahal (Nagpur) PO, Nagpur (0.4 km)",0.3,open map,,
Area,Maharashtra,Nagpur,Nagpur,Nandanvan,2,2,0,4,4,4,,2,High,21.13143,79.11949,"Mahal (Nagpur) PO, Nagpur (1.7 km)",0.6,open map,,
Area,Maharashtra,Nagpur,Nagpur,Sitabuldi,3,1,0,4,3,1,1,1,Low,21.14522,79.08695,"Ajni PO, Nagpur (0.2 km)",0,open map,,
Area,Maharashtra,Nagpur,Nagpur,Somalwada,2,2,0,4,4,4,,6,High,21.08793,79.07603,"Khamla PO, Nagpur (2.7 km)",1,open map,,
Area,Maharashtra,Nagpur,Nagpur,Badil Kheda,2,1,0,3,3,2,,2,Medium,21.10098,79.08661,"Khamla PO, Nagpur (2.8 km)",0.1,open map,,
Area,Maharashtra,Nagpur,Nagpur,Bank Colony,1,2,0,3,3,3,,2,High,21.18607,79.10965,"Indora PO, Nagpur (1.2 km)",0.1,open map,,
Area,Maharashtra,Nagpur,Nagpur,Bhagwan Nagar,1,2,0,3,3,1,1,2,Low,21.10814,79.08864,"Medical College (Nagpur) PO, Nagpur (2.3 km)",0,open map,,
Area,Maharashtra,Nagpur,Nagpur,Dharampeth,1,2,0,3,3,2,,,Medium,21.14186,79.06093,"Ajni PO, Nagpur (2.5 km)",0.2,open map,,
Area,Maharashtra,Nagpur,Nagpur,Dighori,2,1,0,3,3,3,,3,Medium,21.11093,79.13533,"Narsala PO, Nagpur (2.4 km)",0,open map,,
Area,Maharashtra,Nagpur,Nagpur,Shantinagar Colony,3,0,0,3,2,3,,2,High,21.15982,79.12402,"Mahal (Nagpur) PO, Nagpur (2.5 km)",0,open map,,
Area,Maharashtra,Nagpur,Nagpur,Surya Nagar,1,2,0,3,2,3,,3,High,21.15387,79.14934,"Mahal (Nagpur) PO, Nagpur (4.4 km)",0.1,open map,,
Area,Maharashtra,Nagpur,Nagpur,Vivekanand Nagar,2,1,0,3,2,3,,3,High,21.11863,79.07101,"Khamla PO, Nagpur (1.6 km)",0,open map,,
Area,Maharashtra,Nagpur,Nagpur,Ajni,1,1,0,2,2,2,,1,Medium,21.14135,79.07899,"Ajni PO, Nagpur (0.8 km)",2.4,open map,,
Area,Maharashtra,Nagpur,Nagpur,Bajaria,0,2,0,2,2,2,,2,High,21.15147,79.09555,"Ganjipeth PO, Nagpur (0.3 km)",0.2,open map,,
Area,Maharashtra,Nagpur,Nagpur,Beltarodi,2,0,0,2,2,2,,2,High,21.07807,79.07833,"Bela PO, Nagpur (3.6 km)",0.5,open map,,
Area,Maharashtra,Nagpur,Nagpur,Bramnhi,1,1,0,2,2,1,,,Low,21.20695,79.06581,"Godhani PO, Nagpur (1.6 km)",0,open map,,
Area,Maharashtra,Nagpur,Nagpur,Chitnis Nagar,2,0,0,2,2,2,,2,High,21.11932,79.12931,"Narsala PO, Nagpur (3.4 km)",0.4,open map,,
Area,Maharashtra,Nagpur,Nagpur,Civil Lines,2,0,0,2,2,2,,,High,21.15525,79.07735,"Ajni PO, Nagpur (1.3 km)",0,open map,,
Area,Maharashtra,Nagpur,Nagpur,Deendayal Nagar,2,0,0,2,2,2,,2,High,21.11527,79.04994,"Khamla PO, Nagpur (1.4 km)",0.6,open map,,
Area,Maharashtra,Nagpur,Nagpur,Digdoh,2,0,0,2,2,1,,1,Medium,21.10269,78.98923,"Wanadongri PO, Nagpur (2.0 km)",0,open map,,
Area,Maharashtra,Nagpur,Nagpur,Dixit Nagar,2,0,0,2,2,2,,,High,21.1848,79.11747,"Indora PO, Nagpur (2.0 km)",0,open map,,
Area,Maharashtra,Nagpur,Nagpur,Empress City,1,1,0,2,1,2,,1,High,21.14609,79.09673,"Ganjipeth PO, Nagpur (0.7 km)",0.6,open map,,
Area,Maharashtra,Nagpur,Nagpur,HB town,2,0,0,2,1,2,,,High,21.15071,79.15172,"Mahal (Nagpur) PO, Nagpur (4.6 km)",0,open map,,
Area,Maharashtra,Nagpur,Nagpur,Kalmana,1,1,0,2,2,2,,1,High,21.17153,79.13467,"Sillewara Project PO, Nagpur (3.6 km)",2.3,open map,,
Area,Maharashtra,Nagpur,Nagpur,Khamla,1,1,0,2,2,2,,2,High,21.10762,79.06026,"Khamla PO, Nagpur (0.1 km)",0,open map,,
Area,Maharashtra,Nagpur,Nagpur,Kharbi,1,1,0,2,2,2,,2,High,21.12293,79.13462,"Mahal (Nagpur) PO, Nagpur (3.5 km)",0.4,open map,,
Area,Maharashtra,Nagpur,Nagpur,Medical Chowk,1,1,0,2,2,2,,,High,21.13204,79.09787,"Medical College (Nagpur) PO, Nagpur (0.6 km)",0.1,open map,,
Area,Maharashtra,Nagpur,Nagpur,Pardi,2,0,0,2,2,2,,,High,21.15179,79.15324,"Mahal (Nagpur) PO, Nagpur (4.7 km)",0.5,open map,,
Area,Maharashtra,Nagpur,Nagpur,S R P Camp,2,0,0,2,2,2,,,High,21.11457,79.00964,"Jaitala PO, Nagpur (1.4 km)",0.4,open map,,
Area,Maharashtra,Nagpur,Nagpur,Vayusena Nagar,1,1,0,2,2,2,,1,High,21.13536,79.00814,"Jaitala PO, Nagpur (3.1 km)",2.1,open map,,
Area,Maharashtra,Nagpur,Nagpur,Ajni Square,1,0,0,1,1,1,,,High,21.11911,79.07194,"Khamla PO, Nagpur (1.7 km)",0,open map,,
Area,Maharashtra,Nagpur,Nagpur,Anna Baba Nagar,1,0,0,1,1,1,,1,High,21.19876,79.06874,"Godhani PO, Nagpur (2.5 km)",0,open map,,
Area,Maharashtra,Nagpur,Nagpur,Azamshah Layout,1,0,0,1,1,1,,,High,21.13431,79.11945,"Mahal (Nagpur) PO, Nagpur (1.5 km)",0,open map,,
Area,Maharashtra,Nagpur,Nagpur,Bapu Nagar,0,1,0,1,0,0,1,,Low,,,,,,,
Area,Maharashtra,Nagpur,Nagpur,Bhavsar Chowk,0,1,0,1,1,1,,,High,21.14998,79.10927,"Mahal (Nagpur) PO, Nagpur (0.8 km)",0,open map,,
Area,Maharashtra,Nagpur,Nagpur,Binaki,0,1,0,1,1,1,,1,High,21.17592,79.11701,"Indora PO, Nagpur (2.0 km)",0,open map,,
Area,Maharashtra,Nagpur,Nagpur,Byramji Town,1,0,0,1,0,1,,,High,21.17308,79.08382,"Jaripatka PO, Nagpur (1.1 km)",0,open map,,
Area,Maharashtra,Nagpur,Nagpur,Dhantoli,0,1,0,1,1,0,,1,Low,,,,,,,
Area,Maharashtra,Nagpur,Nagpur,Duttawadi,0,1,0,1,1,1,,,High,21.15361,79.00569,"Jaitala PO, Nagpur (5.0 km)",0,open map,,
Area,Maharashtra,Nagpur,Nagpur,East,0,1,0,1,1,1,,1,High,21.12078,79.06461,"Khamla PO, Nagpur (1.5 km)",0,open map,,
Area,Maharashtra,Nagpur,Nagpur,Ganeshpeth Colony,0,1,0,1,1,1,,1,High,21.144,79.09585,"Ganjipeth PO, Nagpur (1.0 km)",0,open map,,
Area,Maharashtra,Nagpur,Nagpur,Geeta Nagar,1,0,0,1,1,0,,,Low,,,,,,,
Area,Maharashtra,Nagpur,Nagpur,Ghogali,1,0,0,1,1,1,,2,Low,21.06801,79.09455,"Bela PO, Nagpur (2.1 km)",0,open map,,
Area,Maharashtra,Nagpur,Nagpur,Gittikhadan,1,0,0,1,1,1,,1,High,21.17412,79.05787,"Jaripatka PO, Nagpur (3.6 km)",0,open map,,
Area,Maharashtra,Nagpur,Nagpur,Gorewada,1,0,0,1,1,1,,1,High,21.17409,79.05808,"Jaripatka PO, Nagpur (3.6 km)",0,open map,,
Area,Maharashtra,Nagpur,Nagpur,Hingna,0,1,0,1,1,1,,1,High,21.10324,78.99033,"Wanadongri PO, Nagpur (2.1 km)",0,open map,,
Area,Maharashtra,Nagpur,Nagpur,Ishwar Nagar,1,0,0,1,1,0,,2,Low,,,,,,,
Area,Maharashtra,Nagpur,Nagpur,Itwari Railway Colony,0,1,0,1,1,1,,1,High,21.15415,79.12272,"Mahal (Nagpur) PO, Nagpur (1.9 km)",0,open map,,
Area,Maharashtra,Nagpur,Nagpur,Jaripatka,0,1,0,1,1,1,,1,High,21.19048,79.09146,"Indora PO, Nagpur (1.2 km)",0,open map,,
Area,Maharashtra,Nagpur,Nagpur,Jhopad,1,0,0,1,1,1,,1,High,21.06697,79.05856,"Khapri PO, Nagpur (2.4 km)",0,open map,,
Area,Maharashtra,Nagpur,Nagpur,Kadbi Chowk,1,0,0,1,0,1,,,High,21.16819,79.09136,"Jaripatka PO, Nagpur (1.2 km)",0,open map,,
Area,Maharashtra,Nagpur,Nagpur,Koradi Colony,1,0,0,1,1,1,,1,High,21.16196,79.08378,"Ajni PO, Nagpur (1.7 km)",0,open map,,
Area,Maharashtra,Nagpur,Nagpur,Mahal (Nagpur),0,1,0,1,1,1,,,High,21.14996,79.10919,"Mahal (Nagpur) PO, Nagpur (0.8 km)",0,open map,,
Area,Maharashtra,Nagpur,Nagpur,Manjidana Colony,1,0,0,1,1,1,,2,High,21.17523,79.05391,"Jaripatka PO, Nagpur (4.0 km)",0,open map,,
Area,Maharashtra,Nagpur,Nagpur,Narsala,0,1,0,1,1,0,,,Low,,,,,,,
Area,Maharashtra,Nagpur,Nagpur,New Mankapur,0,1,0,1,1,1,,2,High,21.19809,79.06884,"Godhani PO, Nagpur (2.6 km)",0,open map,,
Area,Maharashtra,Nagpur,Nagpur,New Sneh Nagar,0,1,0,1,1,1,,,High,21.10496,79.05816,"Khamla PO, Nagpur (0.5 km)",0,open map,,
Area,Maharashtra,Nagpur,Nagpur,Nirmal Nagar,0,1,0,1,1,1,,1,High,21.12549,79.12647,"Mahal (Nagpur) PO, Nagpur (2.7 km)",0,open map,,
Area,Maharashtra,Nagpur,Nagpur,Om Layout,1,0,0,1,1,1,,1,High,21.20611,79.06611,"Godhani PO, Nagpur (1.7 km)",0,open map,,
Area,Maharashtra,Nagpur,Nagpur,Parvati Nagar,0,1,0,1,1,1,,1,High,21.10735,79.08854,"Medical College (Nagpur) PO, Nagpur (2.3 km)",0,open map,,
Area,Maharashtra,Nagpur,Nagpur,Pili Nadi,1,0,0,1,0,1,,,High,21.18374,79.11626,"Indora PO, Nagpur (1.8 km)",0,open map,,
Area,Maharashtra,Nagpur,Nagpur,Prakash Nagar,1,0,0,1,1,1,,2,High,21.20755,79.06559,"Godhani PO, Nagpur (1.5 km)",0,open map,,
Area,Maharashtra,Nagpur,Nagpur,Prasad Nagar,0,1,0,1,1,0,,,Low,,,,,,,
Area,Maharashtra,Nagpur,Nagpur,Pratap Nagar,0,1,0,1,1,1,,2,High,21.11326,79.05437,"Khamla PO, Nagpur (0.9 km)",0,open map,,
Area,Maharashtra,Nagpur,Nagpur,Rahate Nagar,0,1,0,1,1,1,,,High,21.09981,79.08642,"Khamla PO, Nagpur (2.8 km)",0,open map,,
Area,Maharashtra,Nagpur,Nagpur,Rajendra Nagar,1,0,0,1,1,1,,,High,21.10707,79.04479,"Khamla PO, Nagpur (1.7 km)",0,open map,,
Area,Maharashtra,Nagpur,Nagpur,Rambagh,0,1,0,1,1,1,,2,High,21.13301,79.09031,"Medical College (Nagpur) PO, Nagpur (1.0 km)",0,open map,,
Area,Maharashtra,Nagpur,Nagpur,Ramdaspeth,0,1,0,1,1,1,,,High,21.15144,79.10135,"Ganjipeth PO, Nagpur (0.4 km)",0,open map,,
Area,Maharashtra,Nagpur,Nagpur,Sanmarga Nagar,0,1,0,1,1,1,,3,High,21.10516,79.1207,"Narsala PO, Nagpur (2.3 km)",0,open map,,
Area,Maharashtra,Nagpur,Nagpur,Saubhagya Nagar,1,0,0,1,1,1,,,High,21.07283,79.09536,"Bela PO, Nagpur (2.7 km)",0,open map,,
Area,Maharashtra,Nagpur,Nagpur,Seminary Hills,1,0,0,1,1,0,1,,Low,,,,,,,
Area,Maharashtra,Nagpur,Nagpur,Shambhu Nagar,1,0,0,1,1,1,,1,High,21.19148,79.09139,"Indora PO, Nagpur (1.2 km)",0,open map,,
Area,Maharashtra,Nagpur,Nagpur,Siraspeth,0,1,0,1,1,1,,1,High,21.13407,79.10599,"Mahal (Nagpur) PO, Nagpur (1.0 km)",0,open map,,
Area,Maharashtra,Nagpur,Nagpur,T Point,1,0,0,1,0,1,,,High,21.09035,79.08096,"Khamla PO, Nagpur (2.8 km)",0,open map,,
Area,Maharashtra,Nagpur,Nagpur,Taj Bagh,0,1,0,1,1,1,,,High,21.11674,79.1167,"Medical College (Nagpur) PO, Nagpur (2.3 km)",0,open map,,
Area,Maharashtra,Nagpur,Nagpur,Telephone Exchange,0,1,0,1,1,1,,,High,21.14868,79.12527,"Mahal (Nagpur) PO, Nagpur (1.8 km)",0,open map,,
Area,Maharashtra,Nagpur,Nagpur,W C L Colony,1,0,0,1,1,1,,1,High,21.21274,79.06388,"Godhani PO, Nagpur (0.9 km)",0,open map,,
Area,Maharashtra,Nagpur,Nagpur,(area not known),6,5,0,11,5,2,,5,Low,21.10549,79.10666,"Medical College (Nagpur) PO, Nagpur (2.6 km)",0.7,open map,,
City,Maharashtra,Palghar,Vasai,,86,79,0,165,111,114,4,181,Medium,19.40532,72.85559,"Dongri PO, Palghar (14.3 km)",7.6,open map,,
Area,Maharashtra,Palghar,Vasai,Vasai East,36,33,0,69,42,48,3,53,Medium,19.40674,72.8527,"Dongri PO, Palghar (14.3 km)",7.2,open map,,
Area,Maharashtra,Palghar,Vasai,Vasai West,7,5,0,12,11,10,,31,High,19.36193,72.8061,"Dongri PO, Palghar (8.6 km)",3.9,open map,,
Area,Maharashtra,Palghar,Vasai,Naigaon,6,5,0,11,8,6,,,Low,19.36968,72.87747,"Dongri PO, Palghar (11.9 km)",5,open map,,
Area,Maharashtra,Palghar,Vasai,Naigaon West,2,2,0,4,3,2,,5,Medium,19.3563,72.86921,"Dongri PO, Palghar (10.2 km)",2.7,open map,,
Area,Maharashtra,Palghar,Vasai,Vasai-Virar,1,3,0,4,4,2,1,13,Medium,19.45943,72.81674,"Dongri PO, Palghar (19.4 km)",0.3,open map,,
Area,Maharashtra,Palghar,Vasai,Naigaon East,2,1,0,3,1,2,,2,Low,19.35878,72.87555,"Dongri PO, Palghar (10.8 km)",0.4,open map,,
Area,Maharashtra,Palghar,Vasai,Sativli,2,1,0,3,2,1,,3,Low,19.41186,72.88143,"Dongri PO, Palghar (16.0 km)",0,open map,,
Area,Maharashtra,Palghar,Vasai,Golani Naka,1,1,0,2,2,2,,,High,19.41829,72.86148,"Dongri PO, Palghar (15.8 km)",1.7,open map,,
Area,Maharashtra,Palghar,Vasai,Waliv,0,2,0,2,0,2,,5,High,19.4061,72.86053,"Dongri PO, Palghar (14.5 km)",0.3,open map,,
Area,Maharashtra,Thane,Vasai,Deodal,0,1,0,1,1,0,,4,Low,,,,,,,
Area,Maharashtra,Palghar,Vasai,Navghar,1,0,0,1,1,0,,2,Low,,,,,,,
Area,Maharashtra,Palghar,Vasai,Sandor,1,0,0,1,1,1,,2,High,19.3659,72.81272,"Dongri PO, Palghar (9.0 km)",0,open map,,
Area,Maharashtra,Palghar,Vasai,Tamtalo,0,1,0,1,1,1,,,High,19.3769,72.82661,"Dongri PO, Palghar (10.4 km)",0,open map,,
Area,Maharashtra,Palghar,Vasai,(area not known),27,24,0,51,34,37,,3,Low,19.40528,72.86009,"Dongri PO, Palghar (14.4 km)",5.6,open map,,
City,Maharashtra,Thane,Bhiwandi,,27,90,0,117,88,88,3,65,Medium,19.27553,73.05487,"Vishnunagar PO, Thane (2.0 km)",9.7,open map,,
Area,Maharashtra,Thane,Bhiwandi,Dapode,4,9,0,13,11,9,1,8,Medium,19.25599,73.04105,"Vishnunagar PO, Thane (3.4 km)",2.3,open map,,
Area,Maharashtra,Thane,Bhiwandi,Kalher,5,8,0,13,11,11,,9,High,19.24721,73.01766,"Vishnunagar PO, Thane (6.1 km)",8.2,open map,,
Area,Maharashtra,Thane,Bhiwandi,Padma Nagar,0,8,0,8,3,8,,4,High,19.28753,73.05648,"Bhiwandi PO, Thane (1.4 km)",6.6,open map,,
Area,Maharashtra,Thane,Bhiwandi,Avachit Pada,0,6,0,6,6,6,,4,High,19.31062,73.06483,"Bhiwandi PO, Thane (1.3 km)",0.4,open map,,
Area,Maharashtra,Thane,Bhiwandi,Gaibi Nagar Bhiwandi,0,6,0,6,4,5,,5,Medium,19.28502,73.07142,"Vishnunagar PO, Thane (2.0 km)",0.9,open map,,
Area,Maharashtra,Thane,Bhiwandi,Kaneri,0,3,0,3,3,3,,,High,19.2884,73.05888,"Bhiwandi PO, Thane (1.3 km)",0.4,open map,,
Area,Maharashtra,Thane,Bhiwandi,Saravali,2,1,0,3,2,3,,1,High,19.26004,73.09191,"Vishnunagar PO, Thane (2.3 km)",0.5,open map,,
Area,Maharashtra,Thane,Bhiwandi,Sonale Village,0,3,0,3,2,3,,1,High,19.29677,73.06359,"Bhiwandi PO, Thane (0.6 km)",8.7,open map,,
Area,Maharashtra,Thane,Bhiwandi,Ambadi Naka,0,2,0,2,2,2,,1,Low,19.46899,73.08093,"Virar East PO, Palghar (15.8 km)",0,open map,,
Area,Maharashtra,Thane,Bhiwandi,Anjurphata,0,2,0,2,2,2,,2,High,19.27547,73.04094,"Bhiwandi PO, Thane (3.3 km)",0.1,open map,,
Area,Maharashtra,Thane,Bhiwandi,Ekta Chowk,1,1,0,2,2,2,,,High,19.30629,73.05106,"Bhiwandi PO, Thane (1.1 km)",0,open map,,
Area,Maharashtra,Thane,Bhiwandi,Gokul Nagar,1,1,0,2,1,1,1,1,Medium,19.30447,73.05767,"Bhiwandi PO, Thane (0.5 km)",0,open map,,
Area,Maharashtra,Thane,Bhiwandi,Kamatghar,0,2,0,2,2,2,,4,High,19.27319,73.04854,"Vishnunagar PO, Thane (2.5 km)",0.7,open map,,
Area,Maharashtra,Thane,Bhiwandi,Mandai,0,2,0,2,2,2,,,High,19.30083,73.05675,"Bhiwandi PO, Thane (0.2 km)",0,open map,,
Area,Maharashtra,Thane,Bhiwandi,Narpoli,0,2,0,2,2,2,,3,High,19.29831,73.05691,"Bhiwandi PO, Thane (0.3 km)",0.8,open map,,
Area,Maharashtra,Thane,Bhiwandi,Narpoli Gaon,0,2,0,2,2,2,,2,High,19.27431,73.04141,"Vishnunagar PO, Thane (3.3 km)",0,open map,,
Area,Maharashtra,Thane,Bhiwandi,Purna,0,2,0,2,2,2,,2,High,19.25844,73.0266,"Vishnunagar PO, Thane (4.8 km)",0,open map,,
Area,Maharashtra,Thane,Bhiwandi,Val,0,2,0,2,2,2,,3,High,19.26528,73.04208,"Vishnunagar PO, Thane (3.1 km)",0.2,open map,,
Area,Maharashtra,Thane,Bhiwandi,Arjunali,0,1,0,1,0,1,,,Low,19.23826,73.01602,"Vishnunagar PO, Thane (6.6 km)",0,open map,,
Area,Maharashtra,Thane,Bhiwandi,Babu Ganj Groups,0,1,0,1,1,1,,,High,19.29974,73.06534,"Bhiwandi PO, Thane (0.7 km)",0,open map,,
Area,Maharashtra,Thane,Bhiwandi,Bapgaon,0,1,0,1,0,1,,2,Low,19.28104,73.14686,"Virar East PO, Palghar (6.7 km)",0,open map,,
Area,Maharashtra,Thane,Bhiwandi,Chavindra,0,1,0,1,1,1,,1,High,19.3171,73.07664,"Bhiwandi PO, Thane (2.7 km)",0,open map,,
Area,Maharashtra,Thane,Bhiwandi,Chowk,0,1,0,1,1,1,,,High,19.23227,73.15172,"Mangrul PO, Thane (6.9 km)",0,open map,,
Area,Maharashtra,Thane,Bhiwandi,Gulzar Nagar,0,1,0,1,1,1,,2,High,19.3008,73.07374,"Bhiwandi PO, Thane (1.6 km)",0,open map,,
Area,Maharashtra,Thane,Bhiwandi,Hasan Baug,0,1,0,1,1,1,,1,High,19.29137,73.05667,"Bhiwandi PO, Thane (1.0 km)",0,open map,,
Area,Maharashtra,Thane,Bhiwandi,Kasheli,0,1,0,1,1,0,,,Low,,,,,,,
Area,Maharashtra,Thane,Bhiwandi,Khoni,0,1,0,1,1,1,,2,High,19.27327,73.04202,"Vishnunagar PO, Thane (3.2 km)",0,open map,,
Area,Maharashtra,Thane,Bhiwandi,Kon,1,0,0,1,1,0,,,Low,,,,,,,
Area,Maharashtra,Thane,Bhiwandi,Kongaon,0,1,0,1,1,0,,,Low,,,,,,,
Area,Maharashtra,Solapur,Bhiwandi,Mahud Bk,1,0,0,1,1,1,,,Low,17.60988,75.10154,"Mahud PO, Solapur (0.6 km)",0,open map,,
Area,Maharashtra,Thane,Bhiwandi,Mankoli,0,1,0,1,1,1,,1,High,19.23789,73.04151,"Vishnunagar PO, Thane (4.5 km)",0,open map,,
Area,Maharashtra,Thane,Bhiwandi,Nagaon,0,1,0,1,1,1,,,High,19.30118,73.07252,"Bhiwandi PO, Thane (1.4 km)",0,open map,,
Area,Maharashtra,Thane,Bhiwandi,Nazajaran,1,0,0,1,1,1,,,High,19.24923,73.04046,"Vishnunagar PO, Thane (3.8 km)",0,open map,,
Area,Maharashtra,Thane,Bhiwandi,Valpada,0,1,0,1,1,1,,,High,19.26077,73.04335,"Vishnunagar PO, Thane (3.0 km)",0,open map,,
Area,Maharashtra,Thane,Bhiwandi,Yewai,0,1,0,1,0,0,,,Low,,,,,,,
Area,Maharashtra,Thane,Bhiwandi,(area not known),11,14,0,25,13,8,1,2,Low,19.24947,73.09573,"Vishnunagar PO, Thane (3.2 km)",6.1,open map,,
City,Maharashtra,Thane,Kalyan,,21,90,0,111,54,90,8,91,Medium,19.23991,73.13342,"Vishnunagar PO, Thane (7.2 km)",3.9,open map,,
Area,Maharashtra,Thane,Kalyan,Bhoiwada,5,7,0,12,8,10,1,7,High,19.23995,73.12849,"Vishnunagar PO, Thane (6.7 km)",0.2,open map,,
Area,Maharashtra,Thane,Kalyan,Khadakpada,2,10,0,12,9,12,,13,High,19.25559,73.13297,"Vishnunagar PO, Thane (6.6 km)",1.1,open map,,
Area,Maharashtra,Thane,Kalyan,Hanuman Nagar,0,7,0,7,2,7,,7,High,19.2259,73.14134,"Mangrul PO, Thane (6.4 km)",1,open map,,
Area,Maharashtra,Thane,Kalyan,Kalyan East,1,5,0,6,4,3,3,6,Medium,19.22956,73.13783,"Mangrul PO, Thane (6.9 km)",0,open map,,
Area,Maharashtra,Thane,Kalyan,Chinchpada Gaon,0,5,0,5,2,5,,6,High,19.21113,73.14078,"Mangrul PO, Thane (4.8 km)",2.6,open map,,
Area,Maharashtra,Thane,Kalyan,Gopal krishna Nagar,0,4,0,4,2,4,,4,High,19.22003,73.12911,"Mangrul PO, Thane (6.2 km)",0.3,open map,,
Area,Maharashtra,Thane,Kalyan,Kalyan West,0,4,0,4,2,3,,4,High,19.2509,73.12476,"Vishnunagar PO, Thane (5.9 km)",0,open map,,
Area,Maharashtra,Thane,Kalyan,Bhoirwadi,1,2,0,3,2,2,,,Medium,19.25306,73.1412,"Vishnunagar PO, Thane (7.5 km)",0.3,open map,,
Area,Maharashtra,Thane,Kalyan,Gauripada,0,3,0,3,1,2,,2,Medium,19.25003,73.15137,"Rayate PO, Thane (6.9 km)",0.2,open map,,
Area,Maharashtra,Thane,Kalyan,Lok Dhara,0,3,0,3,0,3,,2,High,19.22927,73.12986,"Mangrul PO, Thane (7.1 km)",0.3,open map,,
Area,Maharashtra,Thane,Kalyan,Nandivali Gaon,1,2,0,3,1,2,1,1,Medium,19.22653,73.14776,"Mangrul PO, Thane (6.3 km)",2.2,open map,,
Area,Maharashtra,Thane,Kalyan,Shivaji Colony,1,2,0,3,1,2,,1,Medium,19.22634,73.12819,"Mangrul PO, Thane (6.9 km)",0.6,open map,,
Area,Maharashtra,Thane,Kalyan,Syndicate,0,3,0,3,1,3,,3,High,19.24173,73.149,"Rayate PO, Thane (7.2 km)",0,open map,,
Area,Maharashtra,Thane,Kalyan,Dudh Nakah,0,2,0,2,1,2,,2,High,19.24312,73.12184,"Vishnunagar PO, Thane (5.9 km)",0,open map,,
Area,Maharashtra,Thane,Kalyan,Dwarli Gaon,1,1,0,2,1,2,,,High,19.20498,73.13514,"Mangrul PO, Thane (4.5 km)",0,open map,,
Area,Maharashtra,Thane,Kalyan,Lokgram,0,2,0,2,2,2,,3,High,19.21629,73.1454,"Mangrul PO, Thane (5.2 km)",2.2,open map,,
Area,Maharashtra,Thane,Kalyan,Rambaug,1,1,0,2,1,1,1,1,Medium,19.24286,73.13329,"Vishnunagar PO, Thane (7.0 km)",0,open map,,
Area,Maharashtra,Thane,Kalyan,Tilak Nagar,0,2,0,2,1,2,,2,High,19.24494,73.13413,"Vishnunagar PO, Thane (7.0 km)",1.2,open map,,
Area,Maharashtra,Thane,Kalyan,Anandwadi,0,1,0,1,0,1,,,High,19.22893,73.14269,"Mangrul PO, Thane (6.7 km)",0,open map,,
Area,Maharashtra,Thane,Kalyan,Aundh,1,0,0,1,1,1,,,Low,19.24784,73.10697,"Vishnunagar PO, Thane (4.3 km)",0,open map,,
Area,Maharashtra,Thane,Kalyan,Indira Nagar,0,1,0,1,1,1,,1,High,19.24497,73.14813,"Rayate PO, Thane (7.2 km)",0,open map,,
Area,Maharashtra,Thane,Kalyan,Kongaon,0,1,0,1,0,1,,,Low,19.2475,73.10733,"Vishnunagar PO, Thane (4.3 km)",0,open map,,
Area,Maharashtra,Thane,Kalyan,Purnima,0,1,0,1,0,1,,,High,19.23888,73.13622,"Vishnunagar PO, Thane (7.5 km)",0,open map,,
Area,Maharashtra,Thane,Kalyan,Santosh Nagar,1,0,0,1,0,0,,2,Low,,,,,,,
Area,Maharashtra,Thane,Kalyan,Sape,1,0,0,1,0,0,1,,Low,,,,,,,
Area,Maharashtra,Thane,Kalyan,Usha Nagar,0,1,0,1,0,1,,,High,19.24405,73.14914,"Rayate PO, Thane (7.1 km)",0,open map,,
Area,Maharashtra,Thane,Kalyan,Valdhuni,0,1,0,1,0,0,1,1,Low,,,,,,,
Area,Maharashtra,Palghar,Kalyan,Virar Phata,1,0,0,1,1,1,,,Low,19.32582,72.97163,"Bhiwandi PO, Thane (9.6 km)",0,open map,,
Area,Maharashtra,Thane,Kalyan,(area not known),4,19,0,23,10,16,,2,Low,19.22795,73.13939,"Mangrul PO, Thane (6.7 km)",4,open map,,
City,Maharashtra,Thane,Dombivli,,18,84,0,102,36,88,2,83,High,19.21366,73.08898,"Vishnunagar PO, Thane (6.2 km)",3.6,open map,,
Area,Maharashtra,Thane,Dombivli,Dombivli East,10,47,0,57,17,49,2,44,High,19.20812,73.09418,"Vishnunagar PO, Thane (7.0 km)",5.6,open map,,
Area,Maharashtra,Thane,Dombivli,Dombivli West,3,22,0,25,10,24,,25,High,19.21987,73.08245,"Vishnunagar PO, Thane (5.4 km)",1,open map,,
Area,Maharashtra,Thane,Dombivli,Devicha Pada,0,3,0,3,2,3,,1,High,19.22784,73.08416,"Vishnunagar PO, Thane (4.6 km)",0.2,open map,,
Area,Maharashtra,Thane,Dombivli,Kalu Nagar,0,3,0,3,1,3,,4,High,19.22372,73.08081,"Vishnunagar PO, Thane (4.9 km)",0.3,open map,,
Area,Maharashtra,Thane,Dombivli,Ambadi Naka,0,1,0,1,0,1,,,Low,19.21844,73.08616,"Vishnunagar PO, Thane (5.6 km)",0,open map,,
Area,Maharashtra,Thane,Dombivli,Chole Gaon,0,1,0,1,0,1,,3,High,19.22494,73.09928,"Vishnunagar PO, Thane (5.5 km)",0,open map,,
Area,Maharashtra,Thane,Dombivli,Mhatre Nagar,0,1,0,1,1,1,,2,High,19.21119,73.08238,"Vishnunagar PO, Thane (6.3 km)",0,open map,,
Area,Maharashtra,Thane,Dombivli,Thakurli,0,1,0,1,1,1,,,High,19.2262,73.10308,"Vishnunagar PO, Thane (5.6 km)",0,open map,,
Area,Maharashtra,Thane,Dombivli,Thakurli E West Bridge,0,1,0,1,0,1,,,High,19.22341,73.09877,"Vishnunagar PO, Thane (5.6 km)",0,open map,,
Area,Maharashtra,Thane,Dombivli,Vikas Naka,0,1,0,1,1,1,,,High,19.22183,73.11518,"Vishnunagar PO, Thane (6.8 km)",0,open map,,
Area,Maharashtra,Thane,Dombivli,(area not known),5,3,0,8,3,3,,1,Low,19.22649,73.09067,"Vishnunagar PO, Thane (4.9 km)",1.2,open map,,
City,Maharashtra,Thane,Thane,,23,78,0,101,74,78,3,77,Medium,19.20508,72.97793,"Airoli PO, Thane (6.3 km)",21.3,open map,,
Area,Maharashtra,Thane,Thane,Thane West,5,33,0,38,32,38,,40,High,19.22584,72.97257,"Airoli PO, Thane (8.7 km)",6.7,open map,,
Area,Maharashtra,Thane,Thane,Diva,0,6,0,6,6,6,,2,High,19.18371,73.05737,"Airoli PO, Thane (7.4 km)",0.9,open map,,
Area,Maharashtra,Thane,Thane,Mumbra,0,6,0,6,4,5,,3,High,19.17035,73.06203,"Airoli PO, Thane (7.2 km)",11.2,open map,,
Area,Maharashtra,Thane,Thane,Datiwali Gaon,1,3,0,4,3,4,,4,High,19.18372,73.06001,"Airoli PO, Thane (7.6 km)",0.1,open map,,
Area,Maharashtra,Thane,Thane,Kalwa,0,4,0,4,3,4,,2,High,19.20203,73.00204,"Airoli PO, Thane (5.7 km)",0.1,open map,,
Area,Maharashtra,Thane,Thane,Shilphata,0,3,0,3,3,2,,2,Low,19.13012,73.05153,"Airoli PO, Thane (6.3 km)",1.8,open map,,
Area,Maharashtra,Thane,Thane,Borivali Tarf Sonale,0,2,0,2,0,2,,,Low,19.34563,73.1354,"Virar East PO, Palghar (3.3 km)",0.2,open map,,
Area,Maharashtra,Thane,Thane,Daighar Gaon,0,2,0,2,2,2,,2,High,19.13699,73.05051,"Airoli PO, Thane (5.9 km)",0.2,open map,,
Area,Maharashtra,Thane,Thane,Majiwada,1,1,0,2,1,0,1,,Low,,,,,,,
Area,Maharashtra,Thane,Thane,Manpada,1,1,0,2,0,0,,,Low,,,,,,,
Area,Maharashtra,Thane,Thane,Upvan,0,2,0,2,1,0,,,Low,,,,,,,
Area,Maharashtra,Thane,Thane,Ambivali West,0,1,0,1,1,1,,1,Low,19.26939,73.16882,"Rayate PO, Thane (5.4 km)",0,open map,,
Area,Maharashtra,Thane,Thane,Gharivali,0,1,0,1,1,1,,1,High,19.17379,73.08405,"Mangrul PO, Thane (7.6 km)",0,open map,,
Area,Maharashtra,Thane,Thane,Katai Village,1,0,0,1,1,1,,1,High,19.17256,73.08282,"Mangrul PO, Thane (7.7 km)",0,open map,,
Area,Maharashtra,Thane,Thane,Khidkali,0,1,0,1,1,1,,,Low,19.15945,73.06773,"Airoli PO, Thane (7.6 km)",0,open map,,
Area,Maharashtra,Thane,Thane,Kukse Bhiwandi,0,1,0,1,0,1,,,Low,19.34538,73.13363,"Virar East PO, Palghar (3.2 km)",0,open map,,
Area,Maharashtra,Thane,Thane,Mukund Nagar,1,0,0,1,1,1,,,High,19.22591,73.16097,"Mangrul PO, Thane (6.2 km)",0,open map,,
Area,Maharashtra,Thane,Thane,Vadape,1,0,0,1,1,1,,1,Low,19.34327,73.1196,"Virar East PO, Palghar (1.9 km)",0,open map,,
Area,Maharashtra,Thane (also Palghar),Thane,(area not known),12,11,0,23,13,8,2,10,Low,19.26246,72.93007,"Uttan PO, Thane (12.7 km)",20.6,open map,,
City,Maharashtra,Palghar,Nala Sopara,,40,41,0,81,60,52,3,81,Low,19.42527,72.82879,"Dongri PO, Palghar (15.7 km)",4.9,open map,,
Area,Maharashtra,Palghar,Nala Sopara,Nalasopara East,12,8,0,20,17,11,3,35,Low,19.43019,72.86569,"Dongri PO, Palghar (17.2 km)",5.7,open map,,
Area,Maharashtra,Palghar,Nala Sopara,Palghar,7,2,0,9,7,1,,,Low,19.40524,72.82854,"Dongri PO, Palghar (13.5 km)",0,open map,,
Area,Maharashtra,Palghar,Nala Sopara,Nalasopara West,2,5,0,7,7,5,,4,Low,19.40354,72.81597,"Dongri PO, Palghar (13.2 km)",35,open map,,
Area,Maharashtra,Palghar,Nala Sopara,Boisar,0,1,0,1,1,1,,,Low,19.43411,72.85501,"Dongri PO, Palghar (17.3 km)",0,open map,,
Area,Maharashtra,Palghar,Nala Sopara,Goregaon West,1,0,0,1,0,1,,,Low,19.41912,72.80278,"Dongri PO, Palghar (14.9 km)",0,open map,,
Area,Maharashtra,Palghar,Nala Sopara,(area not known),18,25,0,43,28,33,,5,Low,19.42623,72.82709,"Dongri PO, Palghar (15.8 km)",4.5,open map,,
City,Maharashtra,Pune,Pune,,14,63,0,77,72,39,2,53,Medium,18.51756,73.93094,"Gondhale Nagar PO, Pune (1.5 km)",9.2,open map,,
Area,Maharashtra,Pune,Pune,Wagholi,0,15,0,15,14,7,1,14,Medium,18.58091,73.98615,"Vagholi PO, Pune (0.4 km)",0.4,open map,,
Area,Maharashtra,Pune,Pune,Mundhwa,0,9,0,9,9,7,1,6,High,18.53168,73.94153,"Mundhva AV PO, Pune (1.2 km)",0.6,open map,,
Area,Maharashtra,Pune,Pune,Hadapsar,0,6,0,6,6,6,,4,High,18.50121,73.93112,"Gondhale Nagar PO, Pune (2.3 km)",1.1,open map,,
Area,Maharashtra,Pune,Pune,Ganesh Peth,1,4,0,5,5,3,,1,Medium,18.51857,73.86079,"A.R. Shala PO, Pune (2.7 km)",0,open map,,
Area,Maharashtra,Pune,Pune,Manjari Budruk,0,3,0,3,3,0,,5,Low,,,,,,,
Area,Maharashtra,Pune,Pune,Bhawani Peth,1,1,0,2,2,2,,1,High,18.50896,73.86859,"A.R. Shala PO, Pune (3.5 km)",0.2,open map,,
Area,Maharashtra,Pune,Pune,Budhwar Peth,1,1,0,2,2,1,,3,Medium,18.51731,73.85927,"A.R. Shala PO, Pune (2.5 km)",0,open map,,
Area,Maharashtra,Pune,Pune,Kondwa,2,0,0,2,1,0,,,Low,,,,,,,
Area,Maharashtra,Pune,Pune,Rasta Peth,0,2,0,2,2,0,,1,Low,,,,,,,
Area,Maharashtra,Pune,Pune,Shukrawar Peth,0,2,0,2,2,2,,2,High,18.51394,73.85946,"A.R. Shala PO, Pune (2.5 km)",0.1,open map,,
Area,Maharashtra,Pune,Pune,Awhalwadi,0,1,0,1,1,0,,,Low,,,,,,,
Area,Maharashtra,Pune,Pune,Bapodi,0,1,0,1,1,0,,,Low,,,,,,,
Area,Maharashtra,Pune,Pune,Camp,0,1,0,1,1,1,,1,High,18.51376,73.87812,"Yerwada PO, Pune (3.7 km)",0,open map,,
Area,Maharashtra,Pune,Pune,Dhayari,1,0,0,1,1,0,,,Low,,,,,,,
Area,Maharashtra,Pune,Pune,Ganj Peth,0,1,0,1,1,1,,,High,18.5107,73.86836,"A.R. Shala PO, Pune (3.5 km)",0,open map,,
Area,Maharashtra,Pune,Pune,Ghule Nagar,0,1,0,1,1,1,,1,High,18.5265,73.95416,"Mundhva AV PO, Pune (2.7 km)",0,open map,,
Area,Maharashtra,Pune,Pune,Gultekadi,0,1,0,1,1,0,,,Low,,,,,,,
Area,Maharashtra,Pune,Pune,Holi Angel Shala,0,1,0,1,1,0,,,Low,,,,,,,
Area,Maharashtra,Pune,Pune,Kashewadi,0,1,0,1,1,1,,2,High,18.50736,73.86858,"A.R. Shala PO, Pune (3.6 km)",0,open map,,
Area,Maharashtra,Pune,Pune,Kothrud,1,0,0,1,1,0,,,Low,,,,,,,
Area,Maharashtra,Pune,Pune,Modi Colony,0,1,0,1,1,1,,1,High,18.51756,73.8748,"Yerwada PO, Pune (3.3 km)",0,open map,,
Area,Maharashtra,Pune,Pune,Nana Peth,1,0,0,1,0,0,,,Low,,,,,,,
Area,Maharashtra,Pune,Pune,Parvati Paytha,0,1,0,1,1,1,,1,High,18.49557,73.85767,"A.R. Shala PO, Pune (3.1 km)",0,open map,,
Area,Maharashtra,Pune,Pune,Pisoli,1,0,0,1,1,0,,,Low,,,,,,,
Area,Maharashtra,Pune,Pune,Rameshwar Chouk,1,0,0,1,1,1,,,High,18.51717,73.85944,"A.R. Shala PO, Pune (2.5 km)",0,open map,,
Area,Maharashtra,Pune,Pune,Raviwar Peth,0,1,0,1,1,1,,1,High,18.51445,73.85951,"A.R. Shala PO, Pune (2.5 km)",0,open map,,
Area,Maharashtra,Pune,Pune,Sadar Bazaar,0,1,0,1,1,1,,1,High,18.51369,73.87803,"Yerwada PO, Pune (3.7 km)",0,open map,,
Area,Maharashtra,Pune,Pune,Sadashiv Peth,1,0,0,1,1,0,,,Low,,,,,,,
Area,Maharashtra,Pune,Pune,Vagholi,0,1,0,1,1,1,,,Low,18.58827,73.99301,"Vagholi PO, Pune (1.2 km)",0,open map,,
Area,Maharashtra,Pune,Pune,Vithai Warehouse,0,1,0,1,1,0,,,Low,,,,,,,
Area,Maharashtra,Pune,Pune,(area not known),3,6,0,9,7,1,,1,Low,18.49666,73.86399,"A.R. Shala PO, Pune (3.6 km)",0,open map,,
City,Maharashtra,Palghar (also Thane),Mira-Bhayandar,,14,54,1,69,54,55,6,96,Medium,19.30042,72.85997,"Dongri PO, Palghar (5.7 km)",4.3,open map,,
Area,Maharashtra,Thane (also Palghar),Mira-Bhayandar,Bhayandar East,3,14,1,18,16,16,1,20,High,19.30467,72.85927,"Dongri PO, Palghar (5.8 km)",0.8,open map,,
Area,Maharashtra,Palghar,Mira-Bhayandar,Bhayandar West,1,8,0,9,9,6,2,9,Medium,19.30428,72.84972,"Dongri PO, Palghar (4.8 km)",0.4,open map,,
Area,Maharashtra,Palghar,Mira-Bhayandar,Bhayandar,1,2,0,3,1,0,,,Low,,,,,,,
Area,Maharashtra,Palghar,Mira-Bhayandar,Andheri,0,1,0,1,1,1,,,Low,19.26423,72.87501,"Uttan PO, Thane (6.9 km)",0,open map,,
Area,Maharashtra,Palghar,Mira-Bhayandar,Kashigaon,1,0,0,1,0,0,,,Low,,,,,,,
Area,Maharashtra,Palghar,Mira-Bhayandar,Naigaon East,1,0,0,1,1,1,,,Low,19.36314,72.85915,"Dongri PO, Palghar (10.2 km)",0,open map,,
Area,Maharashtra,Palghar,Mira-Bhayandar,Rai Village,0,1,0,1,1,1,,,High,19.29698,72.82096,"Dongri PO, Palghar (1.9 km)",0,open map,,
Area,Maharashtra,Palghar,Mira-Bhayandar,Waliv,0,1,0,1,1,1,,,Low,19.32085,72.87776,"Dongri PO, Palghar (8.3 km)",0,open map,,
Area,Maharashtra,Palghar,Mira-Bhayandar,(area not known),7,27,0,34,24,29,3,64,High,19.28633,72.86337,"Dongri PO, Palghar (5.7 km)",8.8,open map,,
City,Maharashtra,Palghar,Virar,,24,43,0,67,37,52,,125,Medium,19.45986,72.82114,"Dongri PO, Palghar (19.5 km)",7.1,open map,,
Area,Maharashtra,Palghar,Virar,Virar East,13,19,0,32,18,25,,54,High,19.45978,72.81544,"Dongri PO, Palghar (19.4 km)",2.5,open map,,
Area,Maharashtra,Palghar,Virar,Virar West,2,10,0,12,8,10,,38,High,19.45225,72.80569,"Dongri PO, Palghar (18.6 km)",6.5,open map,,
Area,Maharashtra,Palghar,Virar,Chandansar,6,3,0,9,3,8,,6,High,19.47146,72.83418,"Dongri PO, Palghar (20.9 km)",7,open map,,
Area,Maharashtra,Palghar,Virar,Dahisar,0,1,0,1,1,1,,,Low,19.4749,72.89322,"Dongri PO, Palghar (22.9 km)",0,open map,,
Area,Maharashtra,Palghar,Virar,Manjari Khurd,0,1,0,1,1,1,,,Low,19.45379,72.80991,"Dongri PO, Palghar (18.8 km)",0,open map,,
Area,Maharashtra,Palghar,Virar,Pelhar,0,1,0,1,1,1,,,Low,19.45935,72.88411,"Dongri PO, Palghar (20.9 km)",0,open map,,
Area,Maharashtra,Palghar,Virar,(area not known),3,8,0,11,5,6,,5,Low,19.46852,72.88735,"Dongri PO, Palghar (22.0 km)",0.6,open map,,
City,Maharashtra,Thane,Badlapur,,7,59,0,66,30,56,3,56,High,19.16589,73.23875,"Mangrul PO, Thane (8.7 km)",3.3,open map,,
Area,Maharashtra,Thane,Badlapur,Kulgaon,1,10,0,11,4,10,,11,High,19.1609,73.23875,"Mangrul PO, Thane (8.7 km)",0.8,open map,,
Area,Maharashtra,Thane,Badlapur,Belavali,0,8,0,8,4,7,1,5,High,19.17763,73.2266,"Mangrul PO, Thane (7.4 km)",0.3,open map,,
Area,Maharashtra,Thane,Badlapur,Katrap,2,4,0,6,2,4,1,4,Medium,19.16751,73.23171,"Mangrul PO, Thane (7.9 km)",0.3,open map,,
Area,Maharashtra,Thane,Badlapur,Dattanagar,1,4,0,5,5,5,,4,High,19.18801,73.21785,"Mangrul PO, Thane (6.8 km)",2.1,open map,,
Area,Maharashtra,Thane,Badlapur,Rameshwadi,0,5,0,5,2,5,,5,High,19.16442,73.24964,"Vangani PO, Thane (9.4 km)",0.2,open map,,
Area,Maharashtra,Thane,Badlapur,Badlapur Gaon,0,4,0,4,1,4,,4,High,19.15788,73.26124,"Vangani PO, Thane (8.2 km)",0.1,open map,,
Area,Maharashtra,Thane,Badlapur,Sanewadi,1,3,0,4,2,4,,4,High,19.16589,73.24413,"Mangrul PO, Thane (9.2 km)",0.1,open map,,
Area,Maharashtra,Thane,Badlapur,Station Pada,1,3,0,4,2,2,1,2,Medium,19.18572,73.22393,"Rayate PO, Thane (7.3 km)",2.8,open map,,
Area,Maharashtra,Thane,Badlapur,Manjarli,0,3,0,3,1,3,,5,High,19.17381,73.23989,"Mangrul PO, Thane (8.8 km)",0.2,open map,,
Area,Maharashtra,Thane,Badlapur,Shirgaon,0,3,0,3,2,3,,2,High,19.15448,73.23416,"Mangrul PO, Thane (8.4 km)",0.2,open map,,
Area,Maharashtra,Thane,Badlapur,Badlapur East,0,2,0,2,0,0,,,Low,,,,,,,
Area,Maharashtra,Thane,Badlapur,Gaodevi,0,2,0,2,0,2,,1,High,19.15927,73.24318,"Mangrul PO, Thane (9.2 km)",0.2,open map,,
Area,Maharashtra,Thane,Badlapur,Kharvai,0,2,0,2,1,2,,3,High,19.14817,73.24645,"Vangani PO, Thane (8.2 km)",0,open map,,
Area,Maharashtra,Thane,Badlapur,Joveli Gaon,0,1,0,1,1,1,,1,High,19.14569,73.24711,"Vangani PO, Thane (7.9 km)",0,open map,,
Area,Maharashtra,Thane,Badlapur,Mangrul,0,1,0,1,1,1,,,High,19.17254,73.16989,"Mangrul PO, Thane (1.4 km)",0,open map,,
Area,Maharashtra,Thane,Badlapur,Mankivali,0,1,0,1,0,1,,1,High,19.14564,73.24537,"Vangani PO, Thane (8.0 km)",0,open map,,
Area,Maharashtra,Thane,Badlapur,(area not known),1,3,0,4,2,2,,1,Low,19.1541,73.24108,"Vangani PO, Thane (9.0 km)",2,open map,,
City,Maharashtra,Thane,Ulhasnagar,,8,52,0,60,28,51,1,47,High,19.23109,73.16157,"Rayate PO, Thane (6.2 km)",2.9,open map,,
Area,Maharashtra,Thane,Ulhasnagar,Vitthalwadi,1,11,0,12,7,10,,13,High,19.22932,73.15539,"Mangrul PO, Thane (6.6 km)",2,open map,,
Area,Maharashtra,Thane,Ulhasnagar,Press Bazar,1,6,0,7,3,6,,7,High,19.23174,73.16168,"Rayate PO, Thane (6.2 km)",0.1,open map,,
Area,Maharashtra,Thane,Ulhasnagar,Krishna Nagar,2,4,0,6,2,6,,7,High,19.21019,73.15981,"Mangrul PO, Thane (4.5 km)",0.8,open map,,
Area,Maharashtra,Thane,Ulhasnagar,Ramayan Nagar,0,5,0,5,4,5,,3,High,19.22624,73.16283,"Mangrul PO, Thane (6.3 km)",1.4,open map,,
Area,Maharashtra,Thane,Ulhasnagar,Sidhi Vinayak Nagar,1,4,0,5,2,5,,2,High,19.23845,73.16343,"Rayate PO, Thane (5.8 km)",0.2,open map,,
Area,Maharashtra,Thane,Ulhasnagar,Mukund Nagar,1,3,0,4,1,4,,4,High,19.23752,73.16625,"Rayate PO, Thane (5.5 km)",0.4,open map,,
Area,Maharashtra,Thane,Ulhasnagar,Kailash Colony,0,3,0,3,1,3,,,High,19.20184,73.1703,"Mangrul PO, Thane (3.8 km)",0.4,open map,,
Area,Maharashtra,Thane,Ulhasnagar,Ambivali,0,2,0,2,1,2,,1,Low,19.26589,73.1726,"Rayate PO, Thane (4.9 km)",0.3,open map,,
Area,Maharashtra,Thane,Ulhasnagar,Khemani Industry Area,0,2,0,2,1,2,,1,High,19.2486,73.18193,"Rayate PO, Thane (3.7 km)",0.1,open map,,
Area,Maharashtra,Thane,Ulhasnagar,Shahad,0,2,0,2,2,2,,1,High,19.24393,73.16033,"Rayate PO, Thane (6.0 km)",0.4,open map,,
Area,Maharashtra,Thane,Ulhasnagar,Shanti Nagar,0,2,0,2,1,2,,1,High,19.2307,73.15421,"Mangrul PO, Thane (6.7 km)",0.3,open map,,
Area,Maharashtra,Thane,Ulhasnagar,Ashale Gaon,1,0,0,1,0,0,1,,Low,,,,,,,
Area,Maharashtra,Thane,Ulhasnagar,Birla Gate,0,1,0,1,0,1,,1,High,19.24431,73.1626,"Rayate PO, Thane (5.7 km)",0,open map,,
Area,Maharashtra,Thane,Ulhasnagar,Manera Gaon,0,1,0,1,1,1,,,High,19.20841,73.15533,"Mangrul PO, Thane (4.2 km)",0,open map,,
Area,Maharashtra,Thane,Ulhasnagar,Yashwant Colony,0,1,0,1,0,1,,1,High,19.19258,73.20359,"Mangrul PO, Thane (5.6 km)",0,open map,,
Area,Maharashtra,Thane,Ulhasnagar,(area not known),1,5,0,6,2,1,,2,Low,19.22589,73.16068,"Mangrul PO, Thane (6.2 km)",0,open map,,
City,Maharashtra,Thane (also Raigad),Navi Mumbai,,13,42,0,55,36,45,2,62,Medium,19.06998,73.1134,"Kharghar PO, Raigad (5.1 km)",10.3,open map,,
Area,Maharashtra,Raigad (also Thane),Raigad,Taloja,3,13,0,16,12,15,,10,Medium,19.0725,73.11711,"Kharghar PO, Raigad (5.5 km)",9.8,open map,,
Area,Maharashtra,Raigad,Raigad,Panvel,0,10,0,10,7,9,1,7,High,18.98781,73.1134,"Kharghar PO, Raigad (8.3 km)",2.1,open map,,
Area,Maharashtra,Thane,Navi Mumbai,Turbhe,3,5,0,8,5,7,,11,High,19.0716,73.01783,"Kharghar PO, Raigad (6.0 km)",0.3,open map,,
Area,Maharashtra,Raigad,Raigad,Kharghar,1,2,0,3,2,3,,5,High,19.05203,73.07568,"Kharghar PO, Raigad (0.6 km)",0.3,open map,,
Area,Maharashtra,Thane,Navi Mumbai,Nerul,2,1,0,3,0,1,,6,Low,19.2441,73.14917,"Rayate PO, Thane (7.1 km)",0,open map,,
Area,Maharashtra,Thane,Navi Mumbai,Vashi,1,2,0,3,3,3,,3,High,19.07261,73.01797,"Kharghar PO, Raigad (6.0 km)",0,open map,,
Area,Maharashtra,Thane,Navi Mumbai,Rohinjan,0,2,0,2,2,2,,2,High,19.09236,73.07581,"Kharghar PO, Raigad (4.8 km)",0,open map,,
Area,Maharashtra,Thane,Navi Mumbai,CBD Belapur,1,0,0,1,0,1,,,High,19.02488,73.0427,"Kharghar PO, Raigad (4.0 km)",0,open map,,
Area,Maharashtra,Thane,Navi Mumbai,Dahisar,0,1,0,1,1,1,,,High,19.12767,73.05512,"Airoli PO, Thane (6.7 km)",0,open map,,
Area,Maharashtra,Thane,Navi Mumbai,Kopar Khairane,1,0,0,1,0,0,,5,Low,,,,,,,
Area,Maharashtra,Thane,Navi Mumbai,Rabale,0,1,0,1,0,0,,1,Low,,,,,,,
Area,Maharashtra,Raigad,Raigad,Raigad,0,1,0,1,1,1,,,High,19.05951,73.11548,"Kharghar PO, Raigad (4.9 km)",0,open map,,
Area,Maharashtra,Thane,Navi Mumbai,Shilphata,0,1,0,1,1,0,1,,Low,,,,,,,
Area,Maharashtra,Thane,Navi Mumbai,(area not known),1,3,0,4,2,2,,2,Medium,18.9735,73.17151,"Matheran PO, Raigad (9.9 km)",23.7,open map,,
City,Maharashtra,Palghar,Boisar,,36,19,0,55,34,0,2,23,Low,,,,,,,
Area,Maharashtra,Palghar,Boisar,Sanjay Nagar,5,4,0,9,6,0,1,7,Low,,,,,,,
Area,Maharashtra,Palghar,Boisar,Vanipada,3,2,0,5,4,0,,,Low,,,,,,,
Area,Maharashtra,Palghar,Boisar,Awadh Nagar,3,1,0,4,2,0,1,4,Low,,,,,,,
Area,Maharashtra,Palghar,Boisar,Mahavir Nagar,4,0,0,4,4,0,,2,Low,,,,,,,
Area,Maharashtra,Palghar,Boisar,Betegaon,0,1,0,1,1,0,,,Low,,,,,,,
Area,Maharashtra,Palghar,Boisar,Katkar,0,1,0,1,0,0,,,Low,,,,,,,
Area,Maharashtra,Palghar,Boisar,Midc,1,0,0,1,1,0,,,Low,,,,,,,
Area,Maharashtra,Palghar,Boisar,West,0,1,0,1,1,0,,1,Low,,,,,,,
Area,Maharashtra,Palghar,Boisar,(area not known),20,9,0,29,15,0,,4,Low,,,,,,,
City,Maharashtra,Thane,Ambernath,,9,43,0,52,28,34,2,42,Medium,19.20167,73.19371,"Mangrul PO, Thane (5.3 km)",2.7,open map,,
Area,Maharashtra,Thane,Ambernath,Additional M.I.D.C,2,12,0,14,8,12,2,12,High,19.18307,73.19219,"Mangrul PO, Thane (4.0 km)",0.7,open map,,
Area,Maharashtra,Thane,Ambernath,MIDC East,0,6,0,6,3,6,,1,High,19.19391,73.21322,"Rayate PO, Thane (6.4 km)",2,open map,,
Area,Maharashtra,Thane,Ambernath,Vandrapada,0,4,0,4,4,4,,3,High,19.21212,73.18995,"Rayate PO, Thane (5.2 km)",0.4,open map,,
Area,Maharashtra,Thane,Ambernath,Housing Board Colony,0,3,0,3,2,3,,6,High,19.20562,73.20089,"Rayate PO, Thane (5.3 km)",0.5,open map,,
Area,Maharashtra,Thane,Ambernath,Morivali,1,2,0,3,2,3,,,High,19.20224,73.20524,"Rayate PO, Thane (5.6 km)",0.1,open map,,
Area,Maharashtra,Thane,Ambernath,New Balaji Nagar,0,2,0,2,0,2,,2,High,19.2077,73.20027,"Rayate PO, Thane (5.1 km)",0.2,open map,,
Area,Maharashtra,Thane,Ambernath,Ambernath East,0,1,0,1,1,1,,,High,19.20548,73.18637,"Mangrul PO, Thane (5.0 km)",0,open map,,
Area,Maharashtra,Thane,Ambernath,Deepak Nagar,0,1,0,1,1,0,,3,Low,,,,,,,
Area,Maharashtra,Thane,Ambernath,Gautam Nagar,0,1,0,1,1,1,,2,High,19.21519,73.19785,"Rayate PO, Thane (4.5 km)",0,open map,,
Area,Maharashtra,Thane,Ambernath,Kansai Section,0,1,0,1,1,1,,2,High,19.21338,73.1857,"Rayate PO, Thane (5.3 km)",0,open map,,
Area,Maharashtra,Thane,Ambernath,Kher,0,1,0,1,1,0,,,Low,,,,,,,
Area,Maharashtra,Thane,Ambernath,Matoshree Nagar,0,1,0,1,0,0,,,Low,,,,,,,
Area,Maharashtra,Thane,Ambernath,Old Bhendipada,0,1,0,1,0,1,,2,High,19.21319,73.18432,"Rayate PO, Thane (5.4 km)",0,open map,,
Area,Maharashtra,Thane,Ambernath,Vadavali,0,1,0,1,0,0,,2,Low,,,,,,,
Area,Maharashtra,Thane,Ambernath,(area not known),6,6,0,12,4,0,,,Low,,,,,,,
City,Maharashtra,Solapur,Solapur,,32,11,0,43,36,36,1,35,High,17.67402,75.9099,"Karamba PO, Solapur (11.1 km)",5.9,open map,,
Area,Maharashtra,Solapur,Solapur,Jule,7,0,0,7,5,6,1,3,High,17.62917,75.90465,"Hattur PO, Solapur (9.1 km)",0.6,open map,,
Area,Maharashtra,Solapur,Solapur,Budhavar Peth,3,3,0,6,5,6,,5,High,17.68051,75.90458,"Karamba PO, Solapur (10.2 km)",0.6,open map,,
Area,Maharashtra,Solapur,Solapur,Mangalwar Peth,2,2,0,4,2,4,,1,High,17.68105,75.90833,"Karamba PO, Solapur (10.3 km)",0.3,open map,,
Area,Maharashtra,Solapur,Solapur,Keshav Nagra,2,1,0,3,3,3,,2,High,17.66001,75.91041,"Hattur PO, Solapur (12.5 km)",0,open map,,
Area,Maharashtra,Solapur,Solapur,Rangraj Nagar,0,3,0,3,3,3,,3,High,17.68392,75.94288,"Darganhalli PO, Solapur (8.9 km)",0.2,open map,,
Area,Maharashtra,Solapur,Solapur,Shaniwar Peth,3,0,0,3,3,2,,,Medium,17.67431,75.9162,"Karamba PO, Solapur (11.4 km)",0,open map,,
Area,Maharashtra,Solapur,Solapur,Bhavani Peth,1,1,0,2,2,1,,1,Medium,17.68008,75.90674,"Karamba PO, Solapur (10.3 km)",0,open map,,
Area,Maharashtra,Solapur,Solapur,Hatture Vasti,2,0,0,2,2,2,,2,High,17.62349,75.93213,"Hattur PO, Solapur (9.4 km)",0.2,open map,,
Area,Maharashtra,Solapur,Solapur,Akkalkot,1,0,0,1,1,1,,1,High,17.39244,75.97769,"Mangrul PO, Solapur (4.6 km)",0,open map,,
Area,Maharashtra,Solapur,Solapur,Bhadravathi Peth,1,0,0,1,1,1,,2,High,17.67166,75.91615,"Karamba PO, Solapur (11.6 km)",0,open map,,
Area,Maharashtra,Solapur,Solapur,Ganesh Nagar,1,0,0,1,0,1,,,High,17.64536,75.89964,"Hattur PO, Solapur (10.8 km)",0,open map,,
Area,Maharashtra,Solapur,Solapur,Jodibhavi Peth,1,0,0,1,1,1,,2,High,17.68047,75.9143,"Karamba PO, Solapur (10.7 km)",0,open map,,
Area,Maharashtra,Solapur,Solapur,Lashkar,0,1,0,1,1,1,,3,High,17.65953,75.91037,"Hattur PO, Solapur (12.5 km)",0,open map,,
Area,Maharashtra,Solapur,Solapur,Rana Pratap Nagar,1,0,0,1,1,0,,,Low,,,,,,,
Area,Maharashtra,Solapur,Solapur,Sainath Nagar,1,0,0,1,1,1,,1,High,17.63943,75.91813,"Hattur PO, Solapur (10.5 km)",0,open map,,
Area,Maharashtra,Solapur,Solapur,Sakhar Peth,1,0,0,1,1,1,,,High,17.67372,75.91997,"Darganhalli PO, Solapur (11.4 km)",0,open map,,
Area,Maharashtra,Solapur,Solapur,Walsang,1,0,0,1,1,1,,1,Low,17.58588,76.08656,"Valsang PO, Solapur (0.7 km)",0,open map,,
Area,Maharashtra,Solapur,Solapur,(area not known),4,0,0,4,3,1,,4,Low,17.89313,75.01865,"Akluj PO, Solapur (0.3 km)",0,open map,,
City,Maharashtra,Kolhapur,Kolhapur,,17,23,1,41,34,31,2,29,Medium,16.69872,74.23439,"Top PO, Kolhapur (11.5 km)",1.4,open map,,
Area,Maharashtra,Kolhapur,Kolhapur,Shahupuri,3,7,0,10,9,8,1,8,High,16.70227,74.23656,"Top PO, Kolhapur (11.1 km)",0.5,open map,,
Area,Maharashtra,Kolhapur,Kolhapur,New Shahupuri,2,3,0,5,5,4,,3,High,16.70401,74.23332,"Top PO, Kolhapur (11.1 km)",0.2,open map,,
Area,Maharashtra,Kolhapur,Kolhapur,Shivaji Udyam Nagar,2,3,0,5,4,4,,3,High,16.69321,74.23483,"Top PO, Kolhapur (12.1 km)",0.1,open map,,
Area,Maharashtra,Kolhapur,Kolhapur,Laxmipuri,2,1,0,3,2,2,1,4,Medium,16.70009,74.23004,"Yavluj PO, Kolhapur (11.5 km)",0,open map,,
Area,Maharashtra,Kolhapur,Kolhapur,Kavlapur,0,2,0,2,2,2,,2,High,16.69864,74.2249,"Yavluj PO, Kolhapur (11.0 km)",0,open map,,
Area,Maharashtra,Kolhapur,Kolhapur,Y.P.Powar nagar,2,0,0,2,1,2,,1,High,16.69602,74.23259,"Yavluj PO, Kolhapur (11.9 km)",0.5,open map,,
Area,Maharashtra,Kolhapur,Kolhapur,Yadav Nagar,1,0,1,2,1,2,,,High,16.6911,74.23821,"Top PO, Kolhapur (12.1 km)",0.3,open map,,
Area,Maharashtra,Kolhapur,Kolhapur,Bapat Camp,0,1,0,1,1,1,,,High,16.70861,74.28206,"Rukadi PO, Kolhapur (7.8 km)",0,open map,,
Area,Maharashtra,Kolhapur,Kolhapur,Jagatap,1,0,0,1,1,1,,,High,16.66712,74.2235,"Yavluj PO, Kolhapur (12.6 km)",0,open map,,
Area,Maharashtra,Kolhapur,Kolhapur,Manganwlar Peth,0,1,0,1,1,1,,1,High,16.69383,74.22919,"Yavluj PO, Kolhapur (11.6 km)",0,open map,,
Area,Maharashtra,Kolhapur,Kolhapur,Papachi Tikati,1,0,0,1,0,1,,,High,16.69834,74.22168,"Yavluj PO, Kolhapur (10.7 km)",0,open map,,
Area,Maharashtra,Kolhapur,Kolhapur,Rajarampuri,0,1,0,1,0,1,,1,High,16.69674,74.23917,"Top PO, Kolhapur (11.5 km)",0,open map,,
Area,Maharashtra,Kolhapur,Kolhapur,Shastri Nagar,0,1,0,1,1,1,,,High,16.6907,74.23755,"Top PO, Kolhapur (12.2 km)",0,open map,,
Area,Maharashtra,Kolhapur,Kolhapur,Tarabai Park,0,1,0,1,1,0,,1,Low,,,,,,,
Area,Maharashtra,Kolhapur,Kolhapur,(area not known),3,2,0,5,5,1,,3,Low,16.69015,74.30475,"Rukadi PO, Kolhapur (6.3 km)",0,open map,,
City,Maharashtra,Thane,(city not known),,11,12,0,23,11,0,,,Low,,,,,,,
Area,Maharashtra,Thane,Wagle Estate,Wagle Estate,3,1,0,4,2,0,,,Low,,,,,,,
Area,Maharashtra,Thane, ,As Per Order,1,2,0,3,1,0,,,Low,,,,,,No,
Area,Maharashtra,Thane,Mankoli Naka,Mankoli Naka,0,2,0,2,2,0,,,Low,,,,,,,
Area,Maharashtra,Thane, ,Cash,1,0,0,1,0,0,,,Low,,,,,,No,
Area,Maharashtra,Thane,Janta Market,Janta Market,1,0,0,1,0,0,,,Low,,,,,,,
Area,Maharashtra,Thane,Suchak Naka,Suchak Naka,0,1,0,1,0,0,,,Low,,,,,,,
Area,Maharashtra,Thane,Taloja MIDC,Taloja MIDC,1,0,0,1,0,0,,,Low,,,,,,,
Area,Maharashtra,Thane,Tembhi Naka,Tembhi Naka,1,0,0,1,0,0,,,Low,,,,,,,
Area,Maharashtra,Thane,Tungar Phata,Tungar Phata,0,1,0,1,1,0,,,Low,,,,,,,
Area,Maharashtra,Thane,(city not known),(area not known),3,5,0,8,5,0,,,Low,,,,,,,
City,Maharashtra,Latur (also Osmanabad),Latur,,11,11,0,22,15,17,4,11,High,18.40023,76.5643,"Lamjana PO, Latur (11.6 km)",2.1,open map,,
Area,Maharashtra,Latur,Latur,Ganj Golai,3,3,0,6,4,5,1,2,High,18.3991,76.58326,"Lamjana PO, Latur (13.4 km)",0.2,open map,,
Area,Maharashtra,Osmanabad,Latur,Deep Jyoti Nagar,1,3,0,4,3,4,,3,High,18.40577,76.55844,"Lamjana PO, Latur (11.4 km)",0.4,open map,,
Area,Maharashtra,Latur,Latur,Sawe Wadi,2,1,0,3,3,3,,1,High,18.4012,76.5643,"Lamjana PO, Latur (11.7 km)",0,open map,,
Area,Maharashtra,Latur,Latur,Narayan Nagar,2,0,0,2,0,0,2,,Low,,,,,,,
Area,Maharashtra,Osmanabad,Latur,Netaji Nagar,2,0,0,2,1,2,,2,High,18.40023,76.56387,"Lamjana PO, Latur (11.6 km)",0,open map,,
Area,Maharashtra,Latur,Latur,Arvi,0,1,0,1,1,1,,,High,18.4035,76.55716,"Lamjana PO, Latur (11.1 km)",0,open map,,
Area,Maharashtra,Latur,Latur,Khadgaon,1,0,0,1,0,1,,,High,18.39815,76.55829,"Lamjana PO, Latur (11.0 km)",0,open map,,
Area,Maharashtra,Latur,Latur,Patel Nagar,0,1,0,1,1,1,,1,High,18.3853,76.57697,"Lamjana PO, Latur (12.3 km)",0,open map,,
Area,Maharashtra,Osmanabad,Latur,(area not known),0,2,0,2,2,0,1,,Low,,,,,,,
City,Maharashtra,Palghar,Palghar,,12,9,0,21,11,0,,21,Low,,,,,,,
Area,Maharashtra,Palghar,Palghar,Vishnu Nagar,5,4,0,9,6,0,,9,Low,,,,,,,
Area,Maharashtra,Palghar,Palghar,Vevoor,3,1,0,4,3,0,,1,Low,,,,,,,
Area,Maharashtra,Palghar,Palghar,Juna Palghar,1,2,0,3,0,0,,4,Low,,,,,,,
Area,Maharashtra,Palghar,Palghar,Boisar,0,1,0,1,0,0,,1,Low,,,,,,,
Area,Maharashtra,Palghar,Palghar,Kuldeep Nagar,1,0,0,1,1,0,,,Low,,,,,,,
Area,Maharashtra,Palghar,Palghar,Shakti Udyog Nagar,1,0,0,1,0,0,,1,Low,,,,,,,
Area,Maharashtra,Palghar,Palghar,Tembhode,1,0,0,1,1,0,,,Low,,,,,,,
Area,Maharashtra,Palghar,Palghar,(area not known),0,1,0,1,0,0,,3,Low,,,,,,,
City,Maharashtra,Akola,Akola,,5,14,0,19,16,13,1,10,Medium,20.71081,76.99704,"Kaulkhed PO, Akola (4.1 km)",2.3,open map,,
Area,Maharashtra,Akola,Akola,Mominpura,2,3,0,5,4,3,,2,Medium,20.71452,77.00085,"Kaulkhed PO, Akola (4.4 km)",0.1,open map,,
Area,Maharashtra,Akola,Akola,Baid Pura,0,3,0,3,3,3,,3,High,20.71069,76.99732,"Kaulkhed PO, Akola (4.1 km)",0,open map,,
Area,Maharashtra,Akola,Akola,Dahigaon Gawande,0,3,0,3,2,3,,2,High,20.69231,76.98666,"Kaulkhed PO, Akola (2.7 km)",0.1,open map,,
Area,Maharashtra,Akola,Akola,Malipura,2,1,0,3,2,3,,1,High,20.71323,76.99533,"Kaulkhed PO, Akola (4.4 km)",0,open map,,
Area,Maharashtra,Akola,Akola,Midc,0,2,0,2,2,1,1,,Medium,20.68655,77.05295,"Babhulgaon PO, Akola (4.0 km)",0,open map,,
Area,Maharashtra,Akola,Akola,Tapadia Nagar,0,1,0,1,1,0,,,Low,,,,,,,
Area,Maharashtra,Akola,Akola,(area not known),1,1,0,2,2,0,,1,Low,,,,,,,
City,Maharashtra,Aurangabad,Chhatrapati Sambhajinagar,,2,16,0,18,14,6,,5,Low,19.87095,75.34173,"Chikalthana PO, Aurangabad (4.4 km)",1.8,open map,,
Area,Maharashtra,Aurangabad,Chhatrapati Sambhajinagar,Sindhi Colony,0,3,0,3,2,1,,1,Low,19.8718,75.34535,"Chikalthana PO, Aurangabad (4.0 km)",0,open map,,
Area,Maharashtra,Aurangabad,Chhatrapati Sambhajinagar,Cidco,0,2,0,2,2,0,,,Low,,,,,,,
Area,Maharashtra,Aurangabad,Chhatrapati Sambhajinagar,Mondha,0,2,0,2,2,1,,1,Medium,19.88559,75.33811,"Chikalthana PO, Aurangabad (4.7 km)",0,open map,,
Area,Maharashtra,Aurangabad,Chhatrapati Sambhajinagar,New Usmanpura,0,2,0,2,1,2,,,High,19.86157,75.32817,"Chikalthana PO, Aurangabad (6.0 km)",0,open map,,
Area,Maharashtra,Aurangabad,Chhatrapati Sambhajinagar,Ulkanagari,0,2,0,2,2,0,,,Low,,,,,,,
Area,Maharashtra,Aurangabad,Chhatrapati Sambhajinagar,Jaffer Gate,0,1,0,1,1,0,,,Low,,,,,,,
Area,Maharashtra,Aurangabad,Chhatrapati Sambhajinagar,Mukundwadi Bus Stop,0,1,0,1,1,0,,,Low,,,,,,,
Area,Maharashtra,Aurangabad,Chhatrapati Sambhajinagar,Nyay Nagar,0,1,0,1,1,1,,1,High,19.87109,75.35186,"Chikalthana PO, Aurangabad (3.3 km)",0,open map,,
Area,Maharashtra,Aurangabad,Chhatrapati Sambhajinagar,Vishnu Nagar,0,1,0,1,1,1,,2,High,19.8708,75.34549,"Chikalthana PO, Aurangabad (4.0 km)",0,open map,,
Area,Maharashtra,Aurangabad,Chhatrapati Sambhajinagar,(area not known),2,1,0,3,1,0,,,Low,,,,,,,
City,Maharashtra,Buldhana,Buldhana,,12,5,0,17,13,11,1,8,Medium,20.52644,76.17754,"Deulghat PO, Buldhana (6.9 km)",1.5,open map,,
Area,Maharashtra,Buldhana,Buldhana,Chaitanyawadi,2,2,0,4,3,3,1,2,High,20.53426,76.18028,"Deulghat PO, Buldhana (7.3 km)",0.3,open map,,
Area,Maharashtra,Buldhana,Buldhana,Ramnagar,3,1,0,4,3,3,,1,High,20.52577,76.17631,"Deulghat PO, Buldhana (6.7 km)",0,open map,,
Area,Maharashtra,Buldhana,Buldhana,Sai Nagar,2,0,0,2,2,1,,,Medium,20.52633,76.1793,"Deulghat PO, Buldhana (7.0 km)",0,open map,,
Area,Maharashtra,Buldhana,Buldhana,Vishnuwadi,2,0,0,2,2,2,,2,High,20.52681,76.17437,"Deulghat PO, Buldhana (6.5 km)",0.2,open map,,
Area,Maharashtra,Buldhana,Buldhana,Milind Nagar,1,0,0,1,1,1,,1,High,20.51993,76.19196,"Bhadola PO, Buldhana (7.1 km)",0,open map,,
Area,Maharashtra,Buldhana,Buldhana,Mirza Nagar,0,1,0,1,1,1,,1,High,20.53721,76.18607,"Bhadola PO, Buldhana (7.6 km)",0,open map,,
Area,Maharashtra,Buldhana,Buldhana,Venkatesh Nagar,0,1,0,1,1,0,,,Low,,,,,,,
Area,Maharashtra,Buldhana,Buldhana,(area not known),2,0,0,2,0,0,,,Low,,,,,,,
City,Maharashtra,Raigad,Khopoli,,10,7,0,17,11,15,,13,Medium,18.79511,73.3226,"Savroli PO, Raigad (5.6 km)",2.2,open map,,
Area,Maharashtra,Raigad,Khopoli,Yashwant Nagar,4,3,0,7,4,7,,3,High,18.79947,73.32366,"Savroli PO, Raigad (5.4 km)",1.6,open map,,
Area,Maharashtra,Raigad,Khopoli,Laxminagar,1,1,0,2,2,2,,4,High,18.79013,73.34202,"Khandala PO, Pune (4.5 km)",0,open map,,
Area,Maharashtra,Raigad,Khopoli,Takai,0,2,0,2,2,2,,3,High,18.79549,73.30991,"Savroli PO, Raigad (4.7 km)",0.1,open map,,
Area,Maharashtra,Raigad,Khopoli,Khalapur,1,0,0,1,1,1,,,Low,18.79873,73.30162,"Savroli PO, Raigad (3.9 km)",0,open map,,
Area,Maharashtra,Raigad,Khopoli,Niphan,1,0,0,1,1,1,,,Low,18.79928,73.30188,"Savroli PO, Raigad (3.9 km)",0,open map,,
Area,Maharashtra,Raigad,Khopoli,Sajgaon,1,0,0,1,0,1,,,Low,18.78878,73.30867,"Savroli PO, Raigad (5.3 km)",0,open map,,
Area,Maharashtra,Raigad,Khopoli,Shri Ram Nagar,0,1,0,1,1,1,,,High,18.79511,73.33215,"Khandala PO, Pune (5.6 km)",0,open map,,
Area,Maharashtra,Raigad,Khopoli,(area not known),2,0,0,2,0,0,,,Low,,,,,,,
City,Maharashtra,Jalgaon,Jalgaon,,8,9,0,17,16,12,,14,Medium,21.0128,75.5698,"Audyogik Vasahat Jalgaon PO, Jalgaon (0.4 km)",0.3,open map,,
Area,Maharashtra,Jalgaon,Jalgaon,Rampeth,3,1,0,4,4,2,,8,Medium,21.01318,75.57017,"Audyogik Vasahat Jalgaon PO, Jalgaon (0.5 km)",0.1,open map,,
Area,Maharashtra,Jalgaon,Jalgaon,Jaikisan Wadi,1,2,0,3,2,3,,2,High,21.01098,75.568,"Audyogik Vasahat Jalgaon PO, Jalgaon (0.3 km)",0.1,open map,,
Area,Maharashtra,Jalgaon,Jalgaon,Joshi Peth,2,1,0,3,3,3,,,High,21.01351,75.56998,"Audyogik Vasahat Jalgaon PO, Jalgaon (0.4 km)",0,open map,,
Area,Maharashtra,Jalgaon,Jalgaon,Shahunagar,2,1,0,3,3,1,,4,Low,21.01289,75.56848,"Audyogik Vasahat Jalgaon PO, Jalgaon (0.3 km)",0,open map,,
Area,Maharashtra,Jalgaon,Jalgaon,Midc,0,2,0,2,2,2,,,High,21.01266,75.56973,"Audyogik Vasahat Jalgaon PO, Jalgaon (0.4 km)",0,open map,,
Area,Maharashtra,Jalgaon,Jalgaon,Pimprala,0,1,0,1,1,1,,,High,21.00815,75.57265,"Audyogik Vasahat Jalgaon PO, Jalgaon (0.8 km)",0,open map,,
Area,Maharashtra,Jalgaon,Jalgaon,(area not known),0,1,0,1,1,0,,,Low,,,,,,,
City,Maharashtra,Nanded,Nanded,,2,14,0,16,15,15,1,14,High,19.15837,77.31096,"Wajegaon PO, Nanded (4.0 km)",1.8,open map,,
Area,Maharashtra,Nanded,Nanded,Dashmesh Nagar,0,3,0,3,3,3,,2,High,19.15926,77.32244,"Wajegaon PO, Nanded (3.0 km)",0.4,open map,,
Area,Maharashtra,Nanded,Nanded,Harsh Nagar,0,3,0,3,3,3,,2,High,19.15855,77.32039,"Wajegaon PO, Nanded (3.1 km)",0.7,open map,,
Area,Maharashtra,Nanded,Nanded,Kautha,0,3,0,3,3,3,,3,Medium,19.14221,77.30701,"Dhanegaon PO, Nanded (3.6 km)",0,open map,,
Area,Maharashtra,Nanded,Nanded,Vazirabad,0,3,0,3,3,3,,2,Medium,19.1524,77.31096,"Wajegaon PO, Nanded (3.8 km)",0.1,open map,,
Area,Maharashtra,Nanded,Nanded,Vishnu Nagar,2,0,0,2,1,2,,,High,19.16589,77.30464,"Kadegaon PO, Sangli (3.3 km)",0.1,open map,,
Area,Maharashtra,Nanded,Nanded,Gokul Nagar,0,1,0,1,1,1,,1,High,19.16341,77.30599,"Kadegaon PO, Sangli (3.6 km)",0,open map,,
Area,Maharashtra,Nanded,Nanded,(area not known),0,1,0,1,1,0,1,,Low,,,,,,,
City,Maharashtra,Kolhapur,Gandhinagar,,6,9,0,15,12,9,1,6,Medium,16.7056,74.30792,"Rukadi PO, Kolhapur (5.3 km)",1.5,open map,,
Area,Maharashtra,Kolhapur,Gandhinagar,Gad Mudshingi,0,2,0,2,2,2,,,High,16.7056,74.3079,"Rukadi PO, Kolhapur (5.3 km)",0,open map,,
Area,Maharashtra,Kolhapur,Gandhinagar,Sai Baba Colony,0,1,0,1,1,0,,,Low,,,,,,,
Area,Maharashtra,Kolhapur,Gandhinagar,Vasanshah Colony,0,1,0,1,1,0,,,Low,,,,,,,
Area,Maharashtra,Kolhapur,Gandhinagar,(area not known),6,5,0,11,8,7,1,5,Medium,16.70576,74.30828,"Rukadi PO, Kolhapur (5.2 km)",1.6,open map,,
City,Maharashtra,Sangli,Sangli,,8,6,0,14,14,7,1,8,Low,16.86212,74.56491,"Bisur PO, Sangli (6.2 km)",1.6,open map,,
Area,Maharashtra,Sangli,Sangli,Ganapati Peth,2,1,0,3,3,3,,2,Medium,16.86186,74.5649,"Bisur PO, Sangli (6.3 km)",0,open map,,
Area,Maharashtra,Sangli,Sangli,Khanbhag,1,1,0,2,2,0,,1,Low,,,,,,,
Area,Maharashtra,Sangli,Sangli,Sangli Miraj Kupwad,2,0,0,2,2,1,1,1,Medium,16.85223,74.56214,"Bisur PO, Sangli (7.3 km)",0,open map,,
Area,Maharashtra,Sangli,Sangli,Abhay Nagar,0,1,0,1,1,1,,2,High,16.86212,74.58976,"Bisur PO, Sangli (5.1 km)",0,open map,,
Area,Maharashtra,Sangli,Sangli,Gaon Bhag,0,1,0,1,1,0,,,Low,,,,,,,
Area,Maharashtra,Sangli,Sangli,Madhavnagar,1,0,0,1,1,1,,,Low,16.86355,74.56999,"Bisur PO, Sangli (5.8 km)",0,open map,,
Area,Maharashtra,Sangli,Sangli,Nishant Colony,1,0,0,1,1,0,,,Low,,,,,,,
Area,Maharashtra,Sangli,Sangli,Vakhar Bhag,1,0,0,1,1,0,,1,Low,,,,,,,
Area,Maharashtra,Sangli,Sangli,(area not known),0,2,0,2,2,1,,1,Low,16.86249,74.57977,"Bisur PO, Sangli (5.4 km)",0,open map,,
City,Maharashtra,Chandrapur,Chandrapur,,7,6,0,13,13,8,,11,Medium,19.94912,79.29575,"Durgapur PO, Chandrapur (6.3 km)",0.9,open map,,
Area,Maharashtra,Chandrapur,Chandrapur,Bazar Ward,2,5,0,7,7,4,,8,Medium,19.94771,79.29689,"Durgapur PO, Chandrapur (6.4 km)",0.8,open map,,
Area,Maharashtra,Chandrapur,Chandrapur,Babupeth,1,0,0,1,1,1,,,High,19.94733,79.29575,"Durgapur PO, Chandrapur (6.5 km)",0,open map,,
Area,Maharashtra,Chandrapur,Chandrapur,Datta Nagar,1,0,0,1,1,1,,,High,19.976,79.2836,"Padoli PO, Chandrapur (3.4 km)",0,open map,,
Area,Maharashtra,Chandrapur,Chandrapur,Ramnagar,1,0,0,1,1,1,,,High,19.95759,79.29518,"Durgapur PO, Chandrapur (5.4 km)",0,open map,,
Area,Maharashtra,Chandrapur,Chandrapur,Wadgaon,1,0,0,1,1,0,,,Low,,,,,,,
Area,Maharashtra,Chandrapur,Chandrapur,(area not known),1,1,0,2,2,1,,,Medium,19.94955,79.29732,"Durgapur PO, Chandrapur (6.2 km)",0,open map,,
City,Maharashtra,Solapur,Pandharpur,,9,3,0,12,11,8,2,6,Medium,17.68091,75.32599,"Bhose PO, Sangli (4.0 km)",1.1,open map,,
Area,Maharashtra,Solapur,Pandharpur,June Pat,2,1,0,3,3,3,,2,High,17.68451,75.32572,"Bhose PO, Sangli (4.1 km)",0.5,open map,,
Area,Maharashtra,Solapur,Pandharpur,Isbavi,2,0,0,2,2,2,,1,High,17.67969,75.31966,"Bhose PO, Sangli (4.6 km)",0.7,open map,,
Area,Maharashtra,Solapur,Pandharpur,Visthapit Nagar,2,0,0,2,1,2,,,High,17.67107,75.32627,"Bhose PO, Sangli (3.9 km)",0,open map,,
Area,Maharashtra,Aurangabad,Pandharpur,Aurangabad,0,1,0,1,1,0,1,1,Low,,,,,,,
Area,Maharashtra,Solapur,Pandharpur,Bhosale Chowk,1,0,0,1,1,1,,1,High,17.68081,75.32921,"Bhose PO, Sangli (3.7 km)",0,open map,,
Area,Maharashtra,Solapur,Pandharpur,Bhosale Nagar,1,0,0,1,1,0,1,,Low,,,,,,,
Area,Maharashtra,Solapur,Pandharpur,Chouphala,1,0,0,1,1,0,,,Low,,,,,,,
Area,Maharashtra,Solapur,Pandharpur,(area not known),0,1,0,1,1,0,,1,Low,,,,,,,
City,Maharashtra,Ratnagiri,Ratnagiri,,0,11,0,11,11,3,,4,Low,16.99204,73.29636,"Mirya PO, Ratnagiri (5.6 km)",1.6,open map,,
Area,Maharashtra,Ratnagiri,Ratnagiri,Tilak Ali,0,5,0,5,5,0,,,Low,,,,,,,
Area,Maharashtra,Ratnagiri,Ratnagiri,Police Head Quarters,0,2,0,2,2,1,,1,Medium,16.99116,73.29636,"Mirya PO, Ratnagiri (5.6 km)",0,open map,,
Area,Maharashtra,Ratnagiri,Ratnagiri,Bazarpeth,0,1,0,1,1,0,,,Low,,,,,,,
Area,Maharashtra,Ratnagiri,Ratnagiri,Patwardhan Wadi,0,1,0,1,1,1,,1,High,16.99204,73.31374,"Mirya PO, Ratnagiri (6.7 km)",0,open map,,
Area,Maharashtra,Ratnagiri,Ratnagiri,Rajiwada,0,1,0,1,1,0,,1,Low,,,,,,,
Area,Maharashtra,Ratnagiri,Ratnagiri,Sadanand Wadi,0,1,0,1,1,1,,1,High,16.99375,73.28146,"Mirya PO, Ratnagiri (4.7 km)",0,open map,,
City,Maharashtra,Yavatmal,Yavatmal,,8,3,0,11,9,11,,7,High,20.39082,78.13391,"Bhosa PO, Yavatmal (2.5 km)",0.7,open map,,
Area,Maharashtra,Yavatmal,Yavatmal,Pangari,8,1,0,9,7,9,,6,High,20.3915,78.13391,"Bhosa PO, Yavatmal (2.5 km)",0.6,open map,,
Area,Maharashtra,Yavatmal,Yavatmal,Choti Gujri,0,1,0,1,1,1,,,High,20.38911,78.14009,"Bhosa PO, Yavatmal (1.9 km)",0,open map,,
Area,Maharashtra,Yavatmal,Yavatmal,Vidharbha Housing Board Area,0,1,0,1,1,1,,1,High,20.38812,78.13134,"Bhosa PO, Yavatmal (2.5 km)",0,open map,,
City,Maharashtra,Palghar,Dahanu,,6,4,0,10,6,0,1,2,Low,,,,,,,
Area,Maharashtra,Palghar,Dahanu,Malyan,6,3,0,9,5,0,1,2,Low,,,,,,,
Area,Maharashtra,Palghar,Dahanu,Patel Pada,0,1,0,1,1,0,,,Low,,,,,,,
City,Maharashtra,Thane,Shahapur,,3,7,0,10,6,7,,5,Medium,19.45139,73.32788,"Asangaon PO, Palghar (2.7 km)",0.2,open map,,
Area,Maharashtra,Thane,Shahapur,Asangaon,1,2,0,3,2,2,,3,Low,19.45139,73.32742,"Asangaon PO, Palghar (2.7 km)",0,open map,,
Area,Maharashtra,Thane,Shahapur,Kalambhe,0,2,0,2,1,2,,1,Medium,19.45132,73.32788,"Asangaon PO, Palghar (2.7 km)",0,open map,,
Area,Maharashtra,Thane,Shahapur,(area not known),2,3,0,5,3,3,,,Medium,19.45289,73.32796,"Asangaon PO, Palghar (2.8 km)",0.3,open map,,
City,Maharashtra,Wardha,Wardha,,7,3,0,10,10,8,,10,High,20.74178,78.60226,"Sindi PO, Wardha (1.6 km)",1.8,open map,,
Area,Maharashtra,Wardha,Wardha,Mahadevpura,2,2,0,4,4,3,,5,High,20.73892,78.60126,"Sindi PO, Wardha (1.5 km)",0.1,open map,,
Area,Maharashtra,Wardha,Wardha,Nalwadi,4,0,0,4,4,3,,3,High,20.75373,78.6145,"Gopuri PO, Wardha (0.3 km)",0.9,open map,,
Area,Maharashtra,Wardha,Wardha,Sudampuri,1,1,0,2,2,2,,2,High,20.74448,78.60111,"Sindi PO, Wardha (1.5 km)",0.2,open map,,
City,Maharashtra,Solapur,Barshi,,7,2,0,9,8,7,,9,High,18.23493,75.69392,"Barshi PO, Solapur (0.1 km)",0.3,open map,,
Area,Maharashtra,Solapur,Barshi,Bhim Nagar,4,0,0,4,4,3,,3,High,18.23376,75.69392,"Barshi PO, Solapur (0.2 km)",0,open map,,
Area,Maharashtra,Solapur,Barshi,Mangire Mala,2,1,0,3,3,3,,4,High,18.23494,75.69203,"Barshi PO, Solapur (0.1 km)",0,open map,,
Area,Maharashtra,Solapur,Barshi,Zaregaon,0,1,0,1,1,1,,1,High,18.23198,75.69987,"Barshi PO, Solapur (0.8 km)",0,open map,,
Area,Maharashtra,Solapur,Barshi,(area not known),1,0,0,1,0,0,,,Low,,,,,,,
City,Maharashtra,Thane,Murbad,,1,8,0,9,7,5,,2,Medium,19.2594,73.38878,"Mamnoli PO, Thane (10.4 km)",1.1,open map,,
Area,Maharashtra,Thane,Murbad,Shirgaon,1,1,0,2,2,2,,2,High,19.25902,73.39025,"Mamnoli PO, Thane (10.6 km)",0.2,open map,,
Area,Maharashtra,Thane,Murbad,Additional MIDC,0,1,0,1,1,1,,,High,19.25918,73.39884,"Saralgaon PO, Thane (10.4 km)",0,open map,,
Area,Maharashtra,Thane,Murbad,Goveli,0,1,0,1,1,1,,,Low,19.26218,73.23796,"Vaholi PO, Thane (1.6 km)",0,open map,,
Area,Maharashtra,Thane,Murbad,(area not known),0,5,0,5,3,1,,,Low,19.26045,73.38653,"Mamnoli PO, Thane (10.2 km)",0,open map,,
City,Maharashtra,Pune,Pimpri-Chinchwad,,6,2,0,8,7,0,1,,Low,,,,,,,
Area,Maharashtra,,Pimpri-Chinchwad,Bhosari,3,0,0,3,3,0,,,Low,,,,,,,
Area,Maharashtra,Kolhapur,Pimpri-Chinchwad,Chinchwad,1,0,0,1,1,0,,,Low,,,,,,,
Area,Maharashtra,Pune,Pimpri-Chinchwad,Moshi,0,1,0,1,0,0,,,Low,,,,,,,
Area,Maharashtra,,Pimpri-Chinchwad,Pimpri,1,0,0,1,1,0,,,Low,,,,,,,
Area,Maharashtra,Pune,Pimpri-Chinchwad,Talawade,1,0,0,1,1,0,,,Low,,,,,,,
Area,Maharashtra,Pune,Pimpri-Chinchwad,(area not known),0,1,0,1,1,0,1,,Low,,,,,,,
City,Maharashtra,Amravati,Amravati,,6,2,0,8,8,6,,8,High,20.92075,77.7544,"Tapovan PO, Amravati (5.9 km)",1.6,open map,,
Area,Maharashtra,Amravati,Amravati,Habib Nagar,0,1,0,1,1,1,,1,High,20.93486,77.75424,"Rahatgaon PO, Amravati (5.1 km)",0,open map,,
Area,Maharashtra,Amravati,Amravati,Juni Kotwali,1,0,0,1,1,1,,,High,20.91167,77.76932,"Tapovan PO, Amravati (5.4 km)",0,open map,,
Area,Maharashtra,Amravati,Amravati,Maltekdi,0,1,0,1,1,0,,1,Low,,,,,,,
Area,Maharashtra,Amravati,Amravati,Navathe Nagar,1,0,0,1,1,1,,1,High,20.90855,77.75129,"Badnera PO, Amravati (5.1 km)",0,open map,,
Area,Maharashtra,Amravati,Amravati,Sharda Vihar,1,0,0,1,1,1,,1,High,20.91538,77.75272,"Badnera PO, Amravati (5.9 km)",0,open map,,
Area,Maharashtra,Amravati,Amravati,Vivekanand Colony,1,0,0,1,1,1,,2,High,20.92612,77.76435,"Tapovan PO, Amravati (4.7 km)",0,open map,,
Area,Maharashtra,Amravati,Amravati,Wahdat Nagar,1,0,0,1,1,1,,,High,20.93331,77.75456,"Tapovan PO, Amravati (5.2 km)",0,open map,,
Area,Maharashtra,Amravati,Amravati,(area not known),1,0,0,1,1,0,,,Low,,,,,,,
City,Maharashtra,Osmanabad,Dharashiv,,6,2,0,8,7,8,,8,High,18.18532,76.04069,"Wagholi PO, Osmanabad (10.3 km)",1.5,open map,,
Area,Maharashtra,Osmanabad,Dharashiv,Khaja Nagar,2,0,0,2,1,2,,1,High,18.17186,76.04453,"Wagholi PO, Osmanabad (11.1 km)",0.1,open map,,
Area,Maharashtra,Osmanabad,Dharashiv,S.R.T.Colony,2,0,0,2,2,2,,3,High,18.18532,76.04069,"Wagholi PO, Osmanabad (10.3 km)",0.1,open map,,
Area,Maharashtra,Osmanabad,Dharashiv,Dharshiv,1,0,0,1,1,1,,1,High,18.18858,76.03045,"Wagholi PO, Osmanabad (11.0 km)",0,open map,,
Area,Maharashtra,Osmanabad,Dharashiv,Lakshmi Nagar,0,1,0,1,1,1,,1,High,18.18592,76.04399,"Wagholi PO, Osmanabad (10.0 km)",0,open map,,
Area,Maharashtra,Osmanabad,Dharashiv,Nehru Chowk,1,0,0,1,1,1,,1,High,18.18143,76.03849,"Wagholi PO, Osmanabad (10.8 km)",0,open map,,
Area,Maharashtra,Osmanabad,Dharashiv,(area not known),0,1,0,1,1,1,,,High,18.19729,76.03656,"Wagholi PO, Osmanabad (9.9 km)",0,open map,,
City,Maharashtra,Jalgaon,Bhusawal,,2,6,0,8,7,6,1,4,High,21.0426,75.78239,"Anjale PO, Jalgaon (2.6 km)",0.4,open map,,
Area,Maharashtra,Jalgaon,Bhusawal,Kanhaya Kunj,2,4,0,6,5,4,1,4,Medium,21.04366,75.78345,"Anjale PO, Jalgaon (2.5 km)",0.3,open map,,
Area,Maharashtra,Jalgaon,Bhusawal,Ramdev Baba Nagar,0,1,0,1,1,1,,,High,21.04282,75.78367,"Anjale PO, Jalgaon (2.5 km)",0,open map,,
Area,Maharashtra,Jalgaon,Bhusawal,Sakari,0,1,0,1,1,1,,,High,21.04205,75.7811,"Anjale PO, Jalgaon (2.8 km)",0,open map,,
City,Maharashtra,Gadchiroli,Gadchiroli,,6,1,0,7,7,5,,7,Medium,20.18385,79.99332,"Gadchiroli PO, Gadchiroli (1.3 km)",2.6,open map,,
Area,Maharashtra,Gadchiroli,Gadchiroli,Navegaon,2,1,0,3,3,2,,2,Medium,20.16639,79.97732,"Gadchiroli PO, Gadchiroli (3.3 km)",0,open map,,
Area,Maharashtra,Gadchiroli,Gadchiroli,Aheri,1,0,0,1,1,0,,1,Low,,,,,,,
Area,Maharashtra,Gadchiroli,Gadchiroli,Ashirwad Nagar,1,0,0,1,1,1,,2,High,20.18783,80.00113,"Gadchiroli PO, Gadchiroli (0.9 km)",0,open map,,
Area,Maharashtra,Gadchiroli,Gadchiroli,Gokul Nagar,1,0,0,1,1,1,,1,High,20.18385,79.99332,"Gadchiroli PO, Gadchiroli (1.3 km)",0,open map,,
Area,Maharashtra,Gadchiroli,Gadchiroli,Rampuri,1,0,0,1,1,1,,1,High,20.18623,80.00471,"Gadchiroli PO, Gadchiroli (0.6 km)",0,open map,,
City,Maharashtra,Raigad,Tala,,0,7,0,7,4,0,7,7,Low,,,,,,,
Area,Maharashtra,Raigad,Tala,Roha,0,3,0,3,2,0,3,5,Low,,,,,,,
Area,Maharashtra,Raigad,Tala,Wali,0,3,0,3,1,0,3,2,Low,,,,,,,
Area,Maharashtra,Raigad,Tala,(area not known),0,1,0,1,1,0,1,,Low,,,,,,,
City,Maharashtra,Buldhana,Malkapur,,7,0,0,7,5,6,,4,High,20.88867,76.20255,"Malkapur (Buldhana) PO, Buldhana (0.5 km)",0.7,open map,,
Area,Maharashtra,Buldhana,Malkapur,Old- Town,4,0,0,4,3,4,,2,High,20.88881,76.20255,"Malkapur (Buldhana) PO, Buldhana (0.5 km)",0.3,open map,,
Area,Maharashtra,Buldhana,Malkapur,Malkapur (Buldhana),2,0,0,2,2,2,,1,High,20.88697,76.20565,"Malkapur (Buldhana) PO, Buldhana (0.7 km)",0.4,open map,,
Area,Maharashtra,Buldhana,Malkapur,(area not known),1,0,0,1,0,0,,,Low,,,,,,,
City,Maharashtra,Sangli,Vita,,3,4,0,7,5,4,1,3,Medium,17.27193,74.53693,"Vite PO, Sangli (0.2 km)",0,open map,,
Area,Maharashtra,Sangli,Vita,Advi Peth,1,2,0,3,2,3,,2,High,17.27169,74.53693,"Vite PO, Sangli (0.2 km)",0,open map,,
Area,Maharashtra,Sangli,Vita,Mahavir Nagar,1,1,0,2,1,0,1,1,Low,,,,,,,
Area,Maharashtra,Sangli,Vita,Vite,0,1,0,1,1,1,,,Low,17.27347,74.53778,"Vite PO, Sangli (0.0 km)",0,open map,,
Area,Maharashtra,Sangli,Vita,(area not known),1,0,0,1,1,0,,,Low,,,,,,,
City,Maharashtra,Solapur,Natepute,,5,1,0,6,5,0,6,2,Low,,,,,,,
Area,Maharashtra,Solapur,Natepute,Mandve,0,1,0,1,1,0,1,,Low,,,,,,,
Area,Maharashtra,Solapur,Natepute,(area not known),5,0,0,5,4,0,5,2,Low,,,,,,,
City,Maharashtra,Gondia,Gondia,,5,1,0,6,5,5,1,6,High,21.46093,80.19436,"Kudwa PO, Gondia (2.1 km)",0.5,open map,,
Area,Maharashtra,Gondia,Gondia,Sindhi Colony,3,0,0,3,3,3,,3,High,21.45763,80.19436,"Nagpura PO, Gondia (2.0 km)",0,open map,,
Area,Maharashtra,Gondia,Gondia,Laxmi Nagar,1,1,0,2,1,1,1,2,Medium,21.4662,80.19923,"Kudwa PO, Gondia (1.9 km)",0,open map,,
Area,Maharashtra,Gondia,Gondia,Rail Toly,1,0,0,1,1,1,,1,High,21.46259,80.19015,"Kudwa PO, Gondia (1.8 km)",0,open map,,
City,Maharashtra,Jalgaon,JalGoan,,4,1,0,5,1,0,,,Low,,,,,,,
Area,Maharashtra,Jalgaon,JalGoan,(area not known),4,1,0,5,1,0,,,Low,,,,,,,
City,Maharashtra,Thane,Padgha,,1,4,0,5,3,4,,2,Medium,19.36109,73.16481,"Virar East PO, Palghar (6.9 km)",1.1,open map,,
Area,Maharashtra,Thane,Padgha,Arjunali,1,2,0,3,2,2,,,Low,19.36109,73.16481,"Virar East PO, Palghar (6.9 km)",0,open map,,
Area,Maharashtra,Thane,Padgha,Sape,0,1,0,1,1,1,,,Low,19.33475,73.15866,"Virar East PO, Palghar (5.2 km)",0,open map,,
Area,Maharashtra,Thane,Padgha,(area not known),0,1,0,1,0,1,,1,High,19.36435,73.1744,"Virar East PO, Palghar (7.9 km)",0,open map,,
City,Maharashtra,Ratnagiri,Nachane,,1,4,0,5,5,5,,3,High,16.99606,73.32323,"Mirya PO, Ratnagiri (7.2 km)",1.1,open map,,
Area,Maharashtra,Ratnagiri,Nachane,Abhyudhya Nagar,0,1,0,1,1,1,,1,High,16.9892,73.31553,"Mirya PO, Ratnagiri (7.1 km)",0,open map,,
Area,Maharashtra,Ratnagiri,Nachane,Konkan Nagar,0,1,0,1,1,1,,1,High,16.9996,73.32323,"Mirya PO, Ratnagiri (7.0 km)",0,open map,,
Area,Maharashtra,Ratnagiri,Nachane,Midc,1,0,0,1,1,1,,,High,16.99606,73.33171,"Mirya PO, Ratnagiri (8.0 km)",0,open map,,
Area,Maharashtra,Ratnagiri,Nachane,State Bank Colony,0,1,0,1,1,1,,1,High,16.99042,73.31424,"Mirya PO, Ratnagiri (6.9 km)",0,open map,,
Area,Maharashtra,Ratnagiri,Nachane,(area not known),0,1,0,1,1,1,,,High,16.99606,73.33171,"Mirya PO, Ratnagiri (8.0 km)",0,open map,,
City,Maharashtra,Ratnagiri,Lanja,,0,5,0,5,5,0,,,Low,,,,,,,
Area,Maharashtra,Ratnagiri,Lanja,Vg5Xvqv,0,1,0,1,1,0,,,Low,,,,,,,
Area,Maharashtra,Ratnagiri,Lanja,(area not known),0,4,0,4,4,0,,,Low,,,,,,,
City,Maharashtra,Raigad,Pen,,0,5,0,5,5,4,,4,High,18.73451,73.0925,"Pen PO, Raigad (0.5 km)",0.4,open map,,
Area,Maharashtra,Raigad,Pen,Chinchpada,0,2,0,2,2,2,,2,High,18.73427,73.0896,"Pen PO, Raigad (0.8 km)",0.1,open map,,
Area,Maharashtra,Raigad,Pen,Tare Ali,0,2,0,2,2,1,,1,Medium,18.73687,73.09591,"Pen PO, Raigad (0.0 km)",0,open map,,
Area,Maharashtra,Raigad,Pen,Buddha Nagar,0,1,0,1,1,1,,1,High,18.73455,73.0946,"Pen PO, Raigad (0.3 km)",0,open map,,
City,Maharashtra,Solapur,Akkalkot,,4,0,0,4,3,3,,2,High,17.52723,76.20514,"Akkalkot PO, Solapur (0.2 km)",0,open map,,
Area,Maharashtra,Solapur,Akkalkot,Budhwar peth,1,0,0,1,1,1,,1,High,17.52739,76.20514,"Akkalkot PO, Solapur (0.3 km)",0,open map,,
Area,Maharashtra,Solapur,Akkalkot,Hippargi,1,0,0,1,1,1,,1,High,17.52432,76.19845,"Akkalkot PO, Solapur (0.8 km)",0,open map,,
Area,Maharashtra,Solapur,Akkalkot,Vidyanagar,1,0,0,1,1,1,,,High,17.52723,76.20525,"Akkalkot PO, Solapur (0.2 km)",0,open map,,
Area,Maharashtra,Solapur,Akkalkot,(area not known),1,0,0,1,0,0,,,Low,,,,,,,
City,Maharashtra,Ratnagiri,Rajapur,,0,4,0,4,4,0,,,Low,,,,,,,
Area,Maharashtra,Ratnagiri,Rajapur,Mulla Wada,0,1,0,1,1,0,,,Low,,,,,,,
Area,Maharashtra,Ratnagiri,Rajapur,Sai Nagar,0,1,0,1,1,0,,,Low,,,,,,,
Area,Maharashtra,Ratnagiri,Rajapur,(area not known),0,2,0,2,2,0,,,Low,,,,,,,
City,Maharashtra,Solapur,Karkamb,,2,2,0,4,3,1,1,,Low,17.87059,75.28855,"Bavi PO, Solapur (10.5 km)",0,open map,,
Area,Maharashtra,Solapur,Karkamb,Nera Mahasod Karkamb Pandharpur,0,1,0,1,1,0,1,,Low,,,,,,,
Area,Maharashtra,Solapur,Karkamb,(area not known),2,1,0,3,2,1,,,Low,17.87059,75.28855,"Bavi PO, Solapur (10.5 km)",0,open map,,
City,Maharashtra,Jalna,Jalna,,2,2,0,4,3,2,1,,Medium,19.84815,75.89558,"Pirkalyan PO, Jalna (12.9 km)",0,open map,,
Area,Maharashtra,Jalna,Jalna,Gyatri Nagar,1,1,0,2,2,2,,,High,19.84815,75.89558,"Pirkalyan PO, Jalna (12.9 km)",0,open map,,
Area,Maharashtra,Jalna,Jalna,Kanhaiya Nagar,1,0,0,1,1,0,1,,Low,,,,,,,
Area,Maharashtra,Jalna,Jalna,(area not known),0,1,0,1,0,0,,,Low,,,,,,,
City,Maharashtra,Sangli,Atpadi,,0,4,0,4,4,3,,3,High,17.43133,74.93906,"Banpuri PO, Sangli (11.9 km)",0.5,open map,,
Area,Maharashtra,Sangli,Atpadi,Sangli,0,2,0,2,2,1,,1,Medium,17.42537,74.93906,"Banpuri PO, Sangli (11.4 km)",0,open map,,
Area,Maharashtra,Sangli,Atpadi,Cwjmjq2,0,1,0,1,1,1,,1,High,17.43133,74.93441,"Banpuri PO, Sangli (11.6 km)",0,open map,,
Area,Maharashtra,Sangli,Atpadi,(area not known),0,1,0,1,1,1,,1,High,17.43326,74.94052,"Banpuri PO, Sangli (12.2 km)",0,open map,,
City,Maharashtra,Kolhapur,Chinchwad,,1,3,0,4,3,0,4,3,Low,,,,,,,
Area,Maharashtra,Kolhapur,Chinchwad,(area not known),1,3,0,4,3,0,4,3,Low,,,,,,,
City,Maharashtra,Thane,Titwala,,0,4,0,4,3,3,,3,High,19.29158,73.22782,"Atali PO, Thane (0.5 km)",0.1,open map,,
Area,Maharashtra,Thane,Titwala,Atali,0,3,0,3,3,3,,3,High,19.29158,73.22782,"Atali PO, Thane (0.5 km)",0.1,open map,,
Area,Maharashtra,Thane,Titwala,(area not known),0,1,0,1,0,0,,,Low,,,,,,,
City,Maharashtra,Solapur,Mangalwedha,,3,1,0,4,4,0,3,3,Low,,,,,,,
Area,Maharashtra,Solapur,Mangalwedha,Shivaji Nagar,1,1,0,2,2,0,1,1,Low,,,,,,,
Area,Maharashtra,Solapur,Mangalwedha,Muralidhar Chowk,1,0,0,1,1,0,1,,Low,,,,,,,
Area,Maharashtra,Solapur,Mangalwedha,(area not known),1,0,0,1,1,0,1,1,Low,,,,,,,
City,Maharashtra,Raigad,Mangaon,,0,4,0,4,4,0,,,Low,,,,,,,
Area,Maharashtra,Raigad,Mangaon,Khandad,0,2,0,2,2,0,,,Low,,,,,,,
Area,Maharashtra,Raigad,Mangaon,(area not known),0,2,0,2,2,0,,,Low,,,,,,,
City,Maharashtra,Raigad,Kolad,,0,3,0,3,3,0,1,3,Low,,,,,,,
Area,Maharashtra,Raigad,Kolad,(area not known),0,3,0,3,3,0,1,3,Low,,,,,,,
City,Maharashtra,Palghar,Kaman,,2,1,0,3,3,0,3,1,Low,,,,,,,
Area,Maharashtra,Palghar,Kaman,Bapana,0,1,0,1,1,0,1,,Low,,,,,,,
Area,Maharashtra,Palghar,Kaman,Naigaon East,1,0,0,1,1,0,1,,Low,,,,,,,
Area,Maharashtra,Palghar,Kaman,(area not known),1,0,0,1,1,0,1,1,Low,,,,,,,
City,Maharashtra,Solapur,Malshiras,,3,0,0,3,3,3,,4,High,17.86324,74.90232,"Malsiras PO, Solapur (0.8 km)",0.5,open map,,
Area,Maharashtra,Solapur,Malshiras,Malsiras,1,0,0,1,1,1,,2,High,17.86332,74.90871,"Malsiras PO, Solapur (0.2 km)",0,open map,,
Area,Maharashtra,Solapur,Malshiras,Shikshak Colony,1,0,0,1,1,1,,1,High,17.85912,74.90232,"Malsiras PO, Solapur (1.0 km)",0,open map,,
Area,Maharashtra,Solapur,Malshiras,Shrinath Nagar,1,0,0,1,1,1,,1,High,17.86324,74.90031,"Malsiras PO, Solapur (1.0 km)",0,open map,,
City,Maharashtra,Chandrapur,Ballarpur,,1,2,0,3,3,3,,2,Medium,19.85102,79.35025,"Sasti PO, Chandrapur (4.2 km)",0,open map,,
Area,Maharashtra,Chandrapur,Ballarpur,Ravindra Nagar Vard,1,1,0,2,2,2,,2,High,19.85095,79.35023,"Sasti PO, Chandrapur (4.2 km)",0,open map,,
Area,Maharashtra,Palghar,Ballarpur,Deodal,0,1,0,1,1,1,,,Low,19.86573,79.36595,"Sasti PO, Chandrapur (6.5 km)",0,open map,,
City,Maharashtra,Raigad,Roha,,1,2,0,3,2,2,,1,Low,18.42145,73.16706,"Ashtami PO, Raigad (4.2 km)",5.6,open map,,
Area,Maharashtra,Raigad,Roha,Giridhar Nagar,1,0,0,1,1,1,,,Low,18.40175,73.21616,"Ashtami PO, Raigad (9.8 km)",0,open map,,
Area,Maharashtra,Raigad,Roha,Wali,0,1,0,1,1,1,,1,High,18.44116,73.11796,"Roha PO, Raigad (0.5 km)",0,open map,,
Area,Maharashtra,Raigad,Roha,(area not known),0,1,0,1,0,0,,,Low,,,,,,,
City,Maharashtra,Raigad,Rasayani,,0,3,0,3,3,3,,3,Low,18.88395,73.17183,"Apta PO, Raigad (5.5 km)",0.1,open map,,
Area,Maharashtra,Raigad,Rasayani,Diva Antilia,0,2,0,2,2,2,,,Low,18.88396,73.1721,"Apta PO, Raigad (5.6 km)",0,open map,,
Area,Maharashtra,Raigad,Rasayani,Karade Kh,0,1,0,1,1,1,,1,Low,18.88227,73.16907,"Apta PO, Raigad (5.2 km)",0,open map,,
City,Maharashtra,Palghar,Naigaon,,1,2,0,3,1,1,2,3,Low,19.25213,73.12541,"Vishnunagar PO, Thane (5.9 km)",0,open map,,
Area,Maharashtra,Palghar,Naigaon,Chandar Pada School,1,0,0,1,1,0,1,,Low,,,,,,,
Area,Maharashtra,Palghar,Naigaon,Mahalakshmi Nagar,0,1,0,1,0,0,1,2,Low,,,,,,,
Area,Maharashtra,Palghar,Naigaon,Naigaon East,0,1,0,1,0,1,,1,High,19.25213,73.12541,"Vishnunagar PO, Thane (5.9 km)",0,open map,,
City,Maharashtra,Nagpur,Wanadongri,,2,1,0,3,3,3,,3,High,21.08941,78.97299,"Wanadongri PO, Nagpur (0.5 km)",0.1,open map,,
Area,Maharashtra,Nagpur,Wanadongri,Wanadongri ct,2,1,0,3,3,3,,2,High,21.08941,78.97299,"Wanadongri PO, Nagpur (0.5 km)",0.1,open map,,
City,Maharashtra,Pune,Wagholi,,0,3,0,3,2,1,,4,Low,18.578,73.99444,"Vagholi PO, Pune (1.3 km)",0,open map,,
Area,Maharashtra,Pune,Wagholi,Konark Orchid,0,1,0,1,1,1,,1,High,18.578,73.99444,"Vagholi PO, Pune (1.3 km)",0,open map,,
Area,Maharashtra,Pune,Wagholi,next to Surya Tractor,0,1,0,1,1,0,,1,Low,,,,,,,
Area,Maharashtra,Pune,Wagholi,(area not known),0,1,0,1,0,0,,,Low,,,,,,,
City,Maharashtra,Solapur,Tembhurni,,3,0,0,3,1,1,2,,Low,18.02969,75.20621,"Kandar PO, Solapur (9.4 km)",0,open map,,
Area,Maharashtra,Solapur,Tembhurni,(area not known),3,0,0,3,1,1,2,,Low,18.02969,75.20621,"Kandar PO, Solapur (9.4 km)",0,open map,,
City,Maharashtra,Solapur,Jeur,,3,0,0,3,2,1,1,2,Low,18.25637,75.16442,"Wangi PO, Solapur (8.8 km)",0,open map,,
Area,Maharashtra,Solapur,Jeur,(area not known),3,0,0,3,2,1,1,,Low,18.25637,75.16442,"Wangi PO, Solapur (8.8 km)",0,open map,,
City,Maharashtra,Solapur,Modnimb,,2,1,0,3,2,3,,,Low,17.90863,75.39873,"Shetphal PO, Solapur (3.3 km)",0,open map,,
Area,Maharashtra,Solapur,Modnimb,Modanimb,0,1,0,1,0,1,,,Low,17.90863,75.39873,"Shetphal PO, Solapur (3.3 km)",0,open map,,
Area,Maharashtra,Solapur,Modnimb,(area not known),2,0,0,2,2,2,,,Low,17.90861,75.39872,"Shetphal PO, Solapur (3.3 km)",0,open map,,
City,Maharashtra,Thane,Kolegaon,,3,0,0,3,3,0,3,1,Low,,,,,,,
Area,Maharashtra,Thane,Kolegaon,Krishnai Nagar,2,0,0,2,2,0,2,,Low,,,,,,,
Area,Maharashtra,Thane,Kolegaon,(area not known),1,0,0,1,1,0,1,,Low,,,,,,,
City,Maharashtra,Solapur,Akluj,,2,1,0,3,2,2,1,,Medium,17.89226,75.01476,"Akluj PO, Solapur (0.7 km)",0,open map,,
Area,Maharashtra,Solapur,Akluj,Savtamali Nagar,2,0,0,2,1,1,1,,Medium,17.89225,75.01478,"Akluj PO, Solapur (0.7 km)",0,open map,,
Area,Maharashtra,Solapur,Akluj,Sangram Nagar,0,1,0,1,1,1,,,High,17.89227,75.01474,"Akluj PO, Solapur (0.7 km)",0,open map,,
City,Maharashtra,Hingoli,Hingoli,,2,1,0,3,3,0,,,Low,,,,,,,
Area,Maharashtra,Hingoli,Hingoli,(area not known),2,1,0,3,3,0,,,Low,,,,,,,
City,Maharashtra,Solapur,Karmala,,1,2,0,3,2,3,,2,High,18.40876,75.19573,"Karmala PO, Solapur (0.2 km)",0.2,open map,,
Area,Maharashtra,Solapur,Karmala,Ganeshnagar,1,0,0,1,0,1,,,High,18.40576,75.19779,"Karmala PO, Solapur (0.5 km)",0,open map,,
Area,Maharashtra,Solapur,Karmala,Vetal Peth,0,1,0,1,1,1,,1,High,18.40876,75.19573,"Karmala PO, Solapur (0.2 km)",0,open map,,
Area,Maharashtra,Solapur,Karmala,(area not known),0,1,0,1,1,1,,,High,18.4104,75.19561,"Karmala PO, Solapur (0.4 km)",0,open map,,
City,Maharashtra,Palghar,Pali,,1,1,0,2,1,0,2,1,Low,,,,,,,
Area,Maharashtra,Palghar,Pali,Naigaon,1,0,0,1,1,0,1,,Low,,,,,,,
Area,Maharashtra,Palghar,Pali,Naigaon West,0,1,0,1,0,0,1,1,Low,,,,,,,
City,Maharashtra,Thane,Shirpur,,0,2,0,2,2,0,2,2,Low,,,,,,,
Area,Maharashtra,Thane,Shirpur,(area not known),0,2,0,2,2,0,2,2,Low,,,,,,,
City,Maharashtra,Palghar,Manor,,0,2,0,2,1,0,,2,Low,,,,,,,
Area,Maharashtra,Palghar,Manor,(area not known),0,2,0,2,1,0,,1,Low,,,,,,,
City,Maharashtra,Palghar,Jamshet,,2,0,0,2,2,0,,,Low,,,,,,,
Area,Maharashtra,Palghar,Jamshet,(area not known),2,0,0,2,2,0,,,Low,,,,,,,
City,Maharashtra,Bhandara,Bhandara,,2,0,0,2,2,1,,1,Medium,21.16467,79.6484,"Kardha PO, Bhandara (3.3 km)",0,open map,,
Area,Maharashtra,Bhandara,Bhandara,MSEB Colony,1,0,0,1,1,0,,1,Low,,,,,,,
Area,Maharashtra,Bhandara,Bhandara,Madhav Nagar,1,0,0,1,1,1,,,High,21.16467,79.6484,"Kardha PO, Bhandara (3.3 km)",0,open map,,
City,Maharashtra,,Daman,,1,1,0,2,0,0,,,Low,,,,,,,
Area,Maharashtra,,Daman,(area not known),1,1,0,2,0,0,,,Low,,,,,,,
City,Maharashtra,Thane,Nevali,,1,1,0,2,1,0,,,Low,,,,,,,
Area,Maharashtra,Thane,Nevali,Nevali Phata,0,1,0,1,1,0,,,Low,,,,,,,
Area,Maharashtra,Thane,Nevali,(area not known),1,0,0,1,0,0,,,Low,,,,,,,
City,Maharashtra,Pune,Ashtapur,,0,2,0,2,2,0,1,,Low,,,,,,,
Area,Maharashtra,Pune,Ashtapur,(area not known),0,2,0,2,2,0,1,,Low,,,,,,,
City,Maharashtra,Solapur,Velapur,,2,0,0,2,2,1,,2,Medium,17.79992,75.05323,"Velapur PO, Solapur (1.0 km)",0,open map,,
Area,Maharashtra,Solapur,Velapur,Bhainath Nagar,1,0,0,1,1,1,,1,High,17.79992,75.05323,"Velapur PO, Solapur (1.0 km)",0,open map,,
Area,Maharashtra,Solapur,Velapur,(area not known),1,0,0,1,1,0,,1,Low,,,,,,,
City,Maharashtra,Ahmednagar,Ahmednagar,,0,2,0,2,1,0,,,Low,,,,,,,
Area,Maharashtra,Ahmednagar,Ahmednagar,(area not known),0,2,0,2,1,0,,,Low,,,,,,,
City,Maharashtra,Solapur,Sangola,,2,0,0,2,2,1,,2,Medium,17.43637,75.19594,"Sangola PO, Solapur (0.4 km)",0,open map,,
Area,Maharashtra,Solapur,Sangola,Ganesh Nagar,1,0,0,1,1,0,,1,Low,,,,,,,
Area,Maharashtra,Solapur,Sangola,Kadlas Naka,1,0,0,1,1,1,,1,High,17.43637,75.19594,"Sangola PO, Solapur (0.4 km)",0,open map,,
City,Maharashtra,Raigad,Dheku,,2,0,0,2,2,0,2,2,Low,,,,,,,
Area,Maharashtra,Raigad,Dheku,(area not known),2,0,0,2,2,0,2,1,Low,,,,,,,
City,Maharashtra,,Pawane,,1,1,0,2,1,0,,,Low,,,,,,,
Area,Maharashtra,,Pawane,(area not known),1,1,0,2,1,0,,,Low,,,,,,,
City,Maharashtra,Thane,Saralgaon,,0,2,0,2,1,2,,1,High,19.2863,73.49303,"Saralgaon PO, Thane (0.0 km)",0.1,open map,,
Area,Maharashtra,Thane,Saralgaon,(area not known),0,2,0,2,1,2,,1,High,19.2863,73.49303,"Saralgaon PO, Thane (0.0 km)",0.1,open map,,
City,Maharashtra,Thane,Kasheli,,0,2,0,2,2,0,1,,Low,,,,,,,
Area,Maharashtra,Thane,Kasheli,Puranik Villas,0,2,0,2,2,0,1,,Low,,,,,,,
City,Maharashtra,Solapur,Kurduvadi,,2,0,0,2,2,2,,2,High,18.09304,75.42274,"Kurduvadi PO, Solapur (0.7 km)",0.8,open map,,
Area,Maharashtra,Solapur,Kurduvadi,Bagal Nagar,1,0,0,1,1,1,,1,High,18.0908,75.41591,"Kurduvadi PO, Solapur (0.3 km)",0,open map,,
Area,Maharashtra,Solapur,Kurduvadi,(area not known),1,0,0,1,1,1,,1,High,18.09528,75.42956,"Kurduvadi PO, Solapur (1.5 km)",0,open map,,
City,Maharashtra,Solapur,Mohol,,2,0,0,2,1,0,,1,Low,,,,,,,
Area,Maharashtra,Solapur,Mohol,Siddharth Nagar,1,0,0,1,1,0,,1,Low,,,,,,,
Area,Maharashtra,Solapur,Mohol,(area not known),1,0,0,1,0,0,,,Low,,,,,,,
City,Maharashtra,Palghar,Saravali,,1,1,0,2,1,0,,2,Low,,,,,,,
Area,Maharashtra,Palghar,Saravali,Awadh Nagar,1,0,0,1,0,0,,1,Low,,,,,,,
Area,Maharashtra,Palghar,Saravali,Pratapgarh,0,1,0,1,1,0,,,Low,,,,,,,
City,Maharashtra,Raigad,Nagothane,,0,2,0,2,2,0,1,1,Low,,,,,,,
Area,Maharashtra,Raigad,Nagothane,(area not known),0,2,0,2,2,0,1,,Low,,,,,,,
City,Maharashtra,Kolhapur,Valivade,,0,2,0,2,2,0,,,Low,,,,,,,
Area,Maharashtra,Kolhapur,Valivade,(area not known),0,2,0,2,2,0,,,Low,,,,,,,
City,Maharashtra,,Anjur Phata,,2,0,0,2,1,0,,,Low,,,,,,,
Area,Maharashtra,,Anjur Phata,(area not known),2,0,0,2,1,0,,,Low,,,,,,,
City,Maharashtra,Sangli,Islampur,,1,1,0,2,2,1,,1,Low,17.04531,74.25395,"Peth (Sangli) PO, Sangli (3.3 km)",0,open map,,
Area,Maharashtra,Sangli,Islampur,(area not known),1,1,0,2,2,1,,,Low,17.04531,74.25395,"Peth (Sangli) PO, Sangli (3.3 km)",0,open map,,
City,Maharashtra,Nagpur,Matkazari,,2,0,0,2,2,2,,1,High,21.05827,79.16685,"Dhamna PO, Nagpur (3.5 km)",1.9,open map,,
Area,Maharashtra,Nagpur,Matkazari,(area not known),2,0,0,2,2,2,,1,High,21.05827,79.16685,"Dhamna PO, Nagpur (3.5 km)",1.9,open map,,
City,Maharashtra,Gondia,Kudwa,,2,0,0,2,2,2,,1,High,21.4649,80.19501,"Kudwa PO, Gondia (1.8 km)",0.6,open map,,
Area,Maharashtra,Gondia,Kudwa,Ramnagar,2,0,0,2,2,2,,1,High,21.4649,80.19501,"Kudwa PO, Gondia (1.8 km)",0.6,open map,,
City,Maharashtra,Palghar,Juchandra,,0,2,0,2,0,0,2,5,Low,,,,,,,
Area,Maharashtra,Palghar,Juchandra,Naigaon East,0,2,0,2,0,0,2,5,Low,,,,,,,
City,Maharashtra,,Uran,,0,1,0,1,1,0,,,Low,,,,,,,
Area,Maharashtra,,Uran,(area not known),0,1,0,1,1,0,,,Low,,,,,,,
City,Maharashtra,Nagpur,Bhopal,,0,1,0,1,0,0,1,,Low,,,,,,,
Area,Maharashtra,Nagpur,Bhopal,(area not known),0,1,0,1,0,0,1,,Low,,,,,,,
City,Maharashtra,Pune,Sanaswadi,,0,1,0,1,1,0,,,Low,,,,,,,
Area,Maharashtra,Pune,Sanaswadi,(area not known),0,1,0,1,1,0,,,Low,,,,,,,
City,Maharashtra,Solapur,Vairagya,,1,0,0,1,1,0,,,Low,,,,,,,
Area,Maharashtra,Solapur,Vairagya,(area not known),1,0,0,1,1,0,,,Low,,,,,,,
City,Maharashtra,Pune,Manchar,,1,0,0,1,1,0,,,Low,,,,,,,
Area,Maharashtra,Pune,Manchar,(area not known),1,0,0,1,1,0,,,Low,,,,,,,
City,Maharashtra,Solapur,Mandrup,,0,1,0,1,1,0,1,1,Low,,,,,,,
Area,Maharashtra,Solapur,Mandrup,(area not known),0,1,0,1,1,0,1,1,Low,,,,,,,
City,Maharashtra,Solapur,Takali,,1,0,0,1,1,1,,1,Low,17.70742,75.53501,"Varkute PO, Solapur (4.0 km)",0,open map,,
Area,Maharashtra,Solapur,Takali,Penur,1,0,0,1,1,1,,,Low,17.70742,75.53501,"Varkute PO, Solapur (4.0 km)",0,open map,,
City,Maharashtra,Washim,Ansing,,1,0,0,1,1,0,,,Low,,,,,,,
Area,Maharashtra,Washim,Ansing,(area not known),1,0,0,1,1,0,,,Low,,,,,,,
City,Maharashtra,Nanded,Karegaon,,1,0,0,1,1,0,,,Low,,,,,,,
Area,Maharashtra,Nanded,Karegaon,(area not known),1,0,0,1,1,0,,,Low,,,,,,,
City,Maharashtra,Buldhana,Mehkar,,0,1,0,1,0,0,,,Low,,,,,,,
Area,Maharashtra,Buldhana,Mehkar,(area not known),0,1,0,1,0,0,,,Low,,,,,,,
City,Maharashtra,,Usatne,,0,1,0,1,0,0,,,Low,,,,,,,
Area,Maharashtra,,Usatne,(area not known),0,1,0,1,0,0,,,Low,,,,,,,
City,Maharashtra,Osmanabad,Tuljapur,,1,0,0,1,1,1,,1,High,18.01134,76.0713,"Tuljapur PO, Osmanabad (0.4 km)",0,open map,,
Area,Maharashtra,Osmanabad,Tuljapur,Parbhani,1,0,0,1,1,1,,1,High,18.01134,76.0713,"Tuljapur PO, Osmanabad (0.4 km)",0,open map,,
City,Maharashtra,Kolhapur,Gadhinglaj,,1,0,0,1,0,0,,,Low,,,,,,,
Area,Maharashtra,Kolhapur,Gadhinglaj,(area not known),1,0,0,1,0,0,,,Low,,,,,,,
City,Maharashtra,Thane,Kon,,0,1,0,1,0,1,,,High,19.2471,73.10772,"Vishnunagar PO, Thane (4.4 km)",0,open map,,
Area,Maharashtra,Thane,Kon,(area not known),0,1,0,1,0,1,,,High,19.2471,73.10772,"Vishnunagar PO, Thane (4.4 km)",0,open map,,
City,Maharashtra,Raigad,Utekhol,,0,1,0,1,1,0,,,Low,,,,,,,
Area,Maharashtra,Raigad,Utekhol,(area not known),0,1,0,1,1,0,,,Low,,,,,,,
City,Maharashtra,Palghar,Tarapur,,0,1,0,1,1,0,1,,Low,,,,,,,
Area,Maharashtra,Palghar,Tarapur,(area not known),0,1,0,1,1,0,1,,Low,,,,,,,
City,Maharashtra,Buldhana,Khamgaon,,0,1,0,1,1,1,,1,High,20.7051,76.57502,"Savlaj PO, Sangli (2.5 km)",0,open map,,
Area,Maharashtra,Buldhana,Khamgaon,Baradari,0,1,0,1,1,1,,1,High,20.7051,76.57502,"Savlaj PO, Sangli (2.5 km)",0,open map,,
City,Maharashtra,Solapur,Londhevasti,,0,1,0,1,1,1,,,Low,18.03709,75.19204,"Kandar PO, Solapur (8.4 km)",0,open map,,
Area,Maharashtra,Solapur,Londhevasti,(area not known),0,1,0,1,1,1,,,Low,18.03709,75.19204,"Kandar PO, Solapur (8.4 km)",0,open map,,
City,Maharashtra,Nagpur,Umred,,1,0,0,1,0,1,,,High,20.8414,79.32318,"Umred PO, Nagpur (1.4 km)",0,open map,,
Area,Maharashtra,Nagpur,Umred,Bhandarkar Layout,1,0,0,1,0,1,,,High,20.8414,79.32318,"Umred PO, Nagpur (1.4 km)",0,open map,,
City,Maharashtra,,Valgaon,,0,1,0,1,1,0,,,Low,,,,,,,
Area,Maharashtra,,Valgaon,(area not known),0,1,0,1,1,0,,,Low,,,,,,,
City,Maharashtra,Palghar,Ashagad,,1,0,0,1,1,0,,,Low,,,,,,,
Area,Maharashtra,Palghar,Ashagad,(area not known),1,0,0,1,1,0,,,Low,,,,,,,
City,Maharashtra,Gadchiroli,Aheri,,1,0,0,1,1,0,1,,Low,,,,,,,
Area,Maharashtra,Gadchiroli,Aheri,ZP Colony,1,0,0,1,1,0,1,,Low,,,,,,,
City,Maharashtra,Nandurbar,Nandurbar,,1,0,0,1,0,0,,,Low,,,,,,,
Area,Maharashtra,Nandurbar,Nandurbar,(area not known),1,0,0,1,0,0,,,Low,,,,,,,
City,Maharashtra,Nagpur,Bidgaon,,1,0,0,1,1,0,1,,Low,,,,,,,
Area,Maharashtra,Nagpur,Bidgaon,(area not known),1,0,0,1,1,0,1,,Low,,,,,,,
City,Maharashtra,Jalgaon,Muktainagar,,0,1,0,1,1,0,,,Low,,,,,,,
Area,Maharashtra,Jalgaon,Muktainagar,(area not known),0,1,0,1,1,0,,,Low,,,,,,,
City,Maharashtra,Washim,Karanja,,0,1,0,1,1,1,,2,High,20.48442,77.48027,"Karanja (Washim) PO, Washim (0.9 km)",0,open map,,
Area,Maharashtra,Washim,Karanja,Shivaji Nagar,0,1,0,1,1,1,,2,High,20.48442,77.48027,"Karanja (Washim) PO, Washim (0.9 km)",0,open map,,
City,Maharashtra,,Khend Chiplun,,1,0,0,1,0,0,,,Low,,,,,,,
Area,Maharashtra,,Khend Chiplun,(area not known),1,0,0,1,0,0,,,Low,,,,,,,
City,Maharashtra,Thane,Amane,,1,0,0,1,1,0,1,,Low,,,,,,,
Area,Maharashtra,Thane,Amane,(area not known),1,0,0,1,1,0,1,,Low,,,,,,,
City,Maharashtra,Jalgaon,Sajgaon,,1,0,0,1,0,0,,,Low,,,,,,,
Area,Maharashtra,Jalgaon,Sajgaon,(area not known),1,0,0,1,0,0,,,Low,,,,,,,
City,Maharashtra,Sangli,Dighanchi,,0,1,0,1,1,0,1,,Low,,,,,,,
Area,Maharashtra,Sangli,Dighanchi,Gwghv4M,0,1,0,1,1,0,1,,Low,,,,,,,
City,Maharashtra,Nashik,Kashti,,0,1,0,1,1,0,,,Low,,,,,,,
Area,Maharashtra,Nashik,Kashti,(area not known),0,1,0,1,1,0,,,Low,,,,,,,
City,Maharashtra,Solapur,Madha,,1,0,0,1,1,1,,1,High,18.02926,75.52378,"Madha PO, Solapur (0.9 km)",0,open map,,
Area,Maharashtra,Solapur,Madha,Sanmati Nagar,1,0,0,1,1,1,,1,High,18.02926,75.52378,"Madha PO, Solapur (0.9 km)",0,open map,,
City,Maharashtra,Raigad,Patalganga,,1,0,0,1,1,0,,,Low,,,,,,,
Area,Maharashtra,Raigad,Patalganga,(area not known),1,0,0,1,1,0,,,Low,,,,,,,
City,Maharashtra,Pune,Maval,,1,0,0,1,0,0,,,Low,,,,,,,
Area,Maharashtra,Pune,Maval,(area not known),1,0,0,1,0,0,,,Low,,,,,,,
City,Maharashtra,Thane,Vasind,,0,1,0,1,1,1,,1,High,19.4089,73.26531,"Asangaon PO, Palghar (5.4 km)",0,open map,,
Area,Maharashtra,Thane,Vasind,(area not known),0,1,0,1,1,1,,1,High,19.4089,73.26531,"Asangaon PO, Palghar (5.4 km)",0,open map,,
City,Maharashtra,Palghar,Pelhar,,0,1,0,1,0,0,1,1,Low,,,,,,,
Area,Maharashtra,Palghar,Pelhar,(area not known),0,1,0,1,0,0,1,,Low,,,,,,,
City,Maharashtra,Palghar,Maan,,0,1,0,1,1,0,,1,Low,,,,,,,
Area,Maharashtra,Palghar,Maan,(area not known),0,1,0,1,1,0,,,Low,,,,,,,
City,Maharashtra,Aurangabad,Waluj,,0,1,0,1,0,0,,,Low,,,,,,,
Area,Maharashtra,Aurangabad,Waluj,(area not known),0,1,0,1,0,0,,,Low,,,,,,,
City,Maharashtra,Satara,Phaltan,,1,0,0,1,1,0,,,Low,,,,,,,
Area,Maharashtra,Satara,Phaltan,(area not known),1,0,0,1,1,0,,,Low,,,,,,,
City,Maharashtra,Thane,Gove,,0,1,0,1,1,0,1,1,Low,,,,,,,
Area,Maharashtra,Thane,Gove,(area not known),0,1,0,1,1,0,1,,Low,,,,,,,
City,Maharashtra,Raigad,Kharsundi,,0,1,0,1,1,0,1,1,Low,,,,,,,
Area,Maharashtra,Raigad,Kharsundi,(area not known),0,1,0,1,1,0,1,1,Low,,,,,,,
City,Maharashtra,Solapur,Begampur,,1,0,0,1,1,1,,,Low,17.56409,75.57191,"Lingnoor PO, Sangli (11.9 km)",0,open map,,
Area,Maharashtra,Solapur,Begampur,(area not known),1,0,0,1,1,1,,,Low,17.56409,75.57191,"Lingnoor PO, Sangli (11.9 km)",0,open map,,
City,Maharashtra,Palghar,Safale,,0,1,0,1,0,0,,,Low,,,,,,,
Area,Maharashtra,Palghar,Safale,Kardal,0,1,0,1,0,0,,,Low,,,,,,,
City,Maharashtra,Raigad,Navghar,,1,0,0,1,1,0,1,,Low,,,,,,,
Area,Maharashtra,Raigad,Navghar,(area not known),1,0,0,1,1,0,1,,Low,,,,,,,
City,Maharashtra,Solapur,Tisangi,,1,0,0,1,1,0,,,Low,,,,,,,
Area,Maharashtra,Solapur,Tisangi,(area not known),1,0,0,1,1,0,,,Low,,,,,,,
City,Maharashtra,Solapur,Ghodeshwar,,1,0,0,1,1,0,1,1,Low,,,,,,,
Area,Maharashtra,Solapur,Ghodeshwar,(area not known),1,0,0,1,1,0,1,1,Low,,,,,,,
City,Maharashtra,Thane,Airoli,,0,1,0,1,1,0,,,Low,,,,,,,
Area,Maharashtra,Thane,Airoli,(area not known),0,1,0,1,1,0,,,Low,,,,,,,
City,Maharashtra,Palghar,Khaira,,0,1,0,1,0,0,1,1,Low,,,,,,,
Area,Maharashtra,Palghar,Khaira,(area not known),0,1,0,1,0,0,1,,Low,,,,,,,
City,Maharashtra,Osmanabad,Alur,,1,0,0,1,1,0,1,1,Low,,,,,,,
Area,Maharashtra,Osmanabad,Alur,(area not known),1,0,0,1,1,0,1,1,Low,,,,,,,
City,Maharashtra,Solapur,Vairag,,1,0,0,1,1,1,,2,High,18.05928,75.79388,"Vairag PO, Solapur (1.0 km)",0,open map,,
Area,Maharashtra,Solapur,Vairag,(area not known),1,0,0,1,1,1,,2,High,18.05928,75.79388,"Vairag PO, Solapur (1.0 km)",0,open map,,
City,Maharashtra,Thane,Mhasa,,0,1,0,1,1,1,,1,High,19.16817,73.44625,"Agashi PO, Palghar (3.9 km)",0,open map,,
Area,Maharashtra,Thane,Mhasa,(area not known),0,1,0,1,1,1,,1,High,19.16817,73.44625,"Agashi PO, Palghar (3.9 km)",0,open map,,
City,Maharashtra,Palghar,Chinchoti,,0,1,0,1,1,0,1,3,Low,,,,,,,
Area,Maharashtra,Palghar,Chinchoti,(area not known),0,1,0,1,1,0,1,2,Low,,,,,,,
City,Maharashtra,Thane,Sonale,,0,1,0,1,0,0,,,Low,,,,,,,
Area,Maharashtra,Thane,Sonale,(area not known),0,1,0,1,0,0,,,Low,,,,,,,
City,Maharashtra,Thane,Shivale,,0,1,0,1,1,1,,1,High,19.27068,73.4541,"Saralgaon PO, Thane (4.5 km)",0,open map,,
Area,Maharashtra,Thane,Shivale,(area not known),0,1,0,1,1,1,,1,High,19.27068,73.4541,"Saralgaon PO, Thane (4.5 km)",0,open map,,
City,Maharashtra,,Pandapur,,0,1,0,1,1,0,,,Low,,,,,,,
Area,Maharashtra,,Pandapur,(area not known),0,1,0,1,1,0,,,Low,,,,,,,
City,Maharashtra,,Aamne Village,,1,0,0,1,1,0,,,Low,,,,,,,
Area,Maharashtra,,Aamne Village,(area not known),1,0,0,1,1,0,,,Low,,,,,,,
City,Maharashtra,Solapur,Mahud,,1,0,0,1,1,1,,,Low,17.60988,75.10154,"Mahud PO, Solapur (0.6 km)",0,open map,,
Area,Maharashtra,Solapur,Mahud,Mahud Bk,1,0,0,1,1,1,,,Low,17.60988,75.10154,"Mahud PO, Solapur (0.6 km)",0,open map,,
City,Maharashtra,,Garodia Nagar,,1,0,0,1,0,0,,,Low,,,,,,,
Area,Maharashtra,,Garodia Nagar,(area not known),1,0,0,1,0,0,,,Low,,,,,,,
City,Maharashtra,Palghar,Maswan,,0,1,0,1,1,0,,1,Low,,,,,,,
Area,Maharashtra,Palghar,Maswan,Mvw4Wpp,0,1,0,1,1,0,,1,Low,,,,,,,
City,Maharashtra,Osmanabad,Tamalwadi,,1,0,0,1,1,1,,2,Low,17.84136,75.96339,"Tamalwadi PO, Osmanabad (0.2 km)",0,open map,,
Area,Maharashtra,Osmanabad,Tamalwadi,Gondhalwadi,1,0,0,1,1,1,,,Low,17.84136,75.96339,"Tamalwadi PO, Osmanabad (0.2 km)",0,open map,,
City,Maharashtra,Solapur,Bhose,,1,0,0,1,1,1,,1,Low,17.81009,75.29386,"Ashti (Solapur) PO, Solapur (12.9 km)",0,open map,,
Area,Maharashtra,Solapur,Bhose,Bhose Pati,1,0,0,1,1,1,,,Low,17.81009,75.29386,"Ashti (Solapur) PO, Solapur (12.9 km)",0,open map,,
State,Madhya Pradesh,,,,354,787,141,1282,978,1050,86,1278,High,22.75552,75.91536,"Indore Khajrana PO, Indore (2.7 km)",413.7,open map,,
City,Madhya Pradesh,Indore,Indore,,99,376,69,544,519,463,33,509,High,22.71616,75.86165,"Indore Khajrana PO, Indore (4.9 km)",7.9,open map,,
Area,Madhya Pradesh,Indore,Indore,Siyaganj,3,13,3,19,18,17,1,14,High,22.71666,75.86429,"Indore Khajrana PO, Indore (4.6 km)",0.2,open map,,
Area,Madhya Pradesh,Indore,Indore,Palda,2,12,1,15,15,14,1,14,High,22.67331,75.88029,"Palda PO, Indore (1.6 km)",2.2,open map,,
Area,Madhya Pradesh,Indore,Indore,Sudama Nagar,2,9,4,15,15,14,1,10,High,22.68833,75.82852,"Bijasan Road PO, Indore (6.3 km)",2.8,open map,,
Area,Madhya Pradesh,Indore,Indore,Rau,1,13,0,14,14,14,,13,High,22.63515,75.80534,"Machla PO, Indore (5.4 km)",2.6,open map,,
Area,Madhya Pradesh,Indore,Indore,Dwarkapuri,4,6,3,13,12,11,1,6,High,22.6919,75.82551,"Bijasan Road PO, Indore (5.8 km)",4.6,open map,,
Area,Madhya Pradesh,Indore,Indore,Sukhlia,1,10,0,11,11,10,,8,High,22.75532,75.87012,"Indore Khajrana PO, Indore (4.4 km)",0.9,open map,,
Area,Madhya Pradesh,Indore,Indore,Badi Bhamori,3,6,1,10,8,6,2,8,Medium,22.74527,75.88964,"Indore Khajrana PO, Indore (2.2 km)",0.1,open map,,
Area,Madhya Pradesh,Indore,Indore,Mahalaxmi Nagar,1,7,1,9,9,7,2,4,High,22.75408,75.91485,"Indore Khajrana PO, Indore (2.5 km)",2.6,open map,,
Area,Madhya Pradesh,Indore,Indore,Khajrana,4,4,0,8,8,6,1,12,High,22.73564,75.91602,"Indore Khajrana PO, Indore (1.1 km)",0.5,open map,,
Area,Madhya Pradesh,Indore,Indore,Navlakha,0,8,0,8,8,7,,5,High,22.70129,75.86541,"Palda PO, Indore (3.8 km)",1.4,open map,,
Area,Madhya Pradesh,Indore,Indore,Raj Mohalla,3,4,1,8,7,7,,7,High,22.71357,75.84091,"Bijasan Road PO, Indore (4.3 km)",1,open map,,
Area,Madhya Pradesh,Indore,Indore,Chandan Nagar,1,6,0,7,7,7,,7,High,22.70776,75.82424,"Bijasan Road PO, Indore (4.1 km)",0.9,open map,,
Area,Madhya Pradesh,Indore,Indore,Transport Nagar,1,6,0,7,7,6,1,6,High,22.69539,75.86507,"Palda PO, Indore (3.4 km)",0.5,open map,,
Area,Madhya Pradesh,Indore,Indore,Gandhi Nagar,4,1,1,6,6,3,2,3,Medium,22.74012,75.79126,"Gandhinagar (Indore) PO, Indore (0.4 km)",0.4,open map,,
Area,Madhya Pradesh,Indore,Indore,Goyal Nagar,0,5,0,5,5,4,1,4,High,22.71901,75.90646,"Indore Khajrana PO, Indore (1.5 km)",0.1,open map,,
Area,Madhya Pradesh,Indore,Indore,Kibe Compound,0,4,1,5,5,5,,3,High,22.713,75.87218,"Indore Khajrana PO, Indore (4.1 km)",1.6,open map,,
Area,Madhya Pradesh,Indore,Indore,Nagin Nagar,0,5,0,5,4,5,,6,High,22.72466,75.82431,"Bijasan Road PO, Indore (2.3 km)",0.9,open map,,
Area,Madhya Pradesh,Indore,Indore,Nipania,0,5,0,5,5,5,,6,High,22.76225,75.9213,"Indore Khajrana PO, Indore (3.6 km)",1.3,open map,,
Area,Madhya Pradesh,Indore,Indore,Pardesipura,1,4,0,5,5,5,,2,High,22.74568,75.8703,"Indore Khajrana PO, Indore (3.9 km)",1.3,open map,,
Area,Madhya Pradesh,Indore,Indore,Sarafa Bazar,2,3,0,5,5,5,,1,High,22.71707,75.85108,"Bijasan Road PO, Indore (4.8 km)",0.6,open map,,
Area,Madhya Pradesh,Indore,Indore,Sirpur,2,2,1,5,4,5,,7,High,22.69586,75.82598,"Bijasan Road PO, Indore (5.4 km)",1.5,open map,,
Area,Madhya Pradesh,Indore,Indore,Tilak Nagar,0,4,1,5,5,5,,4,High,22.72067,75.90117,"Indore Khajrana PO, Indore (1.4 km)",0.6,open map,,
Area,Madhya Pradesh,Indore,Indore,Banganga,0,3,1,4,4,4,,2,High,22.72856,75.856,"Bijasan Road PO, Indore (4.6 km)",1.7,open map,,
Area,Madhya Pradesh,Indore,Indore,Chhawni,0,4,0,4,4,3,,2,High,22.71065,75.87819,"Indore Khajrana PO, Indore (3.8 km)",0.2,open map,,
Area,Madhya Pradesh,Indore,Indore,Chhoti Gwaltoli,0,4,0,4,4,3,1,3,High,22.71317,75.87236,"Indore Khajrana PO, Indore (4.1 km)",0,open map,,
Area,Madhya Pradesh,Indore,Indore,Daulatganj,1,3,0,4,3,2,1,11,Medium,22.71526,75.8617,"Indore Khajrana PO, Indore (4.9 km)",0.1,open map,,
Area,Madhya Pradesh,Indore,Indore,Dr. Ambedkar Nagar (Mhow),1,3,0,4,4,4,,3,Low,22.5594,75.76295,"Mhow PO, Indore (0.3 km)",0.2,open map,,
Area,Madhya Pradesh,Indore,Indore,LIG Colony,1,3,0,4,3,4,,3,High,22.73744,75.88452,"Indore Khajrana PO, Indore (2.2 km)",1.1,open map,,
Area,Madhya Pradesh,Indore,Indore,Musakhedi,0,3,1,4,4,4,,1,High,22.69344,75.89587,"Palda PO, Indore (1.5 km)",0.2,open map,,
Area,Madhya Pradesh,Indore,Indore,Nanda Nagar,0,4,0,4,4,3,,2,High,22.74539,75.8813,"Indore Khajrana PO, Indore (2.9 km)",0.1,open map,,
Area,Madhya Pradesh,Indore,Indore,Noorani Nagar,0,3,1,4,4,4,,,High,22.70589,75.81179,"Bijasan Road PO, Indore (4.2 km)",0.1,open map,,
Area,Madhya Pradesh,Indore,Indore,Sangam Nagar,0,3,1,4,4,4,,5,High,22.72904,75.82315,"Bijasan Road PO, Indore (1.8 km)",0.3,open map,,
Area,Madhya Pradesh,Indore,Indore,Sanvid Nagar,0,3,1,4,4,3,1,5,High,22.7209,75.89982,"Indore Khajrana PO, Indore (1.5 km)",0.4,open map,,
Area,Madhya Pradesh,Indore,Indore,Anjani Nagar,1,2,0,3,3,3,,,High,22.73893,75.82501,"Bijasan Road PO, Indore (1.2 km)",8.4,open map,,
Area,Madhya Pradesh,Indore,Indore,Bartan Bazar,1,2,0,3,3,3,,2,High,22.71586,75.85103,"Bijasan Road PO, Indore (4.8 km)",0.2,open map,,
Area,Madhya Pradesh,Indore,Indore,Bhawrasla,0,3,0,3,3,3,,4,High,22.7944,75.84729,"Alwasa PO, Indore (3.7 km)",0.8,open map,,
Area,Madhya Pradesh,Indore,Indore,CAT Square,1,2,0,3,3,3,,1,Low,22.66955,75.81532,"Machla PO, Indore (6.6 km)",0.1,open map,,
Area,Madhya Pradesh,Indore,Indore,Chhavani,2,1,0,3,2,3,,,High,22.71414,75.87282,"Indore Khajrana PO, Indore (4.0 km)",2.1,open map,,
Area,Madhya Pradesh,Indore,Indore,Chota Bangarda,0,3,0,3,3,3,,2,Medium,22.74606,75.81463,"Bijasan Road PO, Indore (0.3 km)",0,open map,,
Area,Madhya Pradesh,Indore,Indore,Kanadiya,0,3,0,3,3,3,,,Low,22.69715,75.92861,"Bicholi Mardana PO, Indore (0.2 km)",0,open map,,
Area,Madhya Pradesh,Indore,Indore,Lasudia Mori,2,1,0,3,3,1,1,4,Low,22.71654,75.8574,"Indore Khajrana PO, Indore (5.3 km)",0,open map,,
Area,Madhya Pradesh,Indore,Indore,Malti Vanaspati,0,3,0,3,3,3,,2,High,22.73522,75.85779,"Bijasan Road PO, Indore (4.5 km)",0,open map,,
Area,Madhya Pradesh,Indore,Indore,Niranjanpur,0,3,0,3,3,3,,2,Medium,22.77467,75.89021,"Kelod PO, Indore (2.5 km)",0,open map,,
Area,Madhya Pradesh,Indore,Indore,Rajendra Nagar,1,2,0,3,3,3,,5,High,22.6847,75.84553,"Palda PO, Indore (5.0 km)",2.3,open map,,
Area,Madhya Pradesh,Indore,Indore,Scheme 54 PU4,1,2,0,3,3,3,,,High,22.75402,75.88787,"Indore Khajrana PO, Indore (3.0 km)",0.4,open map,,
Area,Madhya Pradesh,Indore,Indore,Scheme 71,0,3,0,3,2,2,,4,Medium,22.70033,75.83141,"Bijasan Road PO, Indore (5.1 km)",0.4,open map,,
Area,Madhya Pradesh,Indore,Indore,South Tukoganj,0,3,0,3,3,3,,4,High,22.71639,75.87505,"Indore Khajrana PO, Indore (3.6 km)",0.1,open map,,
Area,Madhya Pradesh,Indore,Indore,Vijay Nagar,1,2,0,3,3,3,,5,High,22.76119,75.88807,"Indore Khajrana PO, Indore (3.6 km)",0.6,open map,,
Area,Madhya Pradesh,Indore,Indore,Ahmad Nagar,0,2,0,2,2,2,,,High,22.70121,75.80202,"Gandhinagar (Indore) PO, Indore (4.7 km)",0,open map,,
Area,Madhya Pradesh,Indore,Indore,Alok Nagar,0,2,0,2,2,2,,4,High,22.7228,75.91333,"Indore Khajrana PO, Indore (1.4 km)",0.7,open map,,
Area,Madhya Pradesh,Indore,Indore,Barfani Dham,0,2,0,2,2,2,,2,High,22.73861,75.88577,"Indore Khajrana PO, Indore (2.2 km)",1.1,open map,,
Area,Madhya Pradesh,Indore,Indore,Bicholi Mardana,0,2,0,2,2,1,1,3,Medium,22.70331,75.91736,"Bicholi Mardana PO, Indore (1.3 km)",0,open map,,
Area,Madhya Pradesh,Indore,Indore,Bijasan Road,1,1,0,2,2,2,,4,High,22.73781,75.82825,"Bijasan Road PO, Indore (1.5 km)",0.4,open map,,
Area,Madhya Pradesh,Indore,Indore,Biyabani,0,2,0,2,2,1,1,,Medium,22.71179,75.8421,"Bijasan Road PO, Indore (4.5 km)",0,open map,,
Area,Madhya Pradesh,Indore,Indore,Bk Sindhi Colony,0,1,1,2,1,2,,,High,22.70201,75.86304,"Palda PO, Indore (4.0 km)",0.1,open map,,
Area,Madhya Pradesh,Indore,Indore,Brijeshwari Annexe,0,2,0,2,2,2,,3,High,22.71908,75.90796,"Indore Khajrana PO, Indore (1.6 km)",0.1,open map,,
Area,Madhya Pradesh,Indore,Indore,Dutt Nagar,1,0,1,2,2,1,1,1,Medium,22.66267,75.82498,"Machla PO, Indore (5.4 km)",0,open map,,
Area,Madhya Pradesh,Indore,Indore,Hakimi Bagh,0,2,0,2,2,2,,1,High,22.70345,75.82275,"Bijasan Road PO, Indore (4.5 km)",0.4,open map,,
Area,Madhya Pradesh,Indore,Indore,Hukma Khedi,1,1,0,2,2,2,,1,High,22.66168,75.825,"Machla PO, Indore (5.3 km)",0.1,open map,,
Area,Madhya Pradesh,Indore,Indore,Indore Khajrana,0,2,0,2,2,2,,3,Medium,22.72825,75.91404,"Indore Khajrana PO, Indore (1.0 km)",1.4,open map,,
Area,Madhya Pradesh,Indore,Indore,Kabit Khedi,0,1,1,2,2,2,,2,High,22.7681,75.88138,"Kelod PO, Indore (3.4 km)",0.2,open map,,
Area,Madhya Pradesh,Indore,Indore,Kalani Nagar,1,1,0,2,2,2,,3,High,22.70312,75.82548,"Bijasan Road PO, Indore (4.6 km)",1.7,open map,,
Area,Madhya Pradesh,Indore,Indore,Kelod,0,2,0,2,2,2,,3,High,22.77993,75.88869,"Kelod PO, Indore (1.9 km)",0,open map,,
Area,Madhya Pradesh,Indore,Indore,Khizrabad Colony,1,1,0,2,2,0,1,2,Low,,,,,,,
Area,Madhya Pradesh,Indore,Indore,Kundan Nagar,0,2,0,2,2,2,,2,High,22.67604,75.81833,"Machla PO, Indore (7.0 km)",0.2,open map,,
Area,Madhya Pradesh,Indore,Indore,Maharaja Tukoji Rao Holker Cloth Market,0,2,0,2,2,2,,6,High,22.72266,75.84798,"Bijasan Road PO, Indore (4.1 km)",0.3,open map,,
Area,Madhya Pradesh,Indore,Indore,Nayta Mundla,2,0,0,2,2,2,,1,High,22.68245,75.89206,"Palda PO, Indore (0.3 km)",3.1,open map,,
Area,Madhya Pradesh,Indore,Indore,Nehru Nagar,0,2,0,2,1,1,1,,Medium,22.72047,75.90322,"Indore Khajrana PO, Indore (1.4 km)",0,open map,,
Area,Madhya Pradesh,Indore,Indore,Palsikar Colony,0,2,0,2,2,2,,3,High,22.7078,75.85866,"Palda PO, Indore (4.8 km)",0,open map,,
Area,Madhya Pradesh,Indore,Indore,Prabhu Nagar,1,1,0,2,2,1,,1,Medium,22.71578,75.86165,"Indore Khajrana PO, Indore (4.9 km)",0,open map,,
Area,Madhya Pradesh,Indore,Indore,Ranipura,1,1,0,2,2,2,,1,High,22.71643,75.86423,"Indore Khajrana PO, Indore (4.6 km)",0.1,open map,,
Area,Madhya Pradesh,Indore,Indore,Sahakar Nagar,1,0,1,2,1,1,1,2,Medium,22.68273,75.8352,"Palda PO, Indore (6.0 km)",0,open map,,
Area,Madhya Pradesh,Indore,Indore,Sanwariya Nagar,0,2,0,2,2,2,,2,High,22.73194,75.82991,"Bijasan Road PO, Indore (2.0 km)",0.4,open map,,
Area,Madhya Pradesh,Indore,Indore,Sheetal Nagar,0,2,0,2,2,1,1,1,Medium,22.7204,75.90338,"Indore Khajrana PO, Indore (1.4 km)",0,open map,,
Area,Madhya Pradesh,Indore,Indore,Shiv Moti Nagar,2,0,0,2,2,2,,,High,22.69879,75.86824,"Palda PO, Indore (3.4 km)",0,open map,,
Area,Madhya Pradesh,Indore,Indore,Shramik Colony,1,1,0,2,2,2,,2,High,22.64154,75.81642,"Machla PO, Indore (4.5 km)",0,open map,,
Area,Madhya Pradesh,Indore,Indore,Sukhdev Nagar Extension II,1,0,1,2,2,2,,1,High,22.73766,75.83363,"Bijasan Road PO, Indore (2.1 km)",0.4,open map,,
Area,Madhya Pradesh,Indore,Indore,Tejpur Gadbadi,1,1,0,2,2,2,,,High,22.6862,75.83239,"Palda PO, Indore (6.3 km)",1.5,open map,,
Area,Madhya Pradesh,Indore,Indore,Vaibhav Nagar Sector A,0,1,1,2,2,2,,1,High,22.71713,75.88267,"Indore Khajrana PO, Indore (2.9 km)",2.7,open map,,
Area,Madhya Pradesh,Indore,Indore,Vidur Nagar,0,1,1,2,2,1,1,2,Medium,22.68082,75.81622,"Bijasan Road PO, Indore (7.0 km)",0,open map,,
Area,Madhya Pradesh,Indore,Indore,Vinay Nagar,0,2,0,2,2,2,,2,High,22.68969,75.84365,"Palda PO, Indore (5.3 km)",0,open map,,
Area,Madhya Pradesh,Indore,Indore,Vinoba Nagar,0,2,0,2,2,2,,2,High,22.7171,75.8939,"Indore Khajrana PO, Indore (2.1 km)",0.4,open map,,
Area,Madhya Pradesh,Indore,Indore,Ada Bazar,0,0,1,1,1,1,,5,High,22.71536,75.85655,"Bijasan Road PO, Indore (5.3 km)",0,open map,,
Area,Madhya Pradesh,Indore,Indore,Anand Nagar,0,1,0,1,1,1,,1,High,22.69734,75.86527,"Palda PO, Indore (3.5 km)",0,open map,,
Area,Madhya Pradesh,Indore,Indore,Anil Nagar,0,1,0,1,1,1,,1,High,22.7415,75.90048,"Indore Khajrana PO, Indore (1.1 km)",0,open map,,
Area,Madhya Pradesh,Indore,Indore,Anuradha Nagar,0,1,0,1,1,1,,,Low,22.68553,75.88921,"Palda PO, Indore (0.8 km)",0,open map,,
Area,Madhya Pradesh,Indore,Indore,Arvindo Hospital,0,1,0,1,1,1,,,High,22.79272,75.84751,"Alwasa PO, Indore (3.9 km)",0,open map,,
Area,Madhya Pradesh,Indore,Indore,Ashraf Nagar,1,0,0,1,1,1,,,High,22.73546,75.91524,"Indore Khajrana PO, Indore (1.0 km)",0,open map,,
Area,Madhya Pradesh,Indore,Indore,Avantika Nagar,0,1,0,1,1,1,,1,High,22.74014,75.83724,"Bijasan Road PO, Indore (2.4 km)",0,open map,,
Area,Madhya Pradesh,Indore,Indore,Bajrang Nagar,0,1,0,1,1,1,,1,High,22.74957,75.87464,"Indore Khajrana PO, Indore (3.7 km)",0,open map,,
Area,Madhya Pradesh,Indore,Indore,Bengali Colony,1,0,0,1,1,1,,1,High,22.71536,75.85655,"Bijasan Road PO, Indore (5.3 km)",0,open map,,
Area,Madhya Pradesh,Indore,Indore,Bhadoriya square,0,1,0,1,1,1,,1,High,22.76647,75.88973,"Kelod PO, Indore (3.4 km)",0,open map,,
Area,Madhya Pradesh,Indore,Indore,Bhagirathpura,0,1,0,1,1,1,,,High,22.80091,75.91414,"Manglia PO, Indore (1.9 km)",0,open map,,
Area,Madhya Pradesh,Indore,Indore,Bhanwar Kuwa,0,1,0,1,1,1,,,High,22.70246,75.8623,"Palda PO, Indore (4.1 km)",0,open map,,
Area,Madhya Pradesh,Indore,Indore,Bhavna Nagar,1,0,0,1,1,1,,2,High,22.67336,75.88031,"Palda PO, Indore (1.6 km)",0,open map,,
Area,Madhya Pradesh,Indore,Indore,Bijalpur,0,1,0,1,1,1,,,High,22.66694,75.84548,"Kelodkartal PO, Indore (4.4 km)",0,open map,,
Area,Madhya Pradesh,Indore,Indore,Bombay Bazar,0,1,0,1,1,1,,1,Low,22.68887,75.82822,"Bijasan Road PO, Indore (6.2 km)",0,open map,,
Area,Madhya Pradesh,Indore,Indore,Brahm Bagh Colony,0,1,0,1,1,1,,1,High,22.73385,75.84886,"Bijasan Road PO, Indore (3.7 km)",0,open map,,
Area,Madhya Pradesh,Indore,Indore,Chanakyapuri,1,0,0,1,1,1,,,High,22.71578,75.86165,"Indore Khajrana PO, Indore (4.9 km)",0,open map,,
Area,Madhya Pradesh,Indore,Indore,Chauhan Nagar,0,1,0,1,1,1,,1,High,22.70321,75.90797,"Bicholi Mardana PO, Indore (2.2 km)",0,open map,,
Area,Madhya Pradesh,Indore,Indore,Chhatribagh,0,1,0,1,1,1,,1,High,22.71008,75.84599,"Bijasan Road PO, Indore (4.9 km)",0,open map,,
Area,Madhya Pradesh,Indore,Indore,Choti Bhamori,0,1,0,1,1,1,,2,High,22.7443,75.88482,"Indore Khajrana PO, Indore (2.5 km)",0,open map,,
Area,Madhya Pradesh,Indore,Indore,Dashrath Bag,1,0,0,1,1,1,,,High,22.74061,75.8359,"Bijasan Road PO, Indore (2.2 km)",0,open map,,
Area,Madhya Pradesh,Indore,Indore,Davv Takshila Parisar,0,1,0,1,1,1,,1,High,22.67813,75.87751,"Palda PO, Indore (1.7 km)",0,open map,,
Area,Madhya Pradesh,Indore,Indore,Dev Nagar,0,1,0,1,1,1,,,High,22.68578,75.89017,"Palda PO, Indore (0.7 km)",0,open map,,
Area,Madhya Pradesh,Indore,Indore,Devguradia,0,1,0,1,1,1,,2,High,22.67516,75.84756,"Palda PO, Indore (4.8 km)",0,open map,,
Area,Madhya Pradesh,Indore,Indore,Gadi Adda,0,1,0,1,1,1,,1,High,22.71139,75.86558,"Palda PO, Indore (4.5 km)",0,open map,,
Area,Madhya Pradesh,Indore,Indore,Gandhinagar (Indore),1,0,0,1,1,1,,,High,22.74036,75.79142,"Gandhinagar (Indore) PO, Indore (0.4 km)",0,open map,,
Area,Madhya Pradesh,Indore,Indore,Ganesh Dham Colony,0,1,0,1,1,1,,,High,22.75107,75.84944,"Bijasan Road PO, Indore (3.7 km)",0,open map,,
Area,Madhya Pradesh,Indore,Indore,Ganesh Puri Colony,0,1,0,1,1,1,,,High,22.7329,75.91387,"Indore Khajrana PO, Indore (0.8 km)",0,open map,,
Area,Madhya Pradesh,Indore,Indore,Geeta Nagar,1,0,0,1,1,1,,1,High,22.70685,75.82287,"Bijasan Road PO, Indore (4.2 km)",0,open map,,
Area,Madhya Pradesh,Indore,Indore,Gokul Nagar,0,1,0,1,1,1,,,High,22.72681,75.93021,"Indore Khajrana PO, Indore (2.6 km)",0,open map,,
Area,Madhya Pradesh,Indore,Indore,Gopur Colony,1,0,0,1,0,1,,,High,22.69471,75.82674,"Bijasan Road PO, Indore (5.6 km)",0,open map,,
Area,Madhya Pradesh,Indore,Indore,Gopur Square,0,1,0,1,1,1,,,High,22.6846,75.82943,"Palda PO, Indore (6.6 km)",0,open map,,
Area,Madhya Pradesh,Indore,Indore,Govind Colony,0,1,0,1,1,1,,,High,22.74297,75.84053,"Bijasan Road PO, Indore (2.7 km)",0,open map,,
Area,Madhya Pradesh,Indore,Indore,Green Park Colony,0,1,0,1,1,1,,3,High,22.70681,75.81133,"Bijasan Road PO, Indore (4.1 km)",0,open map,,
Area,Madhya Pradesh,Indore,Indore,Gulzar Colony,0,1,0,1,1,1,,1,High,22.69774,75.85466,"Palda PO, Indore (4.5 km)",0,open map,,
Area,Madhya Pradesh,Indore,Indore,Gurunanak Timber Market,0,1,0,1,0,1,,2,High,22.71231,75.83732,"Bijasan Road PO, Indore (4.2 km)",0,open map,,
Area,Madhya Pradesh,Indore,Indore,Hari Phatak,0,1,0,1,1,1,,,Low,22.55971,75.76265,"Mhow PO, Indore (0.3 km)",0,open map,,
Area,Madhya Pradesh,Indore,Indore,Imli Bazar,0,1,0,1,1,1,,,High,22.72321,75.85816,"Indore Khajrana PO, Indore (5.0 km)",0,open map,,
Area,Madhya Pradesh,Indore,Indore,Indira Gandhi Nagar,1,0,0,1,1,1,,,High,22.69549,75.84418,"Palda PO, Indore (5.4 km)",0,open map,,
Area,Madhya Pradesh,Indore,Indore,Indore GPO,0,1,0,1,1,1,,,High,22.72434,75.86741,"Indore Khajrana PO, Indore (4.1 km)",0,open map,,
Area,Madhya Pradesh,Indore,Indore,Indralok Colony,0,1,0,1,1,0,1,,Low,,,,,,,
Area,Madhya Pradesh,Indore,Indore,Jabran Colony,1,0,0,1,1,1,,1,High,22.68472,75.82318,"Bijasan Road PO, Indore (6.6 km)",0,open map,,
Area,Madhya Pradesh,Indore,Indore,Jagjivan Ram Nagar,0,1,0,1,1,1,,,High,22.73337,75.88749,"Indore Khajrana PO, Indore (1.9 km)",0,open map,,
Area,Madhya Pradesh,Indore,Indore,Jamna Nagar,0,1,0,1,1,1,,,High,22.70586,75.84836,"Bijasan Road PO, Indore (5.4 km)",0,open map,,
Area,Madhya Pradesh,Indore,Indore,Janata Colony,0,1,0,1,1,1,,,High,22.72312,75.84415,"Bijasan Road PO, Indore (3.8 km)",0,open map,,
Area,Madhya Pradesh,Indore,Indore,Jawahar Nagar,0,1,0,1,1,1,,1,High,22.66722,75.81298,"Machla PO, Indore (6.6 km)",0,open map,,
Area,Madhya Pradesh,Indore,Indore,Juni Indore,0,1,0,1,1,1,,,High,22.70866,75.85872,"Palda PO, Indore (4.8 km)",0,open map,,
Area,Madhya Pradesh,Indore,Indore,Kailashpuri,1,0,0,1,1,1,,,High,22.71536,75.85655,"Bijasan Road PO, Indore (5.3 km)",0,open map,,
Area,Madhya Pradesh,Indore,Indore,Karas Dev Nagar,0,1,0,1,1,1,,2,High,22.75086,75.87421,"Indore Khajrana PO, Indore (3.8 km)",0,open map,,
Area,Madhya Pradesh,Indore,Indore,Kasturbagram,0,1,0,1,1,1,,1,High,22.66084,75.88421,"Kasturbagram PO, Indore (1.7 km)",0,open map,,
Area,Madhya Pradesh,Indore,Indore,Kelod Kartal,0,1,0,1,1,1,,,Low,22.64099,75.88816,"Kasturbagram PO, Indore (0.6 km)",0,open map,,
Area,Madhya Pradesh,Indore,Indore,Krishna Bag Colony,1,0,0,1,1,1,,,High,22.72459,75.82526,"Bijasan Road PO, Indore (2.4 km)",0,open map,,
Area,Madhya Pradesh,Indore,Indore,Krishnodaya Nagar,0,1,0,1,1,1,,1,High,22.67796,75.87697,"Palda PO, Indore (1.8 km)",0,open map,,
Area,Madhya Pradesh,Indore,Indore,Laxmanpura Colony,0,1,0,1,1,1,,1,High,22.73985,75.84222,"Bijasan Road PO, Indore (2.9 km)",0,open map,,
Area,Madhya Pradesh,Indore,Indore,Limbodi,0,1,0,1,1,1,,,High,22.66488,75.88353,"Palda PO, Indore (2.0 km)",0,open map,,
Area,Madhya Pradesh,Indore,Indore,Lokmanya Nagar,0,1,0,1,1,1,,2,High,22.68282,75.84198,"Palda PO, Indore (5.3 km)",0,open map,,
Area,Madhya Pradesh,Indore,Indore,Loknayak Nagar,0,1,0,1,1,1,,2,High,22.7284,75.82911,"Bijasan Road PO, Indore (2.3 km)",0,open map,,
Area,Madhya Pradesh,Indore,Indore,MTH Compound,0,0,1,1,1,1,,3,High,22.71886,75.86384,"Indore Khajrana PO, Indore (4.6 km)",0,open map,,
Area,Madhya Pradesh,Indore,Indore,Mahavir Nagar,0,1,0,1,1,1,,,High,22.72094,75.90165,"Indore Khajrana PO, Indore (1.4 km)",0,open map,,
Area,Madhya Pradesh,Indore,Indore,Malharganj,1,0,0,1,1,0,,,Low,,,,,,,
Area,Madhya Pradesh,Indore,Indore,Malwa Mill,0,1,0,1,1,1,,3,High,22.73861,75.87986,"Indore Khajrana PO, Indore (2.7 km)",0,open map,,
Area,Madhya Pradesh,Indore,Indore,Malwa Mill Square,0,1,0,1,1,1,,,High,22.73609,75.87709,"Indore Khajrana PO, Indore (3.0 km)",0,open map,,
Area,Madhya Pradesh,Indore,Indore,Manglaya Sadak,1,0,0,1,1,0,1,2,Low,,,,,,,
Area,Madhya Pradesh,Indore,Indore,Manglia,0,1,0,1,1,1,,,High,22.8174,75.92618,"Manglia PO, Indore (0.3 km)",0,open map,,
Area,Madhya Pradesh,Indore,Indore,Mayakhedi,0,1,0,1,1,1,,,High,22.77262,75.92332,"Kelod PO, Indore (4.4 km)",0,open map,,
Area,Madhya Pradesh,Indore,Indore,Mechanic Nagar,0,1,0,1,1,1,,3,High,22.69394,75.85915,"Palda PO, Indore (3.9 km)",0,open map,,
Area,Madhya Pradesh,Indore,Indore,Morod,0,1,0,1,1,1,,,Low,22.73235,75.89305,"Indore Khajrana PO, Indore (1.3 km)",0,open map,,
Area,Madhya Pradesh,Indore,Indore,Moti Tabela,1,0,0,1,1,1,,1,High,22.69589,75.8229,"Bijasan Road PO, Indore (5.4 km)",0,open map,,
Area,Madhya Pradesh,Indore,Indore,Nandanvan Colony,0,0,1,1,1,1,,,High,22.69879,75.86824,"Palda PO, Indore (3.4 km)",0,open map,,
Area,Madhya Pradesh,Indore,Indore,New Palasia,0,1,0,1,1,1,,,High,22.73379,75.87549,"Indore Khajrana PO, Indore (3.1 km)",0,open map,,
Area,Madhya Pradesh,Indore,Indore,New Siyaganj,0,1,0,1,1,1,,1,High,22.71648,75.86511,"Indore Khajrana PO, Indore (4.6 km)",0,open map,,
Area,Madhya Pradesh,Indore,Indore,Palakhedi,0,0,1,1,0,1,,,High,22.777,75.84794,"Kelod PO, Indore (4.9 km)",0,open map,,
Area,Madhya Pradesh,Indore,Indore,Panchshil Nagar,0,1,0,1,1,1,,1,High,22.70149,75.8627,"Palda PO, Indore (4.0 km)",0,open map,,
Area,Madhya Pradesh,Indore,Indore,Panchvati Colony,0,1,0,1,1,1,,1,High,22.7929,75.90514,"Kelod PO, Indore (1.6 km)",0,open map,,
Area,Madhya Pradesh,Indore,Indore,Patnipura Square,0,1,0,1,1,1,,,High,22.74037,75.88151,"Indore Khajrana PO, Indore (2.6 km)",0,open map,,
Area,Madhya Pradesh,Indore,Indore,Patrakar Colony,0,1,0,1,1,1,,,High,22.71858,75.87606,"Indore Khajrana PO, Indore (3.4 km)",0,open map,,
Area,Madhya Pradesh,Indore,Indore,Pipliya Kumar,1,0,0,1,1,1,,1,High,22.75569,75.91598,"Indore Khajrana PO, Indore (2.7 km)",0,open map,,
Area,Madhya Pradesh,Indore,Indore,Pragati Vihar,0,1,0,1,1,1,,1,High,22.713,75.93401,"Bicholi Mardana PO, Indore (1.7 km)",0,open map,,
Area,Madhya Pradesh,Indore,Indore,Prajapat Nagar,1,0,0,1,0,1,,1,High,22.69589,75.8229,"Bijasan Road PO, Indore (5.4 km)",0,open map,,
Area,Madhya Pradesh,Indore,Indore,Pushpa Nagar,0,1,0,1,1,1,,,High,22.7371,75.84945,"Bijasan Road PO, Indore (3.7 km)",0,open map,,
Area,Madhya Pradesh,Indore,Indore,Rambali Nagar,1,0,0,1,1,0,1,,Low,,,,,,,
Area,Madhya Pradesh,Indore,Indore,Ravi Shankar Shukla Nagar,0,0,1,1,1,1,,,High,22.74115,75.88213,"Indore Khajrana PO, Indore (2.6 km)",0,open map,,
Area,Madhya Pradesh,Indore,Indore,Residency Area,0,1,0,1,1,1,,1,High,22.70993,75.88043,"Palda PO, Indore (3.6 km)",0,open map,,
Area,Madhya Pradesh,Indore,Indore,Reti Mandi,1,0,0,1,1,1,,,High,22.66341,75.82284,"Machla PO, Indore (5.6 km)",0,open map,,
Area,Madhya Pradesh,Indore,Indore,Rrcat,0,1,0,1,1,1,,,High,22.66211,75.80926,"Machla PO, Indore (6.5 km)",0,open map,,
Area,Madhya Pradesh,Indore,Indore,Rukmani Nagar,0,1,0,1,1,1,,2,High,22.71578,75.86166,"Indore Khajrana PO, Indore (4.9 km)",0,open map,,
Area,Madhya Pradesh,Indore,Indore,Sachidanand Nagar,0,0,1,1,1,1,,1,High,22.71591,75.86162,"Indore Khajrana PO, Indore (4.9 km)",0,open map,,
Area,Madhya Pradesh,Indore,Indore,Sadar Bazar,0,1,0,1,1,0,1,3,Low,,,,,,,
Area,Madhya Pradesh,Indore,Indore,Sanchar Nagar Extension,0,1,0,1,1,1,,,High,22.72326,75.91864,"Indore Khajrana PO, Indore (1.7 km)",0,open map,,
Area,Madhya Pradesh,Indore,Indore,Scheme 94,1,0,0,1,1,1,,,High,22.71536,75.85655,"Bijasan Road PO, Indore (5.3 km)",0,open map,,
Area,Madhya Pradesh,Indore,Indore,Scheme 94 Sector FB,0,1,0,1,1,1,,1,High,22.70913,75.90616,"Indore Khajrana PO, Indore (2.6 km)",0,open map,,
Area,Madhya Pradesh,Indore,Indore,Shanti Nagar,1,0,0,1,1,1,,,High,22.7135,75.84061,"Bijasan Road PO, Indore (4.3 km)",0,open map,,
Area,Madhya Pradesh,Indore,Indore,Shantinath Puri,0,0,1,1,1,1,,3,High,22.68472,75.82318,"Bijasan Road PO, Indore (6.6 km)",0,open map,,
Area,Madhya Pradesh,Indore,Indore,Sher Shah Suri Nagar,0,1,0,1,1,0,,2,Low,,,,,,,
Area,Madhya Pradesh,Indore,Indore,Shikshak Nagar,0,1,0,1,1,1,,1,High,22.72478,75.82499,"Bijasan Road PO, Indore (2.3 km)",0,open map,,
Area,Madhya Pradesh,Indore,Indore,Shiv Sakti Nagar,0,0,1,1,1,1,,,High,22.74509,75.89047,"Indore Khajrana PO, Indore (2.1 km)",0,open map,,
Area,Madhya Pradesh,Indore,Indore,Shukh Shanti Nagar,0,1,0,1,1,1,,3,High,22.71821,75.91024,"Indore Khajrana PO, Indore (1.7 km)",0,open map,,
Area,Madhya Pradesh,Indore,Indore,Siddharth Nagar,0,1,0,1,1,1,,2,High,22.68421,75.84223,"Palda PO, Indore (5.3 km)",0,open map,,
Area,Madhya Pradesh,Indore,Indore,Silicon City Way,0,1,0,1,1,1,,,High,22.64801,75.8242,"Machla PO, Indore (4.3 km)",0,open map,,
Area,Madhya Pradesh,Indore,Indore,Sinhasa,0,1,0,1,1,1,,4,High,22.69726,75.79054,"Gandhinagar (Indore) PO, Indore (5.1 km)",0,open map,,
Area,Madhya Pradesh,Indore,Indore,Somani Nagar,0,1,0,1,1,1,,4,High,22.72871,75.82638,"Bijasan Road PO, Indore (2.0 km)",0,open map,,
Area,Madhya Pradesh,Indore,Indore,South Toda,0,0,1,1,0,1,,,High,22.71682,75.86155,"Indore Khajrana PO, Indore (4.9 km)",0,open map,,
Area,Madhya Pradesh,Indore,Indore,Sukhdev Nagar,1,0,0,1,1,1,,,High,22.68824,75.82852,"Bijasan Road PO, Indore (6.3 km)",0,open map,,
Area,Madhya Pradesh,Indore,Indore,Surya Dev Nagar,0,1,0,1,1,1,,1,High,22.68171,75.85097,"Palda PO, Indore (4.4 km)",0,open map,,
Area,Madhya Pradesh,Indore,Indore,Swadesh Nagar,0,0,1,1,1,1,,,High,22.69916,75.86632,"Palda PO, Indore (3.5 km)",0,open map,,
Area,Madhya Pradesh,Indore,Indore,Talawali Chanda,0,1,0,1,1,1,,1,High,22.8013,75.91446,"Manglia PO, Indore (1.9 km)",0,open map,,
Area,Madhya Pradesh,Indore,Indore,Tanjim Nagar,0,0,1,1,1,1,,,High,22.7318,75.91186,"Indore Khajrana PO, Indore (0.6 km)",0,open map,,
Area,Madhya Pradesh,Indore,Indore,Tapeshwari Bagh Colony,0,1,0,1,1,1,,1,High,22.74875,75.90676,"Indore Khajrana PO, Indore (1.8 km)",0,open map,,
Area,Madhya Pradesh,Indore,Indore,Teen Imli Chauraha,0,1,0,1,1,0,,,Low,,,,,,,
Area,Madhya Pradesh,Indore,Indore,Telephone Nagar,0,1,0,1,1,1,,2,High,22.72102,75.90149,"Indore Khajrana PO, Indore (1.4 km)",0,open map,,
Area,Madhya Pradesh,Indore,Indore,Treasure Fantasy,0,1,0,1,1,1,,1,Low,22.65823,75.80425,"Machla PO, Indore (6.6 km)",0,open map,,
Area,Madhya Pradesh,Indore,Indore,Tulsi Parisar Phase 1,0,1,0,1,1,1,,,High,22.64553,75.8292,"Machla PO, Indore (3.7 km)",0,open map,,
Area,Madhya Pradesh,Indore,Indore,Usha Nagar,0,1,0,1,1,1,,2,High,22.67781,75.83392,"Kelodkartal PO, Indore (6.1 km)",0,open map,,
Area,Madhya Pradesh,Indore,Indore,Vaishali Nagar,0,1,0,1,1,1,,3,High,22.6808,75.82936,"Palda PO, Indore (6.6 km)",0,open map,,
Area,Madhya Pradesh,Indore,Indore,Vallabh Nagar,0,1,0,1,1,1,,2,High,22.72887,75.86912,"Indore Khajrana PO, Indore (3.8 km)",0,open map,,
Area,Madhya Pradesh,Indore,Indore,Vishnu Puri Colony,0,1,0,1,1,1,,,High,22.68318,75.84302,"Palda PO, Indore (5.2 km)",0,open map,,
Area,Madhya Pradesh,Indore,Indore,(area not known),14,39,28,81,75,48,4,34,Medium,22.75114,75.85473,"Bijasan Road PO, Indore (4.2 km)",7.9,open map,,
City,Madhya Pradesh,Jabalpur,Jabalpur,,113,94,2,209,3,190,11,281,High,23.17754,79.92835,"Gohalpur PO, Jabalpur (1.0 km)",8.1,open map,,
Area,Madhya Pradesh,Jabalpur,Jabalpur,Adhartal,14,5,0,19,0,16,,28,High,23.19985,79.94335,"Adhartal PO, Jabalpur (0.9 km)",1,open map,,
Area,Madhya Pradesh,Jabalpur,Jabalpur,Karmeta,6,10,1,17,1,15,2,16,High,23.20262,79.90265,"Karmeta PO, Jabalpur (0.8 km)",2,open map,,
Area,Madhya Pradesh,Jabalpur,Jabalpur,Garha,8,2,0,10,0,9,,11,High,23.1602,79.90505,"Garha (Jabalpur) PO, Jabalpur (0.7 km)",1.5,open map,,
Area,Madhya Pradesh,Jabalpur,Jabalpur,Madan Mahal,2,5,0,7,0,7,,9,High,23.15564,79.91768,"Gupteshwar PO, Jabalpur (1.1 km)",1.1,open map,,
Area,Madhya Pradesh,Jabalpur,Jabalpur,Vikas Nagar,4,2,1,7,1,6,1,7,Medium,23.19175,79.91645,"Gohalpur PO, Jabalpur (2.0 km)",0.9,open map,,
Area,Madhya Pradesh,Jabalpur,Jabalpur,Wright Town,4,3,0,7,0,6,1,10,High,23.16518,79.92971,"Wright Town PO, Jabalpur (0.5 km)",0.7,open map,,
Area,Madhya Pradesh,Jabalpur,Jabalpur,Bengali Colony,3,3,0,6,0,6,,10,High,23.20505,80.00144,"Vehicle Factory PO, Jabalpur (2.9 km)",7.4,open map,,
Area,Madhya Pradesh,Jabalpur,Jabalpur,South Civil Lines,3,3,0,6,0,6,,5,High,23.159,79.93755,"Napier Town PO, Jabalpur (0.5 km)",4.1,open map,,
Area,Madhya Pradesh,Jabalpur,Jabalpur,Gohalpur,1,4,0,5,0,4,,7,High,23.1839,79.93449,"Gohalpur PO, Jabalpur (0.1 km)",1.9,open map,,
Area,Madhya Pradesh,Jabalpur,Jabalpur,Hathital,3,2,0,5,0,4,,11,High,23.15257,79.91814,"Gupteshwar PO, Jabalpur (0.8 km)",0.3,open map,,
Area,Madhya Pradesh,Jabalpur,Jabalpur,Napier Town,3,1,0,4,0,4,,5,High,23.15714,79.93376,"Napier Town PO, Jabalpur (0.2 km)",0.5,open map,,
Area,Madhya Pradesh,Jabalpur,Jabalpur,Shastri Nagar,2,2,0,4,1,4,,8,High,23.14248,79.87886,"Garha (Jabalpur) PO, Jabalpur (3.0 km)",0.1,open map,,
Area,Madhya Pradesh,Jabalpur,Jabalpur,Vijay Nagar,3,1,0,4,0,4,,5,High,23.18967,79.90817,"Karmeta PO, Jabalpur (2.3 km)",0.6,open map,,
Area,Madhya Pradesh,Jabalpur,Jabalpur,Yadav Colony,2,2,0,4,0,4,,8,High,23.17091,79.9168,"Wright Town PO, Jabalpur (1.0 km)",0.6,open map,,
Area,Madhya Pradesh,Jabalpur,Jabalpur,Bilhari,2,1,0,3,0,3,,2,High,23.13127,79.96421,"Gauraiyaghat PO, Jabalpur (3.4 km)",0.4,open map,,
Area,Madhya Pradesh,Jabalpur,Jabalpur,Ganga Nagar,2,1,0,3,0,2,1,4,Medium,23.23814,79.94721,"Maharajpur PO, Jabalpur (1.0 km)",10.2,open map,,
Area,Madhya Pradesh,Jabalpur,Jabalpur,Ganjipura,1,2,0,3,0,2,,5,Low,23.17278,79.93617,"Wright Town PO, Jabalpur (1.3 km)",0.1,open map,,
Area,Madhya Pradesh,Jabalpur,Jabalpur,Ghamapur,2,1,0,3,0,3,,3,High,23.17783,79.95288,"Gohalpur PO, Jabalpur (2.0 km)",0.1,open map,,
Area,Madhya Pradesh,Jabalpur,Jabalpur,Gupta Colony,3,0,0,3,0,3,,2,High,23.16959,79.92514,"Wright Town PO, Jabalpur (0.4 km)",0.6,open map,,
Area,Madhya Pradesh,Jabalpur,Jabalpur,Gwarighat,3,0,0,3,0,3,,3,High,23.11228,79.92644,"Gwarighat PO, Jabalpur (0.5 km)",0.2,open map,,
Area,Madhya Pradesh,Jabalpur,Jabalpur,Nandni Ronsara,2,1,0,3,0,3,,1,Low,23.22389,79.89555,"Karmeta PO, Jabalpur (1.8 km)",0,open map,,
Area,Madhya Pradesh,Jabalpur,Jabalpur,Polipather,3,0,0,3,0,3,,4,High,23.12808,79.92894,"Polipathar PO, Jabalpur (0.6 km)",1.1,open map,,
Area,Madhya Pradesh,Jabalpur,Jabalpur,Raksha Karmachari Colony,2,1,0,3,0,3,,3,High,23.19687,79.99986,"Vehicle Factory PO, Jabalpur (2.5 km)",0,open map,,
Area,Madhya Pradesh,Jabalpur,Jabalpur,Sadar,1,2,0,3,0,3,,2,High,23.15389,79.94745,"Napier Town PO, Jabalpur (1.6 km)",0,open map,,
Area,Madhya Pradesh,Jabalpur,Jabalpur,Bapu Nagar,2,0,0,2,0,2,,,High,23.19735,80.00216,"Vehicle Factory PO, Jabalpur (2.8 km)",0.1,open map,,
Area,Madhya Pradesh,Jabalpur,Jabalpur,Chandmari,0,2,0,2,0,2,,4,High,23.18486,79.96158,"Vehicle Factory PO, Jabalpur (1.7 km)",0.2,open map,,
Area,Madhya Pradesh,Jabalpur,Jabalpur,Cheevani Phamad Nagar,0,2,0,2,0,2,,4,High,23.15701,79.91894,"Wright Town PO, Jabalpur (1.2 km)",0.1,open map,,
Area,Madhya Pradesh,Jabalpur,Jabalpur,Gorakhpur,1,1,0,2,0,1,1,5,Medium,23.151,79.92749,"Gupteshwar PO, Jabalpur (1.0 km)",0,open map,,
Area,Madhya Pradesh,Jabalpur,Jabalpur,Lalmati,0,2,0,2,0,2,,3,High,23.18169,79.95924,"Vehicle Factory PO, Jabalpur (2.1 km)",0.4,open map,,
Area,Madhya Pradesh,Jabalpur,Jabalpur,Maharajpur,2,0,0,2,0,2,,3,High,23.22551,79.96141,"Maharajpur PO, Jabalpur (1.1 km)",0.7,open map,,
Area,Madhya Pradesh,Jabalpur,Jabalpur,Maheshpur,0,2,0,2,0,2,,3,High,23.1542,79.93039,"Napier Town PO, Jabalpur (0.6 km)",1.7,open map,,
Area,Madhya Pradesh,Jabalpur,Jabalpur,Marhatal,1,1,0,2,0,2,,5,High,23.17031,79.93469,"Wright Town PO, Jabalpur (1.1 km)",0.1,open map,,
Area,Madhya Pradesh,Jabalpur,Jabalpur,Naya Mohalla,0,2,0,2,0,2,,2,High,23.16753,79.93577,"Napier Town PO, Jabalpur (1.0 km)",0.2,open map,,
Area,Madhya Pradesh,Jabalpur,Jabalpur,Rampur,2,0,0,2,0,1,1,3,Medium,23.13591,79.92459,"Gupteshwar PO, Jabalpur (1.2 km)",0,open map,,
Area,Madhya Pradesh,Jabalpur,Jabalpur,Sanjeevani Nagar,1,1,0,2,0,2,,4,High,23.16798,79.93048,"Wright Town PO, Jabalpur (0.6 km)",2.8,open map,,
Area,Madhya Pradesh,Jabalpur,Jabalpur,Shakti Nagar,1,1,0,2,0,2,,1,High,23.14608,79.91643,"Gupteshwar PO, Jabalpur (0.4 km)",0.1,open map,,
Area,Madhya Pradesh,Jabalpur,Jabalpur,Ambedkar Colony,0,1,0,1,0,1,,,High,23.18605,79.92844,"Gohalpur PO, Jabalpur (0.7 km)",0,open map,,
Area,Madhya Pradesh,Jabalpur,Jabalpur,Amkhera,0,1,0,1,0,1,,,High,23.20409,79.93616,"Amkhera PO, Jabalpur (1.1 km)",0,open map,,
Area,Madhya Pradesh,Jabalpur,Jabalpur,Amkhera Gaon,1,0,0,1,0,1,,,High,23.17784,79.90498,"Garha (Jabalpur) PO, Jabalpur (1.8 km)",0,open map,,
Area,Madhya Pradesh,Jabalpur,Jabalpur,Bargi Hills,1,0,0,1,0,1,,2,High,23.1757,79.89887,"Garha (Jabalpur) PO, Jabalpur (1.5 km)",0,open map,,
Area,Madhya Pradesh,Jabalpur,Jabalpur,Busstand,1,0,0,1,0,1,,,High,23.16377,79.93134,"Napier Town PO, Jabalpur (0.5 km)",0,open map,,
Area,Madhya Pradesh,Jabalpur,Jabalpur,Cantt,0,1,0,1,0,0,1,1,Low,,,,,,,
Area,Madhya Pradesh,Jabalpur,Jabalpur,Dhanvantari Nagar,0,1,0,1,0,1,,,High,23.15936,79.88214,"Garha (Jabalpur) PO, Jabalpur (1.7 km)",0,open map,,
Area,Madhya Pradesh,Jabalpur,Jabalpur,Ganga Nagar Garha,0,1,0,1,0,1,,,High,23.15941,79.88414,"Garha (Jabalpur) PO, Jabalpur (1.5 km)",0,open map,,
Area,Madhya Pradesh,Jabalpur,Jabalpur,Garha (Jabalpur),0,1,0,1,0,1,,1,High,23.16266,79.89994,"Garha (Jabalpur) PO, Jabalpur (0.1 km)",0,open map,,
Area,Madhya Pradesh,Jabalpur,Jabalpur,Ghana,0,1,0,1,0,1,,1,High,23.21904,80.05842,"Sonpur PO, Jabalpur (1.4 km)",0,open map,,
Area,Madhya Pradesh,Jabalpur,Jabalpur,Gour,0,1,0,1,0,1,,1,Low,23.10627,79.9882,"Gauraiyaghat PO, Jabalpur (0.8 km)",0,open map,,
Area,Madhya Pradesh,Jabalpur,Jabalpur,Gour Pump,1,0,0,1,0,1,,2,Low,23.10681,79.98943,"Gauraiyaghat PO, Jabalpur (0.9 km)",0,open map,,
Area,Madhya Pradesh,Jabalpur,Jabalpur,Gupteshwar,1,0,0,1,0,0,1,2,Low,,,,,,,
Area,Madhya Pradesh,Jabalpur,Jabalpur,Gurda,0,1,0,1,0,1,,1,Low,23.22911,79.93294,"Amkhera PO, Jabalpur (1.8 km)",0,open map,,
Area,Madhya Pradesh,Jabalpur,Jabalpur,Hanumantal Ward,1,0,0,1,0,1,,,High,23.17823,79.94198,"Gohalpur PO, Jabalpur (1.1 km)",0,open map,,
Area,Madhya Pradesh,Jabalpur,Jabalpur,Human Mandir,1,0,0,1,0,1,,,Low,23.19858,79.96213,"Adhartal PO, Jabalpur (1.3 km)",0,open map,,
Area,Madhya Pradesh,Jabalpur,Jabalpur,IndiaJabalpur,1,0,0,1,0,1,,,Low,23.1419,79.87715,"Garha (Jabalpur) PO, Jabalpur (3.2 km)",0,open map,,
Area,Madhya Pradesh,Jabalpur,Jabalpur,Infront Of Samudayik Bhavan,0,1,0,1,0,1,,,High,23.20731,80.00196,"Vehicle Factory PO, Jabalpur (3.1 km)",0,open map,,
Area,Madhya Pradesh,Jabalpur,Jabalpur,JDA Colony,0,1,0,1,0,1,,2,High,23.20765,80.00523,"Vehicle Factory PO, Jabalpur (3.4 km)",0,open map,,
Area,Madhya Pradesh,Jabalpur,Jabalpur,Jamtara,1,0,0,1,0,0,1,,Low,,,,,,,
Area,Madhya Pradesh,Jabalpur,Jabalpur,Janki Nagar,0,1,0,1,0,1,,1,High,23.17992,79.91035,"Wright Town PO, Jabalpur (2.2 km)",0,open map,,
Area,Madhya Pradesh,Jabalpur,Jabalpur,Kachnarcity,0,1,0,1,0,1,,1,Low,23.16839,79.90558,"Garha (Jabalpur) PO, Jabalpur (1.0 km)",0,open map,,
Area,Madhya Pradesh,Jabalpur,Jabalpur,Kodwari Gaon,1,0,0,1,0,1,,1,High,23.21722,79.93134,"Amkhera PO, Jabalpur (0.5 km)",0,open map,,
Area,Madhya Pradesh,Jabalpur,Jabalpur,Lamatha,1,0,0,1,0,0,1,,Low,,,,,,,
Area,Madhya Pradesh,Jabalpur,Jabalpur,Laxmipur,0,1,0,1,0,1,,4,High,23.1785,79.91099,"Wright Town PO, Jabalpur (2.0 km)",0,open map,,
Area,Madhya Pradesh,Jabalpur,Jabalpur,Medical College Colony,1,0,0,1,0,1,,3,High,23.15625,79.88977,"Garha (Jabalpur) PO, Jabalpur (1.1 km)",0,open map,,
Area,Madhya Pradesh,Jabalpur,Jabalpur,Medical Garha,0,1,0,1,0,1,,1,High,23.15398,79.88796,"Garha (Jabalpur) PO, Jabalpur (1.4 km)",0,open map,,
Area,Madhya Pradesh,Jabalpur,Jabalpur,Nearby Gopalpuram,0,1,0,1,0,1,,,High,23.12949,79.96526,"Gauraiyaghat PO, Jabalpur (3.2 km)",0,open map,,
Area,Madhya Pradesh,Jabalpur,Jabalpur,New Ranjhi,1,0,0,1,0,1,,2,High,23.20138,80.00126,"Vehicle Factory PO, Jabalpur (2.8 km)",0,open map,,
Area,Madhya Pradesh,Jabalpur,Jabalpur,Onriya,0,1,0,1,0,1,,2,Low,23.24222,79.88736,"Surtalai PO, Jabalpur (0.4 km)",0,open map,,
Area,Madhya Pradesh,Jabalpur,Jabalpur,P N B Colony,1,0,0,1,0,0,,1,Low,,,,,,,
Area,Madhya Pradesh,Jabalpur,Jabalpur,Premnagar,1,0,0,1,0,1,,,High,23.15191,79.91806,"Gupteshwar PO, Jabalpur (0.7 km)",0,open map,,
Area,Madhya Pradesh,Jabalpur,Jabalpur,Raddi Chowk,1,0,0,1,0,1,,,High,23.195,79.94146,"Gohalpur PO, Jabalpur (1.3 km)",0,open map,,
Area,Madhya Pradesh,Jabalpur,Jabalpur,Rameshwaram Colony,0,1,0,1,0,1,,1,Low,23.17856,79.91075,"Wright Town PO, Jabalpur (2.0 km)",0,open map,,
Area,Madhya Pradesh,Jabalpur,Jabalpur,Ranipur,0,1,0,1,0,1,,4,High,23.1841,79.96141,"Vehicle Factory PO, Jabalpur (1.8 km)",0,open map,,
Area,Madhya Pradesh,Jabalpur,Jabalpur,Rawn Park,1,0,0,1,0,1,,,High,23.20202,80.00266,"Vehicle Factory PO, Jabalpur (2.9 km)",0,open map,,
Area,Madhya Pradesh,Jabalpur,Jabalpur,Sader Bazar,1,0,0,1,0,1,,,High,23.15415,79.94777,"Napier Town PO, Jabalpur (1.6 km)",0,open map,,
Area,Madhya Pradesh,Jabalpur,Jabalpur,Saliwada,1,0,0,1,0,1,,1,Low,23.1072,79.99124,"Gauraiyaghat PO, Jabalpur (1.1 km)",0,open map,,
Area,Madhya Pradesh,Jabalpur,Jabalpur,Sarvodaya Nagar,1,0,0,1,0,1,,1,High,23.19133,79.91778,"Gohalpur PO, Jabalpur (1.9 km)",0,open map,,
Area,Madhya Pradesh,Jabalpur,Jabalpur,Sharda Chowk,0,1,0,1,0,1,,,High,23.1533,79.90778,"Garha (Jabalpur) PO, Jabalpur (1.4 km)",0,open map,,
Area,Madhya Pradesh,Jabalpur,Jabalpur,Sneh Nagar,0,1,0,1,0,1,,1,High,23.16835,79.91516,"Wright Town PO, Jabalpur (1.1 km)",0,open map,,
Area,Madhya Pradesh,Jabalpur,Jabalpur,Sonpur,0,1,0,1,0,1,,,High,23.21814,80.0653,"Sonpur PO, Jabalpur (0.7 km)",0,open map,,
Area,Madhya Pradesh,Jabalpur,Jabalpur,Transport Nagar,0,1,0,1,0,1,,3,High,23.22007,79.95886,"Maharajpur PO, Jabalpur (1.3 km)",0,open map,,
Area,Madhya Pradesh,Jabalpur,Jabalpur,Umria,0,1,0,1,0,1,,1,High,23.2046,80.05928,"Jhiria PO, Jabalpur (2.0 km)",0,open map,,
Area,Madhya Pradesh,Jabalpur,Jabalpur,Uprainganj,1,0,0,1,0,1,,,High,23.17738,79.946,"Gohalpur PO, Jabalpur (1.4 km)",0,open map,,
Area,Madhya Pradesh,Jabalpur,Jabalpur,gyanganga college Sagra,1,0,0,1,0,1,,,High,23.1481,79.8916,"Garha (Jabalpur) PO, Jabalpur (1.7 km)",0,open map,,
Area,Madhya Pradesh,Jabalpur,Jabalpur,infront of Akansha steel,0,1,0,1,0,1,,,High,23.20738,80.00519,"Vehicle Factory PO, Jabalpur (3.4 km)",0,open map,,
Area,Madhya Pradesh,Jabalpur,Jabalpur,(area not known),2,1,0,3,0,3,,5,High,23.20348,79.97157,"Vehicle Factory PO, Jabalpur (1.2 km)",9.2,open map,,
City,Madhya Pradesh,Bhopal,Bhopal,,74,58,55,187,149,123,13,140,Medium,23.23136,77.43375,"Bishankhedi PO, Bhopal (3.7 km)",16.1,open map,,
Area,Madhya Pradesh,Bhopal,Bhopal,Peer Gate Area,11,6,5,22,18,20,2,13,High,23.26252,77.40879,"Bishankhedi PO, Bhopal (7.7 km)",0.9,open map,,
Area,Madhya Pradesh,Bhopal,Bhopal,Maharana Pratap Nagar,6,4,5,15,13,12,2,7,High,23.23069,77.43529,"Bishankhedi PO, Bhopal (3.6 km)",0.2,open map,,
Area,Madhya Pradesh,Raisen (also Bhopal),Bhopal,Mandideep,4,10,0,14,14,14,,18,Medium,23.09689,77.51662,"Mandideep PO, Raisen (2.4 km)",13,open map,,
Area,Madhya Pradesh,Bhopal,Bhopal,Ayodhya Nagar,5,0,2,7,6,6,1,7,High,23.26692,77.46737,"Bishankhedi PO, Bhopal (8.2 km)",1,open map,,
Area,Madhya Pradesh,Bhopal,Bhopal,Gulmohar Colony,5,0,1,6,6,5,,5,High,23.18363,77.43791,"Bishankhedi PO, Bhopal (1.7 km)",0.3,open map,,
Area,Madhya Pradesh,Bhopal,Bhopal,Lalghati,3,0,3,6,4,5,1,6,High,23.27579,77.37078,"Bairagarh PO, Bhopal (5.7 km)",1.2,open map,,
Area,Madhya Pradesh,Bhopal,Bhopal,Bairagarh,3,0,1,4,4,4,,4,High,23.27067,77.33432,"Bairagarh PO, Bhopal (2.6 km)",0.1,open map,,
Area,Madhya Pradesh,Bhopal,Bhopal,Karond,2,2,0,4,3,4,,4,High,23.30072,77.40414,"Bairagarh PO, Bhopal (9.1 km)",0.3,open map,,
Area,Madhya Pradesh,Bhopal,Bhopal,Misrod,1,2,1,4,4,4,,6,High,23.16223,77.46934,"Bishankhedi PO, Bhopal (5.1 km)",0.1,open map,,
Area,Madhya Pradesh,Bhopal,Bhopal,TT Nagar,2,1,1,4,3,2,,2,Medium,23.22522,77.39763,"Bishankhedi PO, Bhopal (5.1 km)",1.1,open map,,
Area,Madhya Pradesh,Bhopal,Bhopal,Bagmugaliya,2,0,1,3,3,2,1,6,Medium,23.18654,77.46032,"Bishankhedi PO, Bhopal (2.6 km)",0.7,open map,,
Area,Madhya Pradesh,Bhopal,Bhopal,Gandhi Nagar,2,0,1,3,2,1,1,1,Low,23.29533,77.34614,"Bairagarh PO, Bhopal (3.2 km)",0,open map,,
Area,Madhya Pradesh,Bhopal,Bhopal,Habib Ganj,2,1,0,3,3,3,,2,High,23.19519,77.46176,"Bishankhedi PO, Bhopal (2.4 km)",2.8,open map,,
Area,Madhya Pradesh,Bhopal,Bhopal,JP Nagar,3,0,0,3,3,2,,3,Medium,23.27258,77.40473,"Bishankhedi PO, Bhopal (8.9 km)",0.3,open map,,
Area,Madhya Pradesh,Bhopal,Bhopal,Shahpura,1,2,0,3,2,3,,1,High,23.20162,77.43345,"Bishankhedi PO, Bhopal (0.6 km)",0.9,open map,,
Area,Madhya Pradesh,Bhopal,Bhopal,Alpana Tiraha,1,0,1,2,1,2,,3,High,23.26345,77.41082,"Bishankhedi PO, Bhopal (7.7 km)",0.1,open map,,
Area,Madhya Pradesh,Bhopal,Bhopal,Bagh Swaniya,1,0,1,2,2,2,,,High,23.19543,77.46396,"Bishankhedi PO, Bhopal (2.6 km)",0,open map,,
Area,Madhya Pradesh,Bhopal,Bhopal,Bhanpur,0,1,1,2,1,2,,1,High,23.30207,77.40901,"Bairagarh PO, Bhopal (9.6 km)",0.5,open map,,
Area,Madhya Pradesh,Bhopal,Bhopal,Chuna Bhatti,1,0,1,2,1,1,1,1,Medium,23.19891,77.41698,"Bishankhedi PO, Bhopal (2.2 km)",0,open map,,
Area,Madhya Pradesh,Bhopal,Bhopal,Govindpura,1,0,1,2,2,2,,5,High,23.25357,77.4359,"Bishankhedi PO, Bhopal (6.1 km)",0,open map,,
Area,Madhya Pradesh,Bhopal,Bhopal,Indrapuri,2,0,0,2,2,2,,1,High,23.2522,77.46066,"Bishankhedi PO, Bhopal (6.4 km)",0.4,open map,,
Area,Madhya Pradesh,Bhopal,Bhopal,Kopal,0,2,0,2,2,2,,,Medium,23.20043,77.35621,"Bishankhedi PO, Bhopal (8.4 km)",1.7,open map,,
Area,Madhya Pradesh,Bhopal,Bhopal,Salaiya,1,1,0,2,2,2,,3,High,23.17368,77.44037,"Bishankhedi PO, Bhopal (2.8 km)",0.7,open map,,
Area,Madhya Pradesh,Bhopal,Bhopal,BHE Ancillary Indusrtial Estate,1,0,0,1,1,0,,,Low,,,,,,,
Area,Madhya Pradesh,Bhopal,Bhopal,Bagh Umrao Dulha,1,0,0,1,1,1,,1,High,23.2579,77.41587,"Bishankhedi PO, Bhopal (7.0 km)",0,open map,,
Area,Madhya Pradesh,Bhopal,Bhopal,Berkheda,0,1,0,1,1,1,,1,High,23.22699,77.46717,"Bishankhedi PO, Bhopal (4.3 km)",0,open map,,
Area,Madhya Pradesh,Bhopal,Bhopal,Bharat Nagar,1,0,0,1,1,1,,,High,23.19465,77.43928,"Bishankhedi PO, Bhopal (0.5 km)",0,open map,,
Area,Madhya Pradesh,Bhopal,Bhopal,Bishankhedi,1,0,0,1,1,1,,,High,23.20772,77.43652,"Bishankhedi PO, Bhopal (1.0 km)",0,open map,,
Area,Madhya Pradesh,Bhopal,Bhopal,Chouraha,0,0,1,1,0,1,,,High,23.19519,77.46176,"Bishankhedi PO, Bhopal (2.4 km)",0,open map,,
Area,Madhya Pradesh,Bhopal,Bhopal,Gyan Kunj,0,1,0,1,1,1,,,High,23.25757,77.42983,"Bishankhedi PO, Bhopal (6.6 km)",0,open map,,
Area,Madhya Pradesh,Bhopal,Bhopal,Idgah Hills,0,1,0,1,1,1,,,High,23.26782,77.3913,"Bairagarh PO, Bhopal (7.9 km)",0,open map,,
Area,Madhya Pradesh,Bhopal,Bhopal,Jahangirabad,0,1,0,1,1,1,,2,High,23.25109,77.42636,"Bishankhedi PO, Bhopal (6.0 km)",0,open map,,
Area,Madhya Pradesh,Bhopal,Bhopal,Kalpana Nagar,0,1,0,1,1,0,,,Low,,,,,,,
Area,Madhya Pradesh,Bhopal,Bhopal,Kotra Sultanabad,1,0,0,1,1,0,1,2,Low,,,,,,,
Area,Madhya Pradesh,Bhopal,Bhopal,Mungaliya Chhap,0,1,0,1,1,1,,,Low,23.19338,77.34354,"Bishankhedi PO, Bhopal (9.7 km)",0,open map,,
Area,Madhya Pradesh,Bhopal,Bhopal,Neelbad,0,1,0,1,1,1,,1,Low,23.19347,77.34294,"Bishankhedi PO, Bhopal (9.8 km)",0,open map,,
Area,Madhya Pradesh,Bhopal,Bhopal,Old Subhash Nagar,0,0,1,1,1,1,,,High,23.24577,77.49545,"Bishankhedi PO, Bhopal (7.8 km)",0,open map,,
Area,Madhya Pradesh,Dhar,Bhopal,Pankaj Colony,0,0,1,1,0,1,,,Low,23.20772,77.43652,"Bishankhedi PO, Bhopal (1.0 km)",0,open map,,
Area,Madhya Pradesh,Bhopal,Bhopal,Qazi Camp,0,1,0,1,1,1,,1,High,23.27147,77.40706,"Bishankhedi PO, Bhopal (8.7 km)",0,open map,,
Area,Madhya Pradesh,Bhopal,Bhopal,Sbi bank,1,0,0,1,1,1,,,High,23.16252,77.46899,"Bishankhedi PO, Bhopal (5.1 km)",0,open map,,
Area,Madhya Pradesh,Bhopal,Bhopal,Talaiya,1,0,0,1,1,0,1,,Low,,,,,,,
Area,Madhya Pradesh,Bhopal,Bhopal,Vidya Nagar,1,0,0,1,0,0,1,,Low,,,,,,,
Area,Madhya Pradesh,Bhopal,Bhopal,(area not known),7,18,26,51,32,7,1,9,Low,23.18547,77.42523,"Bishankhedi PO, Bhopal (2.0 km)",7.9,open map,,
City,Madhya Pradesh,Dewas,Dewas,,19,25,2,46,44,40,1,27,High,22.96533,76.04574,"Balgarh PO, Dewas (2.8 km)",3.2,open map,,
Area,Madhya Pradesh,Dewas,Dewas,Gomti Nagar,8,11,0,19,18,16,1,12,High,22.96516,76.05647,"Balgarh PO, Dewas (2.7 km)",0.3,open map,,
Area,Madhya Pradesh,Dewas,Dewas,Ganga Nagar,2,1,1,4,4,4,,2,High,22.95254,76.03679,"Balgarh PO, Dewas (2.1 km)",0.3,open map,,
Area,Madhya Pradesh,Dewas,Dewas,Itawa,3,1,0,4,4,3,,4,High,22.9675,76.05779,"Balgarh PO, Dewas (3.0 km)",1.3,open map,,
Area,Madhya Pradesh,Dewas,Dewas,Rajaram Nagar,1,2,0,3,3,3,,3,High,22.96612,76.03343,"Balgarh PO, Dewas (3.5 km)",0.1,open map,,
Area,Madhya Pradesh,Dewas,Dewas,Moti Bunglow,0,2,0,2,2,2,,1,High,22.84067,75.94637,"Manglia PO, Indore (3.6 km)",17.5,open map,,
Area,Madhya Pradesh,Dewas,Dewas,Nagar Nigam Colony,1,1,0,2,2,2,,,High,22.98083,76.03332,"Balgarh PO, Dewas (4.9 km)",1.1,open map,,
Area,Madhya Pradesh,Dewas,Dewas,Agrawal Nagar,0,1,0,1,1,1,,,High,22.95395,76.03944,"Balgarh PO, Dewas (2.0 km)",0,open map,,
Area,Madhya Pradesh,Dewas,Dewas,Bawadiya,1,0,0,1,1,1,,,High,22.94741,76.03286,"Balgarh PO, Dewas (2.2 km)",0,open map,,
Area,Madhya Pradesh,Dewas,Dewas,Itawa Colony,1,0,0,1,1,1,,,Low,22.98079,76.03661,"Balgarh PO, Dewas (4.8 km)",0,open map,,
Area,Madhya Pradesh,Dewas,Dewas,JDC College,0,1,0,1,1,1,,,Low,22.97915,76.03928,"Balgarh PO, Dewas (4.5 km)",0,open map,,
Area,Madhya Pradesh,Dewas,Dewas,Karmchari Colony,0,1,0,1,1,1,,,High,22.97025,76.05068,"Balgarh PO, Dewas (3.3 km)",0,open map,,
Area,Madhya Pradesh,Dewas,Dewas,Khatamba,1,0,0,1,1,1,,1,Low,22.97163,76.11662,"Siya PO, Dewas (6.7 km)",0,open map,,
Area,Madhya Pradesh,Dewas,Dewas,Ram Nagar,0,1,0,1,1,1,,2,High,22.95489,76.03916,"Balgarh PO, Dewas (2.1 km)",0,open map,,
Area,Madhya Pradesh,Dewas,Dewas,Trilok Nagar,0,1,0,1,1,1,,,High,22.97395,76.04165,"Balgarh PO, Dewas (3.9 km)",0,open map,,
Area,Madhya Pradesh,Dewas,Dewas,(area not known),1,2,1,4,3,2,,1,Medium,22.96067,76.04793,"Balgarh PO, Dewas (2.3 km)",1.2,open map,,
City,Madhya Pradesh,Dhar,Pithampur,,5,28,2,35,34,26,3,24,Medium,22.61121,75.66464,"Tarapur PO, Dhar (2.2 km)",8.7,open map,,
Area,Madhya Pradesh,Dhar,Pithampur,Pithampur Industrial Area,1,13,1,15,15,13,,13,Medium,22.61092,75.67027,"Tarapur PO, Dhar (2.0 km)",9.3,open map,,
Area,Madhya Pradesh,Dhar,Pithampur,Ram Ratan Patel Nagar,1,1,1,3,3,2,1,1,Medium,22.60382,75.68788,"Pithampur PO, Dhar (0.9 km)",0,open map,,
Area,Madhya Pradesh,Dhar,Pithampur,Sagour Kuti,1,2,0,3,3,2,1,3,Medium,22.6092,75.68199,"Pithampur PO, Dhar (1.7 km)",0.2,open map,,
Area,Madhya Pradesh,Indore,Pithampur,Kalibillod,0,2,0,2,2,2,,1,Low,22.63625,75.61517,"Betma PO, Indore (5.6 km)",0.4,open map,,
Area,Madhya Pradesh,Dhar,Pithampur,Pankaj Colony,0,2,0,2,2,1,,1,Low,22.63791,75.58246,"Betma PO, Indore (6.3 km)",0,open map,,
Area,Madhya Pradesh,Dhar,Pithampur,Bhayendar,1,0,0,1,0,1,,,Low,22.61151,75.65901,"Tarapur PO, Dhar (2.6 km)",0,open map,,
Area,Madhya Pradesh,Dhar,Pithampur,H.B Colony,0,1,0,1,1,0,1,,Low,,,,,,,
Area,Madhya Pradesh,Dhar,Pithampur,Jeevan Jyothi Colony,0,1,0,1,1,1,,2,Low,22.63135,75.60691,"Betma PO, Indore (6.2 km)",0,open map,,
Area,Madhya Pradesh,Dhar,Pithampur,Jm65Prf,0,1,0,1,1,1,,,Low,22.61176,75.65876,"Tarapur PO, Dhar (2.6 km)",0,open map,,
Area,Madhya Pradesh,Dhar,Pithampur,Pithampur Sector 3,1,0,0,1,1,1,,,Low,22.61092,75.67862,"Tarapur PO, Dhar (1.8 km)",0,open map,,
Area,Madhya Pradesh,Dhar,Pithampur,Tarapur,0,1,0,1,1,1,,,High,22.61092,75.67862,"Tarapur PO, Dhar (1.8 km)",0,open map,,
Area,Madhya Pradesh,Dhar,Pithampur,(area not known),0,4,0,4,4,1,,,Low,22.61151,75.65901,"Tarapur PO, Dhar (2.6 km)",0,open map,,
City,Madhya Pradesh,Sehore,Sehore,,0,19,1,20,20,19,,22,High,23.20312,77.08256,"Khadi PO, Sehore (14.2 km)",2.4,open map,,
Area,Madhya Pradesh,Sehore,Sehore,Sindhi Colony,0,5,0,5,5,4,,3,High,23.20268,77.08228,"Khadi PO, Sehore (14.1 km)",0.1,open map,,
Area,Madhya Pradesh,Sehore,Sehore,Avadhpuri Colony,0,3,0,3,3,3,,5,High,23.20759,77.10508,"Uljhawan PO, Sehore (14.2 km)",0.4,open map,,
Area,Madhya Pradesh,Sehore,Sehore,Chhavni,0,2,0,2,2,2,,,High,23.20304,77.08302,"Khadi PO, Sehore (14.2 km)",0.1,open map,,
Area,Madhya Pradesh,Sehore,Sehore,Swadesh Nagar,0,1,1,2,2,2,,,High,23.19422,77.08127,"Khadi PO, Sehore (13.2 km)",0,open map,,
Area,Madhya Pradesh,Sehore,Sehore,Chanakyapuri,0,1,0,1,1,1,,,High,23.20818,77.10566,"Uljhawan PO, Sehore (14.2 km)",0,open map,,
Area,Madhya Pradesh,Sehore,Sehore,DD Estate,0,1,0,1,1,1,,1,High,23.19182,77.08026,"Khadi PO, Sehore (12.9 km)",0,open map,,
Area,Madhya Pradesh,Sehore,Sehore,Industrial Colony,0,1,0,1,1,1,,1,High,23.21816,77.08169,"Khadi PO, Sehore (15.7 km)",0,open map,,
Area,Madhya Pradesh,Sehore,Sehore,Nehru Colony,0,1,0,1,1,1,,2,High,23.20547,77.07967,"Khadi PO, Sehore (14.3 km)",0,open map,,
Area,Madhya Pradesh,Sehore,Sehore,Subeshnagar,0,1,0,1,1,1,,1,High,23.20723,77.07767,"Khadi PO, Sehore (14.4 km)",0,open map,,
Area,Madhya Pradesh,Sehore,Sehore,(area not known),0,3,0,3,3,3,,4,High,23.20357,77.08898,"Khadi PO, Sehore (14.5 km)",0.6,open map,,
City,Madhya Pradesh,East Nimar,Khandwa,,3,15,2,20,18,19,1,11,High,21.8226,76.347,"Borgaon Khurd PO, East Nimar (4.3 km)",1.2,open map,,
Area,Madhya Pradesh,East Nimar,Khandwa,Ghaspura,2,7,1,10,9,9,1,7,High,21.82243,76.34598,"Borgaon Khurd PO, East Nimar (4.3 km)",0.3,open map,,
Area,Madhya Pradesh,East Nimar,Khandwa,Ramganj Ward,0,4,0,4,4,4,,2,High,21.82289,76.34679,"Borgaon Khurd PO, East Nimar (4.3 km)",0.1,open map,,
Area,Madhya Pradesh,East Nimar,Khandwa,Rameshwar Nagar,0,1,1,2,2,2,,1,High,21.83268,76.3505,"Borgaon Khurd PO, East Nimar (5.5 km)",0,open map,,
Area,Madhya Pradesh,East Nimar,Khandwa,Anand Nagar,0,1,0,1,1,1,,,High,21.83283,76.35061,"Borgaon Khurd PO, East Nimar (5.5 km)",0,open map,,
Area,Madhya Pradesh,Jabalpur,Khandwa,Madan Mahal,1,0,0,1,0,1,,,Low,21.77551,76.25313,"Mokalgaon PO, East Nimar (2.9 km)",0,open map,,
Area,Madhya Pradesh,East Nimar,Khandwa,Narayan Nagar,0,1,0,1,1,1,,1,High,21.82177,76.34714,"Borgaon Khurd PO, East Nimar (4.2 km)",0,open map,,
Area,Madhya Pradesh,Dhar,Khandwa,Tarapur,0,1,0,1,1,1,,,High,22.61092,75.67862,"Tarapur PO, Dhar (1.8 km)",0,open map,,
City,Madhya Pradesh,Vidisha,Vidisha,,0,18,0,18,17,16,1,13,High,23.52363,77.81191,"Mirzapur PO, Vidisha (4.1 km)",1.6,open map,,
Area,Madhya Pradesh,Vidisha,Vidisha,Baripura,0,4,0,4,4,4,,2,Medium,23.52259,77.80709,"Mirzapur PO, Vidisha (4.6 km)",0.3,open map,,
Area,Madhya Pradesh,Vidisha,Vidisha,Dabar,0,3,0,3,3,2,1,3,Medium,23.52971,77.829,"Mirzapur PO, Vidisha (2.2 km)",0.3,open map,,
Area,Madhya Pradesh,Vidisha,Vidisha,Shastri Nagar,0,2,0,2,1,2,,,High,23.52138,77.80743,"Mirzapur PO, Vidisha (4.6 km)",0,open map,,
Area,Madhya Pradesh,Vidisha,Vidisha,Talaiya Mohalla,0,2,0,2,2,2,,2,High,23.52461,77.80881,"Mirzapur PO, Vidisha (4.3 km)",0.3,open map,,
Area,Madhya Pradesh,Vidisha,Vidisha,Uday Nagar Colony,0,2,0,2,2,2,,2,High,23.52679,77.82326,"Mirzapur PO, Vidisha (2.9 km)",0,open map,,
Area,Madhya Pradesh,Vidisha,Vidisha,Daulatpur,0,1,0,1,1,1,,1,High,23.53393,77.80375,"Mirzapur PO, Vidisha (4.6 km)",0,open map,,
Area,Madhya Pradesh,Vidisha,Vidisha,Durga Nagar,0,1,0,1,1,1,,1,High,23.51357,77.81848,"Mirzapur PO, Vidisha (4.1 km)",0,open map,,
Area,Madhya Pradesh,Vidisha,Vidisha,Puranpura,0,1,0,1,1,1,,1,High,23.51807,77.82124,"Mirzapur PO, Vidisha (3.6 km)",0,open map,,
Area,Madhya Pradesh,Vidisha,Vidisha,Tilakhedi,0,1,0,1,1,1,,1,High,23.50796,77.81992,"Mirzapur PO, Vidisha (4.5 km)",0,open map,,
Area,Madhya Pradesh,Vidisha,Vidisha,(area not known),0,1,0,1,1,0,,,Low,,,,,,,
City,Madhya Pradesh,West Nimar,Khargone,,1,14,2,17,16,13,3,10,High,21.82959,75.61698,"Piprata PO, West Nimar (6.6 km)",0.5,open map,,
Area,Madhya Pradesh,West Nimar,Khargone,Jawahar Nagar,1,7,1,9,8,8,1,5,High,21.82926,75.61684,"Piprata PO, West Nimar (6.6 km)",0.4,open map,,
Area,Madhya Pradesh,West Nimar,Khargone,Saraswati Nagar,0,2,0,2,2,2,,1,High,21.82987,75.62474,"Piprata PO, West Nimar (6.8 km)",0.1,open map,,
Area,Madhya Pradesh,West Nimar,Khargone,Vishwa Sakha Nagar,0,1,1,2,2,0,2,,Low,,,,,,,
Area,Madhya Pradesh,West Nimar,Khargone,Gouridham Extension Colony,0,1,0,1,1,1,,1,High,21.83111,75.61223,"Piprata PO, West Nimar (6.3 km)",0,open map,,
Area,Madhya Pradesh,West Nimar,Khargone,Rishika Nagar,0,1,0,1,1,1,,1,High,21.82579,75.61712,"Piprata PO, West Nimar (7.0 km)",0,open map,,
Area,Madhya Pradesh,West Nimar,Khargone,Tagore Park Colony,0,1,0,1,1,1,,1,High,21.82769,75.62074,"Piprata PO, West Nimar (6.9 km)",0,open map,,
Area,Madhya Pradesh,West Nimar,Khargone,(area not known),0,1,0,1,1,0,,,Low,,,,,,,
City,Madhya Pradesh,Hoshangabad,Narmadapuram,,0,15,0,15,15,14,1,15,High,22.74819,77.72981,"Joshipur PO, Sehore (2.4 km)",2,open map,,
Area,Madhya Pradesh,Hoshangabad,Narmadapuram,Ginni Compound,0,3,0,3,3,3,,3,High,22.75047,77.72887,"Joshipur PO, Sehore (2.2 km)",0.1,open map,,
Area,Madhya Pradesh,Hoshangabad,Narmadapuram,Joshipur,0,2,0,2,2,2,,3,High,22.7547,77.71794,"Joshipur PO, Sehore (1.7 km)",0,open map,,
Area,Madhya Pradesh,Hoshangabad,Narmadapuram,Malakhedi,0,2,0,2,2,2,,1,High,22.74672,77.74643,"Joshipur PO, Sehore (3.4 km)",0.3,open map,,
Area,Madhya Pradesh,Hoshangabad,Narmadapuram,Narayan Nagar,0,2,0,2,2,2,,2,High,22.74555,77.73028,"Joshipur PO, Sehore (2.7 km)",0.1,open map,,
Area,Madhya Pradesh,Hoshangabad,Narmadapuram,Balaganj,0,1,0,1,1,1,,1,High,22.75824,77.71468,"Joshipur PO, Sehore (1.5 km)",0,open map,,
Area,Madhya Pradesh,Hoshangabad,Narmadapuram,Housing Board Colony,0,1,0,1,1,1,,1,High,22.74621,77.72986,"Joshipur PO, Sehore (2.7 km)",0,open map,,
Area,Madhya Pradesh,Hoshangabad,Narmadapuram,Jagdish Pura,0,1,0,1,1,1,,,High,22.75901,77.71676,"Joshipur PO, Sehore (1.4 km)",0,open map,,
Area,Madhya Pradesh,Hoshangabad,Narmadapuram,Jalalabad,0,1,0,1,1,1,,1,High,22.74603,77.74911,"Raipur PO, Hoshangabad (3.5 km)",0,open map,,
Area,Madhya Pradesh,Hoshangabad,Narmadapuram,Kalika Nagar,0,1,0,1,1,1,,2,High,22.74489,77.74918,"Raipur PO, Hoshangabad (3.5 km)",0,open map,,
Area,Madhya Pradesh,Hoshangabad,Narmadapuram,(area not known),0,1,0,1,1,0,1,,Low,,,,,,,
City,Madhya Pradesh,Raisen,Raisen,,0,12,0,12,12,10,,13,Medium,23.33023,77.78412,"Pathari PO, Raisen (5.6 km)",2.6,open map,,
Area,Madhya Pradesh,Raisen,Raisen,Patel nagar,0,3,0,3,3,3,,,Medium,23.33023,77.78892,"Pathari PO, Raisen (5.1 km)",0.2,open map,,
Area,Madhya Pradesh,Raisen,Raisen,Radha Krishna Puram,0,3,0,3,3,3,,,Medium,23.33011,77.79648,"Pathari PO, Raisen (4.3 km)",0,open map,,
Area,Madhya Pradesh,Raisen,Raisen,(area not known),0,6,0,6,6,4,,11,Medium,23.34608,77.77439,"Salera PO, Raisen (6.8 km)",0.6,open map,,
City,Madhya Pradesh,Chhindwara,Chhindwara,,6,4,0,10,9,8,,9,High,22.05717,78.94015,"Chandangaon PO, Chhindwara (2.9 km)",0.6,open map,,
Area,Madhya Pradesh,Chhindwara,Chhindwara,Rautha Wada,3,2,0,5,4,4,,3,High,22.05833,78.94333,"Chandangaon PO, Chhindwara (3.1 km)",0.5,open map,,
Area,Madhya Pradesh,Chhindwara,Chhindwara,Mohan Nagar,3,0,0,3,3,2,,2,Medium,22.05783,78.93611,"Chandangaon PO, Chhindwara (2.8 km)",0,open map,,
Area,Madhya Pradesh,Chhindwara,Chhindwara,Bararipura,0,1,0,1,1,1,,1,High,22.05456,78.94274,"Chandangaon PO, Chhindwara (2.7 km)",0,open map,,
Area,Madhya Pradesh,Chhindwara,Chhindwara,(area not known),0,1,0,1,1,1,,2,High,22.05404,78.93816,"Chandangaon PO, Chhindwara (2.5 km)",0,open map,,
City,Madhya Pradesh,Hoshangabad,Itarsi,,0,9,1,10,10,10,,9,High,22.61013,77.76929,"Itarsi PO, Hoshangabad (0.9 km)",1.4,open map,,
Area,Madhya Pradesh,Hoshangabad,Itarsi,Suraj Ganj,0,4,1,5,5,5,,5,High,22.61038,77.76871,"Itarsi PO, Hoshangabad (0.8 km)",0.1,open map,,
Area,Madhya Pradesh,Hoshangabad,Itarsi,Chayan Colony,0,2,0,2,2,2,,2,High,22.60159,77.77937,"Itarsi PO, Hoshangabad (2.3 km)",0,open map,,
Area,Madhya Pradesh,Hoshangabad,Itarsi,Beldhana,0,1,0,1,1,1,,1,High,22.60572,77.77683,"Itarsi PO, Hoshangabad (1.8 km)",0,open map,,
Area,Madhya Pradesh,Hoshangabad,Itarsi,Itarasi,0,1,0,1,1,1,,,Low,22.61013,77.76877,"Itarsi PO, Hoshangabad (0.9 km)",0,open map,,
Area,Madhya Pradesh,Hoshangabad,Itarsi,(area not known),0,1,0,1,1,1,,,High,22.60137,77.77948,"Itarsi PO, Hoshangabad (2.3 km)",0,open map,,
City,Madhya Pradesh,Ratlam,Ratlam,,1,9,0,10,10,9,1,10,High,23.32809,75.03417,"Bangrod PO, Ratlam (11.4 km)",1.7,open map,,
Area,Madhya Pradesh,Ratlam,Ratlam,Laxman Pura,0,4,0,4,4,4,,4,High,23.32497,75.03459,"Bangrod PO, Ratlam (11.6 km)",0.3,open map,,
Area,Madhya Pradesh,Ratlam,Ratlam,Samta Nagar,0,2,0,2,2,2,,2,High,23.3284,75.05375,"Bangrod PO, Ratlam (10.2 km)",0.4,open map,,
Area,Madhya Pradesh,Ratlam,Ratlam,Alkapuri,0,1,0,1,1,1,,1,High,23.34127,75.03163,"Bangrod PO, Ratlam (10.5 km)",0,open map,,
Area,Madhya Pradesh,Ratlam,Ratlam,Bapu Nagar,0,1,0,1,1,1,,,High,23.33908,75.03299,"Bangrod PO, Ratlam (10.6 km)",0,open map,,
Area,Madhya Pradesh,Ratlam,Ratlam,Jawahar Nagar,0,1,0,1,1,1,,1,High,23.34061,75.03203,"Bangrod PO, Ratlam (10.5 km)",0,open map,,
Area,Madhya Pradesh,Ratlam,Ratlam,Shastri Nagar,1,0,0,1,1,0,1,1,Low,,,,,,,
City,Madhya Pradesh,Vidisha,Ganj Basoda,,0,9,0,9,9,9,,10,High,23.85022,77.93187,"Kharpari PO, Vidisha (7.6 km)",1.4,open map,,
Area,Madhya Pradesh,Vidisha,Ganj Basoda,Bedan Khadi,0,2,0,2,2,2,,,Low,23.86073,77.93296,"Kharpari PO, Vidisha (7.5 km)",0.9,open map,,
Area,Madhya Pradesh,Vidisha,Ganj Basoda,(area not known),0,7,0,7,7,7,,4,High,23.84909,77.93187,"Kharpari PO, Vidisha (7.6 km)",0.8,open map,,
City,Madhya Pradesh,Burhanpur,Burhanpur,,0,7,0,7,7,4,2,5,Medium,21.3089,76.23254,"Burhanpur PO, Burhanpur (0.2 km)",0.2,open map,,
Area,Madhya Pradesh,Burhanpur,Burhanpur,Monin Pura,0,5,0,5,5,2,2,3,Medium,21.3089,76.23279,"Burhanpur PO, Burhanpur (0.3 km)",0.1,open map,,
Area,Madhya Pradesh,Burhanpur,Burhanpur,Jamalpura,0,1,0,1,1,1,,1,High,21.3067,76.23229,"Burhanpur PO, Burhanpur (0.3 km)",0,open map,,
Area,Madhya Pradesh,Burhanpur,Burhanpur,Rastipura Colony,0,1,0,1,1,1,,1,High,21.31032,76.225,"Burhanpur PO, Burhanpur (0.6 km)",0,open map,,
City,Madhya Pradesh,Indore,Mhow Gaon,,1,6,0,7,6,6,,4,High,22.5688,75.74287,"Mhow PO, Indore (2.6 km)",0.6,open map,,
Area,Madhya Pradesh,Indore,Mhow Gaon,Shanti Nagar,1,3,0,4,3,3,,2,High,22.57145,75.73762,"Dongargaon PO, Indore (3.2 km)",0,open map,,
Area,Madhya Pradesh,Indore,Mhow Gaon,Dharnaka,0,3,0,3,3,3,,2,High,22.5662,75.74821,"Mhow PO, Indore (1.9 km)",0,open map,,
City,Madhya Pradesh,Jabalpur,Barela,,1,4,1,6,0,3,3,4,Medium,23.09601,80.05288,"Barela PO, Jabalpur (0.2 km)",0.4,open map,,
Area,Madhya Pradesh,Jabalpur,Barela,besides Mamta Medicose,0,1,0,1,0,0,1,,Low,,,,,,,
Area,Madhya Pradesh,Jabalpur,Barela,(area not known),1,3,1,5,0,3,2,3,Medium,23.09601,80.05288,"Barela PO, Jabalpur (0.2 km)",0.4,open map,,
City,Madhya Pradesh,Neemuch,Neemuch,,0,5,0,5,5,5,,7,High,24.45738,74.87011,"Jawad PO, Neemuch (15.8 km)",0.3,open map,,
Area,Madhya Pradesh,Neemuch,Neemuch,Neemuch Chawni,0,3,0,3,3,3,,5,High,24.45658,74.86938,"Palsoda PO, Neemuch (15.9 km)",0.1,open map,,
Area,Madhya Pradesh,Neemuch,Neemuch,(area not known),0,2,0,2,2,2,,,High,24.45857,74.87127,"Jawad PO, Neemuch (15.7 km)",0.1,open map,,
City,Madhya Pradesh,Mandsaur,Mandsaur,,0,5,0,5,5,4,,9,Medium,24.07695,75.0688,"Dhundharka PO, Mandsaur (16.1 km)",1.2,open map,,
Area,Madhya Pradesh,Mandsaur,Mandsaur,Kalakhet,0,2,0,2,2,2,,2,High,24.06784,75.07218,"Dhundharka PO, Mandsaur (15.1 km)",0.2,open map,,
Area,Madhya Pradesh,Mandsaur,Mandsaur,(area not known),0,3,0,3,3,2,,3,Low,24.08537,75.06122,"Dhundharka PO, Mandsaur (17.3 km)",0.6,open map,,
City,Madhya Pradesh,Dhar,Dhar,,0,5,0,5,5,4,,5,High,22.59463,75.2991,"Tirla PO, Dhar (6.5 km)",0.2,open map,,
Area,Madhya Pradesh,Dhar,Dhar,Pochaupati,0,4,0,4,4,3,,4,High,22.59434,75.29767,"Tirla PO, Dhar (6.3 km)",0.1,open map,,
Area,Madhya Pradesh,Dhar,Dhar,Indira Colony,0,1,0,1,1,1,,1,High,22.59739,75.30379,"Tirla PO, Dhar (7.0 km)",0,open map,,
City,Madhya Pradesh,Betul,Betul,,2,2,1,5,5,4,,,High,21.90414,77.9034,"Betul Ganj PO, Betul (1.1 km)",1.1,open map,,
Area,Madhya Pradesh,Betul,Betul,Kothi Bazar,2,0,1,3,3,2,,,Medium,21.91149,77.90475,"Betul Ganj PO, Betul (1.1 km)",0.6,open map,,
Area,Madhya Pradesh,Betul,Betul,Bajpur,0,1,0,1,1,1,,,High,21.89473,77.89898,"Badora PO, Betul (1.4 km)",0,open map,,
Area,Madhya Pradesh,Betul,Betul,Ganj,0,1,0,1,1,1,,,High,21.89831,77.90717,"Betul Ganj PO, Betul (1.1 km)",0,open map,,
City,Madhya Pradesh,Chhatarpur,Chhatarpur,,0,4,0,4,4,4,,6,High,24.92544,79.58182,"Chandpura PO, Chhatarpur (6.7 km)",0.1,open map,,
Area,Madhya Pradesh,Chhatarpur,Chhatarpur,Vishwanath Colony,0,3,0,3,3,3,,4,High,24.9265,79.58167,"Chandpura PO, Chhatarpur (6.8 km)",0,open map,,
Area,Madhya Pradesh,Chhatarpur,Chhatarpur,Toria Mohalla,0,1,0,1,1,1,,1,High,24.91829,79.59164,"Chandpura PO, Chhatarpur (5.5 km)",0,open map,,
City,Madhya Pradesh,Sagar,Sagar,,3,0,0,3,2,2,,4,Medium,23.84213,78.74133,"Bararu PO, Sagar (5.3 km)",0.2,open map,,
Area,Madhya Pradesh,Sagar,Sagar,Gujarati Bazaar,1,0,0,1,1,1,,1,High,23.84377,78.74047,"Bararu PO, Sagar (5.2 km)",0,open map,,
Area,Madhya Pradesh,Sagar,Sagar,Shukrawari Hills,1,0,0,1,1,1,,,High,23.84049,78.74218,"Bararu PO, Sagar (5.4 km)",0,open map,,
Area,Madhya Pradesh,Sagar,Sagar,(area not known),1,0,0,1,0,0,,,Low,,,,,,,
City,Madhya Pradesh,Indore,Santer,,0,3,0,3,3,3,,3,Low,22.58445,75.77974,"Rasalpura PO, Indore (0.7 km)",0,open map,,
Area,Madhya Pradesh,Indore,Santer,Dr. Ambedkar Nagar (Mhow),0,2,0,2,2,2,,2,Low,22.58591,75.78076,"Rasalpura PO, Indore (0.6 km)",0.2,open map,,
Area,Madhya Pradesh,Indore,Santer,Rasalpura,0,1,0,1,1,1,,1,High,22.58445,75.77967,"Rasalpura PO, Indore (0.7 km)",0,open map,,
City,Madhya Pradesh,Satna,Satna,,1,2,0,3,2,2,,1,Medium,24.56838,80.84089,"Madhogarh (Satna) PO, Satna (7.1 km)",0.4,open map,,
Area,Madhya Pradesh,Satna,Satna,Jeevan Jyoti Colony,0,1,0,1,1,1,,,High,24.56656,80.8375,"Madhogarh (Satna) PO, Satna (7.5 km)",0,open map,,
Area,Madhya Pradesh,Satna,Satna,Sangram Colony,0,1,0,1,1,1,,1,High,24.57021,80.84427,"Madhogarh (Satna) PO, Satna (6.8 km)",0,open map,,
Area,Madhya Pradesh,Satna,Satna,(area not known),1,0,0,1,0,0,,,Low,,,,,,,
City,Madhya Pradesh,Jabalpur,Katangi,,2,1,0,3,0,2,1,6,Medium,23.43932,79.79627,"Khajri PO, Jabalpur (6.3 km)",0.1,open map,,
Area,Madhya Pradesh,Jabalpur,Katangi,(area not known),2,1,0,3,0,2,1,4,Medium,23.43932,79.79627,"Khajri PO, Jabalpur (6.3 km)",0.1,open map,,
City,Madhya Pradesh,Ujjain,Ujjain,,3,0,0,3,3,1,,1,Low,23.16692,75.78425,"Tajpur (Ujjain) PO, Ujjain (13.8 km)",0,open map,,
Area,Madhya Pradesh,Ujjain,Ujjain,Keshav Nagar,1,0,0,1,1,1,,1,High,23.16692,75.78425,"Tajpur (Ujjain) PO, Ujjain (13.8 km)",0,open map,,
Area,Madhya Pradesh,Ujjain,Ujjain,(area not known),2,0,0,2,2,0,,,Low,,,,,,,
City,Madhya Pradesh,Indore,Betma,,2,1,0,3,3,1,,2,Low,22.6879,75.61824,"Betma PO, Indore (0.4 km)",0,open map,,
Area,Madhya Pradesh,Indore,Betma,Kushwah Mohalla,2,0,0,2,2,1,,2,Medium,22.6879,75.61824,"Betma PO, Indore (0.4 km)",0,open map,,
Area,Madhya Pradesh,Indore,Betma,(area not known),0,1,0,1,1,0,,,Low,,,,,,,
City,Madhya Pradesh,Neemuch,Manasa,,0,3,0,3,3,3,,1,High,24.47113,75.14547,"Manasa PO, Neemuch (0.9 km)",0,open map,,
Area,Madhya Pradesh,Neemuch,Manasa,(area not known),0,3,0,3,3,3,,,High,24.47113,75.14547,"Manasa PO, Neemuch (0.9 km)",0,open map,,
City,Madhya Pradesh,Raisen,Manpur,,0,3,0,3,3,3,,,High,23.33025,77.78272,"Pathari PO, Raisen (5.7 km)",0.1,open map,,
Area,Madhya Pradesh,Raisen,Manpur,(area not known),0,3,0,3,3,3,,,High,23.33025,77.78272,"Pathari PO, Raisen (5.7 km)",0.1,open map,,
City,Madhya Pradesh,Ratlam,Jaora,,0,3,0,3,3,3,,2,High,23.63379,75.12896,"Jaora PO, Ratlam (0.5 km)",0.6,open map,,
Area,Madhya Pradesh,Ratlam,Jaora,Sejawata,0,1,0,1,1,1,,,High,23.63379,75.12929,"Jaora PO, Ratlam (0.5 km)",0,open map,,
Area,Madhya Pradesh,Ratlam,Jaora,(area not known),0,2,0,2,2,2,,1,High,23.63576,75.12395,"Jaora PO, Ratlam (0.4 km)",0.6,open map,,
City,Madhya Pradesh,Mandla,(city not known),,0,2,0,2,2,1,,,Low,22.98343,80.15015,"Kalpi PO, Mandla (8.6 km)",0,open map,,
Area,Madhya Pradesh,Mandla,(city not known),Bijadandi,0,1,0,1,1,1,,,Low,22.98343,80.15015,"Kalpi PO, Mandla (8.6 km)",0,open map,,
Area,Madhya Pradesh,,(city not known),Pithampur Industrial Area,0,1,0,1,1,0,,,Low,,,,,,,
City,Madhya Pradesh,Shahdol,Shahdol,,1,1,0,2,2,2,,1,High,23.29814,81.35853,"Sohagpur PO, Shahdol (2.2 km)",0,open map,,
Area,Madhya Pradesh,Shahdol,Shahdol,Itwari Mohalla,1,1,0,2,2,2,,,High,23.29814,81.35853,"Sohagpur PO, Shahdol (2.2 km)",0,open map,,
City,Madhya Pradesh,Jabalpur,Sukha,,0,2,0,2,0,2,,3,Medium,23.21018,79.86544,"Sukha PO, Jabalpur (0.2 km)",0.1,open map,,
Area,Madhya Pradesh,Jabalpur,Sukha,(area not known),0,2,0,2,0,2,,3,Medium,23.21018,79.86544,"Sukha PO, Jabalpur (0.2 km)",0.1,open map,,
City,Madhya Pradesh,Gwalior,Gwalior,,2,0,0,2,2,2,,,High,26.20092,78.16204,"Gwalior Residency PO, Gwalior (2.5 km)",0,open map,,
Area,Madhya Pradesh,Gwalior,Gwalior,Lashkar,2,0,0,2,2,2,,,High,26.20092,78.16204,"Gwalior Residency PO, Gwalior (2.5 km)",0,open map,,
City,Madhya Pradesh,Ujjain,Nagda,,0,2,0,2,2,2,,2,High,23.45614,75.42212,"Nagda PO, Ujjain (0.5 km)",0.1,open map,,
Area,Madhya Pradesh,Ujjain,Nagda,Dayanand Colony,0,1,0,1,1,1,,1,High,23.45619,75.42314,"Nagda PO, Ujjain (0.6 km)",0,open map,,
Area,Madhya Pradesh,Ujjain,Nagda,Prakash Nagar Colony,0,1,0,1,1,1,,1,High,23.4561,75.4211,"Nagda PO, Ujjain (0.4 km)",0,open map,,
City,Madhya Pradesh,Katni,Katni,,2,0,0,2,2,1,,8,Medium,23.8313,80.39159,"Kuthla PO, Katni (2.5 km)",0,open map,,
Area,Madhya Pradesh,Katni,Katni,Gole Bazar,1,0,0,1,1,1,,5,High,23.8313,80.39159,"Kuthla PO, Katni (2.5 km)",0,open map,,
Area,Madhya Pradesh,Katni,Katni,(area not known),1,0,0,1,1,0,,1,Low,,,,,,,
City,Madhya Pradesh,Jabalpur,Mohas,,0,2,0,2,0,1,,2,Medium,23.28185,79.86335,"Mangela PO, Jabalpur (3.9 km)",0,open map,,
Area,Madhya Pradesh,Jabalpur,Mohas,infront of Sharda sweets,0,1,0,1,0,0,,,Low,,,,,,,
Area,Madhya Pradesh,Jabalpur,Mohas,(area not known),0,1,0,1,0,1,,2,High,23.28185,79.86335,"Mangela PO, Jabalpur (3.9 km)",0,open map,,
City,Madhya Pradesh,Hoshangabad,Harda,,2,0,0,2,2,1,,,Medium,22.34397,77.09358,"Harda PO, Harda (0.2 km)",0,open map,,
Area,Madhya Pradesh,Hoshangabad,Harda,in front of Nayara Petrol pump,1,0,0,1,1,1,,,High,22.34397,77.09358,"Harda PO, Harda (0.2 km)",0,open map,,
Area,Madhya Pradesh,Hoshangabad,Harda,(area not known),1,0,0,1,1,0,,,Low,,,,,,,
City,Madhya Pradesh,Jabalpur,Lakhnadon,,1,0,0,1,0,1,,,Low,22.63568,79.63765,"Lakhnadon PO, Seoni (5.4 km)",0,open map,,
Area,Madhya Pradesh,Jabalpur,Lakhnadon,Jamtara,1,0,0,1,0,1,,,Low,22.63568,79.63765,"Lakhnadon PO, Seoni (5.4 km)",0,open map,,
City,Madhya Pradesh,Singrauli,Singrauli,,0,0,1,1,0,0,,1,Low,,,,,,,
Area,Madhya Pradesh,Singrauli,Singrauli,(area not known),0,0,1,1,0,0,,,Low,,,,,,,
City,Madhya Pradesh,Guna,Guna,,1,0,0,1,0,0,,,Low,,,,,,,
Area,Madhya Pradesh,Guna,Guna,(area not known),1,0,0,1,0,0,,,Low,,,,,,,
City,Madhya Pradesh,Chhatarpur,Padariya,,1,0,0,1,0,0,1,,Low,,,,,,,
Area,Madhya Pradesh,Chhatarpur,Padariya,(area not known),1,0,0,1,0,0,1,,Low,,,,,,,
City,Madhya Pradesh,Katni,Majholi,,1,0,0,1,1,1,,2,High,23.49909,79.92709,"Dhanwahi PO, Jabalpur (5.9 km)",0,open map,,
Area,Madhya Pradesh,Katni,Majholi,(area not known),1,0,0,1,1,1,,1,High,23.49909,79.92709,"Dhanwahi PO, Jabalpur (5.9 km)",0,open map,,
City,Madhya Pradesh,Mandsaur,Udpura,,0,1,0,1,1,0,1,,Low,,,,,,,
Area,Madhya Pradesh,Mandsaur,Udpura,(area not known),0,1,0,1,1,0,1,,Low,,,,,,,
City,Madhya Pradesh,East Nimar,Nagpur,,1,0,0,1,0,0,1,,Low,,,,,,,
Area,Madhya Pradesh,East Nimar,Nagpur,Ghaspura,1,0,0,1,0,0,1,,Low,,,,,,,
City,Madhya Pradesh,Hoshangabad,Taku,,0,1,0,1,1,1,,,High,22.6135,77.77046,"Itarsi PO, Hoshangabad (0.9 km)",0,open map,,
Area,Madhya Pradesh,Hoshangabad,Taku,Suraj Ganj,0,1,0,1,1,1,,,High,22.6135,77.77046,"Itarsi PO, Hoshangabad (0.9 km)",0,open map,,
City,Madhya Pradesh,Jabalpur,Suhagi,,1,0,0,1,0,1,,1,High,23.2162,79.95687,"Adhartal PO, Jabalpur (1.4 km)",0,open map,,
Area,Madhya Pradesh,Jabalpur,Suhagi,Adhartal,1,0,0,1,0,1,,,High,23.2162,79.95687,"Adhartal PO, Jabalpur (1.4 km)",0,open map,,
City,Madhya Pradesh,,Shivni,,0,0,1,1,0,0,,,Low,,,,,,,
Area,Madhya Pradesh,,Shivni,(area not known),0,0,1,1,0,0,,,Low,,,,,,,
City,Madhya Pradesh,Bhopal,Ratibad,,0,1,0,1,1,0,1,1,Low,,,,,,,
Area,Madhya Pradesh,Bhopal,Ratibad,(area not known),0,1,0,1,1,0,1,1,Low,,,,,,,
City,Madhya Pradesh,Bhopal,Gehun Kheda,,0,0,1,1,1,0,1,,Low,,,,,,,
Area,Madhya Pradesh,Bhopal,Gehun Kheda,(area not known),0,0,1,1,1,0,1,,Low,,,,,,,
City,Madhya Pradesh,Neemuch,Chittorgarh,,1,0,0,1,1,1,,,High,24.47,74.85232,"Jawad PO, Neemuch (14.4 km)",0,open map,,
Area,Madhya Pradesh,Neemuch,Chittorgarh,Kailash Nagar,1,0,0,1,1,1,,,High,24.47,74.85232,"Jawad PO, Neemuch (14.4 km)",0,open map,,
City,Madhya Pradesh,Ujjain,Mahidpur,,0,1,0,1,1,1,,1,High,23.49401,75.68753,"Mehidpur PO, Ujjain (3.1 km)",0,open map,,
Area,Madhya Pradesh,Ujjain,Mahidpur,(area not known),0,1,0,1,1,1,,1,High,23.49401,75.68753,"Mehidpur PO, Ujjain (3.1 km)",0,open map,,
City,Madhya Pradesh,Ujjain,Unhel,,0,1,0,1,1,1,,1,High,23.33503,75.55433,"Unhel PO, Ujjain (0.6 km)",0,open map,,
Area,Madhya Pradesh,Ujjain,Unhel,(area not known),0,1,0,1,1,1,,1,High,23.33503,75.55433,"Unhel PO, Ujjain (0.6 km)",0,open map,,
City,Madhya Pradesh,Mandsaur,Panth Pipalia,,0,1,0,1,1,0,,,Low,,,,,,,
Area,Madhya Pradesh,Mandsaur,Panth Pipalia,(area not known),0,1,0,1,1,0,,,Low,,,,,,,
City,Madhya Pradesh,Sehore,Sherpur,,0,1,0,1,1,0,1,,Low,,,,,,,
Area,Madhya Pradesh,Sehore,Sherpur,(area not known),0,1,0,1,1,0,1,,Low,,,,,,,
City,Madhya Pradesh,,Atnar,,0,1,0,1,1,0,,,Low,,,,,,,
Area,Madhya Pradesh,,Atnar,(area not known),0,1,0,1,1,0,,,Low,,,,,,,
City,Madhya Pradesh,Indore,Dr. Ambedkar Nagar (Mhow),,0,1,0,1,1,0,,,Low,,,,,,,
Area,Madhya Pradesh,Indore,Dr. Ambedkar Nagar (Mhow),Bombay Bazar,0,1,0,1,1,0,,,Low,,,,,,,
City,Madhya Pradesh,Indore,Jamburdi Hapsi,,1,0,0,1,1,0,1,,Low,,,,,,,
Area,Madhya Pradesh,Indore,Jamburdi Hapsi,Nainod Village,1,0,0,1,1,0,1,,Low,,,,,,,
City,Madhya Pradesh,Ujjain,Gogapur,,0,1,0,1,1,1,,1,High,23.56962,75.50165,"Kasari PO, Ratlam (1.6 km)",0,open map,,
Area,Madhya Pradesh,Ujjain,Gogapur,Kasari,0,1,0,1,1,1,,1,High,23.56962,75.50165,"Kasari PO, Ratlam (1.6 km)",0,open map,,
City,Madhya Pradesh,Indore,Dhannad,,0,1,0,1,1,1,,1,High,22.62203,75.72621,"Dhannad PO, Indore (2.6 km)",0,open map,,
Area,Madhya Pradesh,Indore,Dhannad,(area not known),0,1,0,1,1,1,,,High,22.62203,75.72621,"Dhannad PO, Indore (2.6 km)",0,open map,,
City,Madhya Pradesh,Mandla,Maneri,,1,0,0,1,0,1,,1,Low,23.1093,80.23697,"Kastara PO, Jabalpur (7.3 km)",0,open map,,
Area,Madhya Pradesh,Mandla,Maneri,Takweli,1,0,0,1,0,1,,,Low,23.1093,80.23697,"Kastara PO, Jabalpur (7.3 km)",0,open map,,
City,Madhya Pradesh,Indore,Bhatkhedi,,0,1,0,1,1,1,,1,High,22.58075,75.71356,"Pithampur PO, Dhar (2.9 km)",0,open map,,
Area,Madhya Pradesh,Indore,Bhatkhedi,(area not known),0,1,0,1,1,1,,,High,22.58075,75.71356,"Pithampur PO, Dhar (2.9 km)",0,open map,,
City,Madhya Pradesh,Katni,Sihora,,0,1,0,1,1,1,,13,High,23.46835,80.1091,"Marha PO, Jabalpur (1.4 km)",0,open map,,
Area,Madhya Pradesh,Katni,Sihora,Marha,0,1,0,1,1,1,,,High,23.46835,80.1091,"Marha PO, Jabalpur (1.4 km)",0,open map,,
City,Madhya Pradesh,Hoshangabad,Masangaon,,0,1,0,1,1,0,1,,Low,,,,,,,
Area,Madhya Pradesh,Hoshangabad,Masangaon,(area not known),0,1,0,1,1,0,1,,Low,,,,,,,
City,Madhya Pradesh,Raisen,Gopalpur,,0,1,0,1,1,0,1,1,Low,,,,,,,
Area,Madhya Pradesh,Raisen,Gopalpur,(area not known),0,1,0,1,1,0,1,1,Low,,,,,,,
City,Madhya Pradesh,Vidisha,Ganj,,0,1,0,1,1,0,1,,Low,,,,,,,
Area,Madhya Pradesh,Vidisha,Ganj,(area not known),0,1,0,1,1,0,1,,Low,,,,,,,
City,Madhya Pradesh,Jabalpur,Pipariya,,0,1,0,1,0,0,1,3,Low,,,,,,,
Area,Madhya Pradesh,Jabalpur,Pipariya,Umria,0,1,0,1,0,0,1,2,Low,,,,,,,
City,Madhya Pradesh,Mandsaur,Sitamau,,0,1,0,1,1,1,,1,High,24.06036,75.08528,"Dhundharka PO, Mandsaur (13.8 km)",0,open map,,
Area,Madhya Pradesh,Mandsaur,Sitamau,(area not known),0,1,0,1,1,1,,1,High,24.06036,75.08528,"Dhundharka PO, Mandsaur (13.8 km)",0,open map,,
City,Madhya Pradesh,Katni,Dharwara,,0,1,0,1,1,0,1,1,Low,,,,,,,
Area,Madhya Pradesh,Katni,Dharwara,(area not known),0,1,0,1,1,0,1,,Low,,,,,,,
City,Madhya Pradesh,Jabalpur,Khajri,,1,0,0,1,0,1,,1,High,23.23753,79.9317,"Maharajpur PO, Jabalpur (2.3 km)",0,open map,,
Area,Madhya Pradesh,Jabalpur,Khajri,(area not known),1,0,0,1,0,1,,,High,23.23753,79.9317,"Maharajpur PO, Jabalpur (2.3 km)",0,open map,,
City,Madhya Pradesh,Jabalpur,Lamheta Ghat,,1,0,0,1,0,1,,,High,23.12978,79.86131,"Piparia PO, Jabalpur (4.8 km)",0,open map,,
Area,Madhya Pradesh,Jabalpur,Lamheta Ghat,(area not known),1,0,0,1,0,1,,,High,23.12978,79.86131,"Piparia PO, Jabalpur (4.8 km)",0,open map,,
State,Rajasthan,,,,360,652,6,1018,939,849,45,894,High,26.82849,75.73628,"Mohanpura PO, Jaipur (0.8 km)",258,open map,,
City,Rajasthan,Jaipur,Jaipur,,142,320,5,467,432,416,19,443,High,26.91889,75.77117,"Khatipura PO, Jaipur (2.6 km)",12.9,open map,,
Area,Rajasthan,Jaipur,Jaipur,Jhotwara,17,40,0,57,52,52,3,57,High,26.94582,75.74465,"Jhotwara PO, Jaipur (1.4 km)",3.6,open map,,
Area,Rajasthan,Jaipur,Jaipur,Murlipura,5,16,2,23,22,22,1,19,High,26.97039,75.76829,"Jhotwara PO, Jaipur (2.9 km)",7.6,open map,,
Area,Rajasthan,Jaipur,Jaipur,Mansarovar,8,7,0,15,14,13,1,14,High,26.8579,75.75997,"S.F.S.Mansarovar PO, Jaipur (0.6 km)",2.5,open map,,
Area,Rajasthan,Jaipur,Jaipur,Pratap Nagar,6,9,0,15,14,11,2,7,Medium,26.80545,75.8099,"Manoharpura PO, Jaipur (3.1 km)",3,open map,,
Area,Rajasthan,Jaipur,Jaipur,Jagatpura,2,12,0,14,14,13,,14,High,26.82582,75.84622,"Manoharpura PO, Jaipur (2.0 km)",1.7,open map,,
Area,Rajasthan,Jaipur,Jaipur,Bhakrota,3,8,1,12,11,10,2,10,High,26.87167,75.70022,"Jaisinghpura PO, Jaipur (3.5 km)",0.6,open map,,
Area,Rajasthan,Jaipur,Jaipur,Shastri Nagar,4,7,0,11,9,11,,10,High,26.9468,75.79893,"Sitapura Industrial Area PO, Jaipur (1.9 km)",3.9,open map,,
Area,Rajasthan,Jaipur,Jaipur,Vidyadhar Nagar,4,7,0,11,11,8,,7,Medium,26.95733,75.77174,"Jhotwara PO, Jaipur (1.8 km)",1.6,open map,,
Area,Rajasthan,Jaipur,Jaipur,Sanganer,0,10,0,10,10,10,,10,High,26.81325,75.79168,"Chainpura PO, Jaipur (2.7 km)",2.7,open map,,
Area,Rajasthan,Jaipur,Jaipur,Kanwar Nagar,4,5,0,9,8,7,2,11,High,26.92442,75.82094,"Sitapura Industrial Area PO, Jaipur (2.5 km)",0.7,open map,,
Area,Rajasthan,Jaipur,Jaipur,Kanakpura,3,5,0,8,6,8,,6,High,26.92241,75.72236,"Khatipura PO, Jaipur (2.4 km)",1.6,open map,,
Area,Rajasthan,Jaipur,Jaipur,Shyam Nagar,5,3,0,8,8,8,,7,High,26.89293,75.76907,"Gopalpura PO, Jaipur (3.1 km)",1,open map,,
Area,Rajasthan,Jaipur,Jaipur,Bajaj Nagar,2,5,0,7,7,7,,7,High,26.8661,75.79681,"Gopalpura PO, Jaipur (1.5 km)",3.3,open map,,
Area,Rajasthan,Jaipur,Jaipur,Gokulpura,0,7,0,7,7,7,,7,High,26.94882,75.71477,"Khatipura PO, Jaipur (4.1 km)",2,open map,,
Area,Rajasthan,Jaipur,Jaipur,Gopal Pura Mode,4,3,0,7,6,6,,13,High,26.87193,75.7852,"Gopalpura PO, Jaipur (0.5 km)",1.4,open map,,
Area,Rajasthan,Jaipur,Jaipur,Sitapura,1,6,0,7,7,7,,7,High,26.76934,75.84011,"Ramnagar PO, Jaipur (6.3 km)",5.9,open map,,
Area,Rajasthan,Jaipur,Jaipur,Vaishali Nagar,1,6,0,7,6,6,,7,High,26.90514,75.73369,"Heerapura PO, Jaipur (1.3 km)",1.4,open map,,
Area,Rajasthan,Jaipur,Jaipur,Harmada,4,2,0,6,4,6,,3,High,27.00543,75.77062,"Akhepura PO, Jaipur (4.9 km)",1.1,open map,,
Area,Rajasthan,Jaipur,Jaipur,Malviya Nagar,6,0,0,6,6,6,,6,High,26.84858,75.81117,"Chainpura PO, Jaipur (1.7 km)",1.1,open map,,
Area,Rajasthan,Jaipur,Jaipur,Panchyawala,3,3,0,6,5,4,1,3,Medium,26.92121,75.72211,"Heerapura PO, Jaipur (2.4 km)",1,open map,,
Area,Rajasthan,Jaipur,Jaipur,Purani Basti,5,1,0,6,6,5,,8,High,26.92792,75.81857,"Sitapura Industrial Area PO, Jaipur (2.2 km)",1.1,open map,,
Area,Rajasthan,Jaipur,Jaipur,Sodala,3,3,0,6,4,6,,8,High,26.8972,75.77157,"Heerapura PO, Jaipur (3.2 km)",0.8,open map,,
Area,Rajasthan,Jaipur,Jaipur,Brijlalpura,1,4,0,5,5,4,1,2,High,26.8921,75.74375,"Heerapura PO, Jaipur (2.3 km)",0.2,open map,,
Area,Rajasthan,Jaipur,Jaipur,Dahar Ka Balaji,3,2,0,5,3,5,,1,High,26.95037,75.77055,"Jhotwara PO, Jaipur (1.3 km)",2.3,open map,,
Area,Rajasthan,Jaipur,Jaipur,Durgapura,0,4,1,5,4,5,,1,High,26.85343,75.78521,"Durgapura PO, Jaipur (1.0 km)",1.1,open map,,
Area,Rajasthan,Jaipur,Jaipur,Govindpura,0,5,0,5,5,5,,5,High,26.95349,75.70205,"Machwa PO, Jaipur (4.7 km)",0.5,open map,,
Area,Rajasthan,Jaipur,Jaipur,Hathod,0,5,0,5,5,4,,5,Low,26.95588,75.69018,"Machwa PO, Jaipur (3.5 km)",0.4,open map,,
Area,Rajasthan,Jaipur,Jaipur,Khatipura,2,3,0,5,5,4,1,12,High,26.92181,75.7474,"Khatipura PO, Jaipur (0.3 km)",1.6,open map,,
Area,Rajasthan,Jaipur,Jaipur,Pink City,4,1,0,5,5,4,1,5,High,26.92433,75.82061,"Sitapura Industrial Area PO, Jaipur (2.5 km)",0.1,open map,,
Area,Rajasthan,Jaipur,Jaipur,Sindhi Camp,2,3,0,5,5,5,,4,High,26.92685,75.80266,"Sitapura Industrial Area PO, Jaipur (0.7 km)",0.7,open map,,
Area,Rajasthan,Jaipur,Jaipur,Sumel,1,4,0,5,4,5,,3,High,26.89817,75.89943,"Luniawas PO, Jaipur (3.1 km)",2.1,open map,,
Area,Rajasthan,Jaipur,Jaipur,Sushilpura,1,4,0,5,5,5,,4,High,26.89816,75.76487,"Heerapura PO, Jaipur (2.6 km)",0.3,open map,,
Area,Rajasthan,Jaipur,Jaipur,Tonk Phatak,4,1,0,5,5,5,,5,High,26.87561,75.79673,"Gopalpura PO, Jaipur (1.7 km)",1.4,open map,,
Area,Rajasthan,Jaipur,Jaipur,Bani Park,1,3,0,4,4,4,,5,High,26.93199,75.79928,"Sitapura Industrial Area PO, Jaipur (0.4 km)",0.3,open map,,
Area,Rajasthan,Jaipur,Jaipur,Lalarpura,0,4,0,4,4,3,,4,High,26.90499,75.72418,"Heerapura PO, Jaipur (2.1 km)",0.3,open map,,
Area,Rajasthan,Jaipur,Jaipur,Paldi Meena,0,4,0,4,4,4,,3,High,26.88535,75.89511,"Luniawas PO, Jaipur (1.6 km)",0.8,open map,,
Area,Rajasthan,Jaipur,Jaipur,Amer,1,2,0,3,3,3,,3,High,26.99456,75.876,"Amer PO, Jaipur (1.9 km)",0.1,open map,,
Area,Rajasthan,Jaipur,Jaipur,Ashok Nagar,0,3,0,3,3,3,,2,High,26.91692,75.81253,"Sitapura Industrial Area PO, Jaipur (2.1 km)",0.3,open map,,
Area,Rajasthan,Jaipur,Jaipur,Bindayaka,3,0,0,3,3,3,,2,High,26.91884,75.6457,"Bindayaka. PO, Jaipur (1.4 km)",0.4,open map,,
Area,Rajasthan,Jaipur,Jaipur,Brahampuri,2,1,0,3,3,3,,7,High,26.93691,75.83038,"Sitapura Industrial Area PO, Jaipur (3.5 km)",0.5,open map,,
Area,Rajasthan,Jaipur,Jaipur,Jalupura,0,3,0,3,3,2,,2,Medium,26.91978,75.80665,"Sitapura Industrial Area PO, Jaipur (1.5 km)",0.2,open map,,
Area,Rajasthan,Jaipur,Jaipur,Jamna Puri,0,3,0,3,3,3,,4,High,26.97394,75.75281,"Jhotwara PO, Jaipur (3.2 km)",1.4,open map,,
Area,Rajasthan,Jaipur,Jaipur,Jaswant Nagar,2,1,0,3,3,3,,1,High,26.92319,75.74511,"Khatipura PO, Jaipur (0.2 km)",0,open map,,
Area,Rajasthan,Jaipur,Jaipur,Lal Dungri,0,3,0,3,3,3,,3,High,26.90655,75.84734,"Sitapura Industrial Area PO, Jaipur (5.7 km)",0,open map,,
Area,Rajasthan,Jaipur,Jaipur,Laxmi Narayan Puri,1,2,0,3,3,3,,4,High,26.92137,75.83914,"Sitapura Industrial Area PO, Jaipur (4.4 km)",0,open map,,
Area,Rajasthan,Jaipur,Jaipur,Modikhana,1,2,0,3,3,3,,4,High,26.91895,75.8179,"Sitapura Industrial Area PO, Jaipur (2.5 km)",0.3,open map,,
Area,Rajasthan,Jaipur,Jaipur,Shankar Nagar,0,3,0,3,3,2,1,6,Medium,26.942,75.84466,"Lalwas PO, Jaipur (4.6 km)",0.4,open map,,
Area,Rajasthan,Jaipur,Jaipur,Sindhi Colony,0,3,0,3,3,1,,3,Low,26.89642,75.83639,"Sitapura Industrial Area PO, Jaipur (5.4 km)",0,open map,,
Area,Rajasthan,Jaipur,Jaipur,Surajpole Bazar,2,1,0,3,3,3,,,High,26.91948,75.84368,"Sitapura Industrial Area PO, Jaipur (4.8 km)",0,open map,,
Area,Rajasthan,Jaipur,Jaipur,Tagore Nagar,0,3,0,3,3,3,,4,High,26.89093,75.73944,"Heerapura PO, Jaipur (2.5 km)",0.2,open map,,
Area,Rajasthan,Jaipur,Jaipur,Bambala,1,1,0,2,1,2,,,High,26.80714,75.79107,"Chainpura PO, Jaipur (3.4 km)",0,open map,,
Area,Rajasthan,Jaipur,Jaipur,Civil Lines,0,2,0,2,2,2,,5,High,26.90965,75.78311,"Sitapura Industrial Area PO, Jaipur (2.6 km)",0.8,open map,,
Area,Rajasthan,Jaipur,Jaipur,Dholai,1,1,0,2,1,2,,,High,26.83932,75.7539,"Ramsinghpura PO, Jaipur (1.1 km)",0.3,open map,,
Area,Rajasthan,Jaipur,Jaipur,Gopalpura,0,2,0,2,2,2,,1,Medium,26.86656,75.78928,"Gopalpura PO, Jaipur (0.7 km)",0.9,open map,,
Area,Rajasthan,Jaipur,Jaipur,Govardhan Nagar,1,1,0,2,1,2,,1,High,26.7891,75.81908,"Manoharpura PO, Jaipur (4.5 km)",0,open map,,
Area,Rajasthan,Jaipur,Jaipur,Kalwar,0,2,0,2,2,2,,2,Low,26.98091,75.60388,"Dharampura PO, Jaipur (2.0 km)",1.8,open map,,
Area,Rajasthan,Jaipur,Jaipur,Kankha Ki Dhani,0,2,0,2,2,2,,1,High,26.88477,75.76455,"S.F.S.Mansarovar PO, Jaipur (2.5 km)",9.6,open map,,
Area,Rajasthan,Jaipur,Jaipur,Keshar Vihar,0,2,0,2,2,2,,1,High,26.82975,75.84184,"Manoharpura PO, Jaipur (1.6 km)",0.8,open map,,
Area,Rajasthan,Jaipur,Jaipur,Maruti Nagar,1,1,0,2,2,2,,1,High,26.81035,75.80333,"Chainpura PO, Jaipur (2.9 km)",0,open map,,
Area,Rajasthan,Jaipur,Jaipur,Murlipura at Mishra Ka Barh,0,2,0,2,2,2,,,Low,26.76012,75.8437,"Watika PO, Jaipur (6.9 km)",0,open map,,
Area,Rajasthan,Jaipur,Jaipur,Nindar,1,1,0,2,2,2,,1,Low,27.02224,75.76935,"Akhepura PO, Jaipur (4.4 km)",0,open map,,
Area,Rajasthan,Jaipur,Jaipur,Niwaru,0,2,0,2,2,2,,,High,26.96891,75.71545,"Jhotwara PO, Jaipur (5.0 km)",0.5,open map,,
Area,Rajasthan,Jaipur,Jaipur,Ranisati Nagar,0,2,0,2,2,2,,3,High,26.8864,75.74836,"Heerapura PO, Jaipur (2.9 km)",0.8,open map,,
Area,Rajasthan,Jaipur,Jaipur,Sirsi,0,2,0,2,2,2,,2,High,26.91257,75.67768,"Bindayaka. PO, Jaipur (1.8 km)",0.1,open map,,
Area,Rajasthan,Jaipur,Jaipur,Transport Nagar,0,2,0,2,2,2,,3,High,26.90568,75.84461,"Sitapura Industrial Area PO, Jaipur (5.5 km)",0.1,open map,,
Area,Rajasthan,Jaipur,Jaipur,Vidhyut Nagar,0,2,0,2,2,1,,2,Medium,26.89588,75.7489,"Heerapura PO, Jaipur (1.9 km)",0,open map,,
Area,Rajasthan,Jaipur,Jaipur,Vishwakarma Industrial Area,0,2,0,2,2,2,,6,High,26.98456,75.78333,"Jhotwara PO, Jaipur (5.0 km)",0.5,open map,,
Area,Rajasthan,Jaipur,Jaipur,Aatish Market,0,1,0,1,1,1,,1,High,26.92498,75.82092,"Sitapura Industrial Area PO, Jaipur (2.5 km)",0,open map,,
Area,Rajasthan,Jaipur,Jaipur,Ambika Colony,1,0,0,1,0,1,,,High,26.81776,75.79815,"Chainpura PO, Jaipur (2.1 km)",0,open map,,
Area,Rajasthan,Jaipur,Jaipur,Anand Nagar,0,1,0,1,1,1,,1,High,26.91805,75.72883,"Heerapura PO, Jaipur (1.6 km)",0,open map,,
Area,Rajasthan,Jaipur,Jaipur,Bagru,0,1,0,1,1,1,,1,High,26.80554,75.54211,"Bagru PO, Jaipur (0.8 km)",0,open map,,
Area,Rajasthan,Jaipur,Jaipur,Bais Godam,1,0,0,1,1,1,,1,High,26.90176,75.78914,"Sitapura Industrial Area PO, Jaipur (3.2 km)",0,open map,,
Area,Rajasthan,Jaipur,Jaipur,Balaji Vihar-25,0,1,0,1,1,1,,,High,26.98164,75.74445,"Jhotwara PO, Jaipur (4.3 km)",0,open map,,
Area,Rajasthan,Jaipur,Jaipur,Bhawani Nagar,0,1,0,1,1,1,,1,High,26.96329,75.77164,"Jhotwara PO, Jaipur (2.4 km)",0,open map,,
Area,Rajasthan,Jaipur,Jaipur,Bhopal,0,0,1,1,1,1,,,Low,26.84926,75.81855,"Chainpura PO, Jaipur (2.2 km)",0,open map,,
Area,Rajasthan,Jaipur,Jaipur,Boytawala,0,1,0,1,1,1,,,High,26.98168,75.74453,"Jhotwara PO, Jaipur (4.3 km)",0,open map,,
Area,Rajasthan,Jaipur,Jaipur,Brajraj Enclave,0,1,0,1,1,1,,,High,26.92242,75.72226,"Khatipura PO, Jaipur (2.4 km)",0,open map,,
Area,Rajasthan,Jaipur,Jaipur,Chitrakoot,0,1,0,1,1,1,,2,High,26.90171,75.73522,"Heerapura PO, Jaipur (1.5 km)",0,open map,,
Area,Rajasthan,Jaipur,Jaipur,Chokdi Gangapol,0,1,0,1,1,1,,,High,26.93667,75.83412,"Sitapura Industrial Area PO, Jaipur (3.8 km)",0,open map,,
Area,Rajasthan,Jaipur,Jaipur,Daulatpura,0,1,0,1,1,1,,1,High,26.97981,75.74572,"Jhotwara PO, Jaipur (4.0 km)",0,open map,,
Area,Rajasthan,Jaipur,Jaipur,Ganpati Nagar,0,1,0,1,1,1,,,High,26.91656,75.78033,"Sitapura Industrial Area PO, Jaipur (2.1 km)",0,open map,,
Area,Rajasthan,Jaipur,Jaipur,Ghat Darwaza,1,0,0,1,1,1,,1,High,26.91685,75.81251,"Sitapura Industrial Area PO, Jaipur (2.1 km)",0,open map,,
Area,Rajasthan,Jaipur,Jaipur,Goverdhan Colony,0,1,0,1,1,1,,1,High,26.89218,75.76935,"Gopalpura PO, Jaipur (3.0 km)",0,open map,,
Area,Rajasthan,Jaipur,Jaipur,Govind Nagar,0,1,0,1,1,1,,2,High,26.93699,75.84358,"Sitapura Industrial Area PO, Jaipur (4.8 km)",0,open map,,
Area,Rajasthan,Jaipur,Jaipur,Govindpuri,1,0,0,1,1,1,,1,High,26.89236,75.77761,"Gopalpura PO, Jaipur (2.8 km)",0,open map,,
Area,Rajasthan,Jaipur,Jaipur,Hajiwala,0,1,0,1,1,1,,,High,26.79871,75.74713,"Muhana PO, Jaipur (1.9 km)",0,open map,,
Area,Rajasthan,Jaipur,Jaipur,Hasanpura,0,1,0,1,1,1,,3,High,26.91671,75.78031,"Sitapura Industrial Area PO, Jaipur (2.1 km)",0,open map,,
Area,Rajasthan,Jaipur,Jaipur,Heerapura,0,1,0,1,1,1,,,High,26.90429,75.73891,"Heerapura PO, Jaipur (1.1 km)",0,open map,,
Area,Rajasthan,Jaipur,Jaipur,Jaisinghpura Khor,0,1,0,1,1,1,,1,High,26.95123,75.86476,"Lalwas PO, Jaipur (2.4 km)",0,open map,,
Area,Rajasthan,Jaipur,Jaipur,Jamdoli,0,1,0,1,1,1,,1,High,26.91113,75.89449,"Luniawas PO, Jaipur (4.5 km)",0,open map,,
Area,Rajasthan,Jaipur,Jaipur,Jawahar Nagar,0,1,0,1,1,1,,,High,26.89759,75.83506,"Sitapura Industrial Area PO, Jaipur (5.2 km)",0,open map,,
Area,Rajasthan,Jaipur,Jaipur,Karni Vihar,0,1,0,1,1,1,,1,High,26.88392,75.739,"Heerapura PO, Jaipur (3.2 km)",0,open map,,
Area,Rajasthan,Jaipur,Jaipur,Lalchandpura,0,1,0,1,1,1,,,Low,26.98152,75.68651,"Machwa PO, Jaipur (3.6 km)",0,open map,,
Area,Rajasthan,Jaipur,Jaipur,Laxmipura at Nataniwala,0,1,0,1,1,0,,,Low,,,,,,,
Area,Rajasthan,Jaipur,Jaipur,Machera,0,1,0,1,1,1,,1,High,26.91552,75.79964,"Sitapura Industrial Area PO, Jaipur (1.6 km)",0,open map,,
Area,Rajasthan,Jaipur,Jaipur,Machwa,0,1,0,1,1,1,,2,Low,26.96207,75.66481,"Machwa PO, Jaipur (0.9 km)",0,open map,,
Area,Rajasthan,Jaipur,Jaipur,Metro Station Mansarovar,1,0,0,1,1,1,,,High,26.87972,75.74946,"S.F.S.Mansarovar PO, Jaipur (2.3 km)",0,open map,,
Area,Rajasthan,Jaipur,Jaipur,Murtikaar Udhyog Nagar,0,1,0,1,1,1,,,Low,26.91198,75.63853,"Nimera PO, Jaipur (1.6 km)",0,open map,,
Area,Rajasthan,Jaipur,Jaipur,Nahari Ka Naka,0,1,0,1,1,1,,1,High,26.93472,75.80713,"Sitapura Industrial Area PO, Jaipur (1.2 km)",0,open map,,
Area,Rajasthan,Jaipur,Jaipur,Nangal Jaisabohra,1,0,0,1,1,1,,1,High,26.96705,75.72073,"Jhotwara PO, Jaipur (4.5 km)",0,open map,,
Area,Rajasthan,Jaipur,Jaipur,New Colony,1,0,0,1,1,1,,2,High,26.8958,75.82654,"Sitapura Industrial Area PO, Jaipur (4.8 km)",0,open map,,
Area,Rajasthan,Jaipur,Jaipur,Parasrampuri,0,1,0,1,1,0,1,1,Low,,,,,,,
Area,Rajasthan,Jaipur,Jaipur,Pratap Nagar Vistar,0,1,0,1,1,1,,,High,26.9937,75.76137,"Jhotwara PO, Jaipur (5.4 km)",0,open map,,
Area,Rajasthan,Jaipur,Jaipur,Pulia,0,1,0,1,1,1,,,High,26.91558,75.79074,"Sitapura Industrial Area PO, Jaipur (1.6 km)",0,open map,,
Area,Rajasthan,Jaipur,Jaipur,Raja Park,1,0,0,1,1,0,,2,Low,,,,,,,
Area,Rajasthan,Jaipur,Jaipur,Ramganj Bazar,0,1,0,1,1,1,,1,High,26.92114,75.83483,"Sitapura Industrial Area PO, Jaipur (3.9 km)",0,open map,,
Area,Rajasthan,Jaipur,Jaipur,Ramnagar,1,0,0,1,1,1,,1,High,26.89573,75.77054,"Heerapura PO, Jaipur (3.2 km)",0,open map,,
Area,Rajasthan,Jaipur,Jaipur,SanganerJaipur,0,1,0,1,1,0,,,Low,,,,,,,
Area,Rajasthan,Jaipur,Jaipur,Sanjay Nagar,0,1,0,1,1,0,,1,Low,,,,,,,
Area,Rajasthan,Jaipur,Jaipur,Sikandra,0,1,0,1,1,1,,,Low,26.81393,75.78095,"Chainpura PO, Jaipur (3.2 km)",0,open map,,
Area,Rajasthan,Jaipur,Jaipur,Sirsi Mod,0,1,0,1,1,1,,1,High,26.92236,75.68786,"Bindayaka. PO, Jaipur (2.8 km)",0,open map,,
Area,Rajasthan,Jaipur,Jaipur,Sukhdeopura Nohara,0,1,0,1,1,1,,2,High,26.76401,75.83972,"Ramnagar PO, Jaipur (6.9 km)",0,open map,,
Area,Rajasthan,Jaipur,Jaipur,Theekariya,0,1,0,1,1,1,,,Low,26.85049,75.63736,"Jaisinghpura Bas PO, Jaipur (2.3 km)",0,open map,,
Area,Rajasthan,Jaipur,Jaipur,Topkhana Hazuri,1,0,0,1,1,1,,,High,26.93848,75.84663,"Lalwas PO, Jaipur (4.7 km)",0,open map,,
Area,Rajasthan,Jaipur,Jaipur,(area not known),6,13,0,19,13,8,2,11,Low,26.91132,75.7384,"Heerapura PO, Jaipur (0.6 km)",77.5,open map,,
City,Rajasthan,Ajmer,Ajmer,,52,45,0,97,95,80,4,105,High,26.4539,74.6371,"Hatundi PO, Ajmer (3.6 km)",6.5,open map,,
Area,Rajasthan,Ajmer,Ajmer,Adarsh Nagar,1,6,0,7,7,7,,4,High,26.42023,74.65192,"Sedaria PO, Ajmer (3.4 km)",4.1,open map,,
Area,Rajasthan,Ajmer,Ajmer,Vaishali Nagar,6,1,0,7,6,5,1,5,Medium,26.48873,74.62592,"Nosar PO, Ajmer (2.2 km)",0.8,open map,,
Area,Rajasthan,Ajmer,Ajmer,Dargah Bazar,5,1,0,6,6,6,,5,High,26.46162,74.63145,"Hatundi PO, Ajmer (3.4 km)",0.5,open map,,
Area,Rajasthan,Ajmer,Ajmer,Naya Bazaar,0,5,0,5,5,5,,11,High,26.46099,74.6315,"Hatundi PO, Ajmer (3.4 km)",0.3,open map,,
Area,Rajasthan,Ajmer,Ajmer,Panchsheel Nagar,5,0,0,5,5,4,,5,High,26.50857,74.6332,"Nosar PO, Ajmer (3.7 km)",0.3,open map,,
Area,Rajasthan,Ajmer,Ajmer,Aravali Vihar Colony,0,3,0,3,3,2,,4,Medium,26.49575,74.62063,"Nosar PO, Ajmer (1.9 km)",0,open map,,
Area,Rajasthan,Ajmer,Ajmer,Diggi Bazaar,2,1,0,3,3,3,,1,High,26.4539,74.63156,"Hatundi PO, Ajmer (3.9 km)",0,open map,,
Area,Rajasthan,Ajmer,Ajmer,Nagra,1,2,0,3,2,2,,4,Medium,26.43807,74.64896,"Sedaria PO, Ajmer (4.6 km)",0.1,open map,,
Area,Rajasthan,Ajmer,Ajmer,Parbatpura,0,3,0,3,3,3,,4,High,26.40672,74.65782,"Sedaria PO, Ajmer (2.6 km)",0.3,open map,,
Area,Rajasthan,Ajmer,Ajmer,Ramganj,1,2,0,3,3,3,,6,High,26.43057,74.63695,"Somalpur PO, Ajmer (3.3 km)",0.1,open map,,
Area,Rajasthan,Ajmer,Ajmer,Basant Vihar,0,2,0,2,2,2,,2,High,26.47663,74.64782,"Hatundi PO, Ajmer (1.2 km)",0.1,open map,,
Area,Rajasthan,Ajmer,Ajmer,Dayanand Colony,1,1,0,2,2,2,,1,High,26.4477,74.62091,"Somalpur PO, Ajmer (3.7 km)",2.5,open map,,
Area,Rajasthan,Ajmer,Ajmer,Dhola Bhata Colony,2,0,0,2,2,2,,1,High,26.43702,74.65665,"Sedaria PO, Ajmer (4.0 km)",0.2,open map,,
Area,Rajasthan,Ajmer,Ajmer,Gandhi Nagar,2,0,0,2,2,2,,2,High,26.45268,74.67121,"Hatundi PO, Ajmer (3.2 km)",0.2,open map,,
Area,Rajasthan,Ajmer,Ajmer,Gyan Vihar Colony,2,0,0,2,2,2,,2,High,26.47,74.60705,"Nosar PO, Ajmer (2.1 km)",0,open map,,
Area,Rajasthan,Ajmer,Ajmer,Mahaveer Colony,2,0,0,2,2,2,,2,High,26.46472,74.62083,"Nosar PO, Ajmer (3.2 km)",0.1,open map,,
Area,Rajasthan,Ajmer,Ajmer,Makhupura,2,0,0,2,2,1,,,Medium,26.43034,74.6371,"Somalpur PO, Ajmer (3.3 km)",0,open map,,
Area,Rajasthan,Ajmer,Ajmer,Makhupura Industrial Area,2,0,0,2,2,1,,1,Medium,26.41037,74.66313,"Sedaria PO, Ajmer (2.1 km)",0,open map,,
Area,Rajasthan,Ajmer,Ajmer,Parao,0,2,0,2,2,1,,2,Medium,26.45132,74.63841,"Hatundi PO, Ajmer (3.7 km)",0,open map,,
Area,Rajasthan,Ajmer,Ajmer,Subhash Nagar,0,2,0,2,2,0,1,1,Low,,,,,,,
Area,Rajasthan,Ajmer,Ajmer,Abhiyanta Nagar,1,0,0,1,1,0,,,Low,,,,,,,
Area,Rajasthan,Ajmer,Ajmer,Ajay Nagar,1,0,0,1,1,1,,,High,26.43034,74.6371,"Somalpur PO, Ajmer (3.3 km)",0,open map,,
Area,Rajasthan,Ajmer,Ajmer,Amar Bazar,1,0,0,1,1,0,,1,Low,,,,,,,
Area,Rajasthan,Ajmer,Ajmer,Baldev Nagar,1,0,0,1,1,1,,1,High,26.50079,74.63106,"Nosar PO, Ajmer (3.1 km)",0,open map,,
Area,Rajasthan,Ajmer,Ajmer,Bapu Nagar,0,1,0,1,1,1,,,High,26.46263,74.63151,"Hatundi PO, Ajmer (3.3 km)",0,open map,,
Area,Rajasthan,Ajmer,Ajmer,Bhajan Ganj,1,0,0,1,1,0,,,Low,,,,,,,
Area,Rajasthan,Ajmer,Ajmer,Chandra Vardai Nagar,0,1,0,1,1,1,,1,High,26.40609,74.62626,"Dorai PO, Ajmer (1.3 km)",0,open map,,
Area,Rajasthan,Ajmer,Ajmer,Chungi,0,1,0,1,1,1,,1,High,26.45266,74.67214,"Hatundi PO, Ajmer (3.2 km)",0,open map,,
Area,Rajasthan,Ajmer,Ajmer,Dilwari,1,0,0,1,1,1,,1,Low,26.33642,74.72211,"Dilwara PO, Ajmer (3.1 km)",0,open map,,
Area,Rajasthan,Ajmer,Ajmer,Fmrgrr7,1,0,0,1,1,1,,,Low,26.49195,74.67707,"Hatundi PO, Ajmer (2.3 km)",0,open map,,
Area,Rajasthan,Ajmer,Ajmer,Ghooghra,0,1,0,1,1,1,,2,Low,26.51669,74.6838,"Kayar PO, Ajmer (2.0 km)",0,open map,,
Area,Rajasthan,Ajmer,Ajmer,Gmp73Vj,0,1,0,1,1,1,,1,High,26.53532,74.66456,"Kayar PO, Ajmer (2.3 km)",0,open map,,
Area,Rajasthan,Ajmer,Ajmer,Gulab Bari,1,0,0,1,1,0,1,1,Low,,,,,,,
Area,Rajasthan,Ajmer,Ajmer,Hathi Bhata,0,1,0,1,1,1,,1,High,26.43693,74.64525,"Somalpur PO, Ajmer (4.3 km)",0,open map,,
Area,Rajasthan,Ajmer,Ajmer,Kaisar Ganj,1,0,0,1,1,1,,2,High,26.45122,74.63848,"Hatundi PO, Ajmer (3.7 km)",0,open map,,
Area,Rajasthan,Ajmer,Ajmer,Kotra,1,0,0,1,1,1,,1,High,26.47627,74.59648,"Nosar PO, Ajmer (1.5 km)",0,open map,,
Area,Rajasthan,Ajmer,Ajmer,Kundan Nagar,0,1,0,1,1,1,,1,High,26.44879,74.66123,"Hatundi PO, Ajmer (3.4 km)",0,open map,,
Area,Rajasthan,Ajmer,Ajmer,Lohagal,1,0,0,1,1,1,,1,High,26.50453,74.65426,"Hatundi PO, Ajmer (2.8 km)",0,open map,,
Area,Rajasthan,Ajmer,Ajmer,Madarpura,0,1,0,1,1,1,,,Low,26.45303,74.68842,"Rasoolpura PO, Ajmer (3.3 km)",0,open map,,
Area,Rajasthan,Ajmer,Ajmer,Mali Mohalla,0,1,0,1,1,1,,1,High,26.47342,74.63565,"Hatundi PO, Ajmer (2.4 km)",0,open map,,
Area,Rajasthan,Ajmer,Ajmer,New sejan market,1,0,0,1,1,0,,1,Low,,,,,,,
Area,Rajasthan,Ajmer,Ajmer,Pal Bhichala,1,0,0,1,1,1,,2,High,26.44998,74.64528,"Hatundi PO, Ajmer (3.5 km)",0,open map,,
Area,Rajasthan,Ajmer,Ajmer,Rawat Nagar,0,1,0,1,1,1,,1,High,26.46221,74.6094,"Nosar PO, Ajmer (3.0 km)",0,open map,,
Area,Rajasthan,Ajmer,Ajmer,Shreenagar,1,0,0,1,1,1,,,Low,26.4352,74.77952,"Srinagar (Ajmer) PO, Ajmer (0.4 km)",0,open map,,
Area,Rajasthan,Ajmer,Ajmer,Vigyan Nagar,1,0,0,1,1,1,,1,High,26.41351,74.65334,"Sedaria PO, Ajmer (3.1 km)",0,open map,,
Area,Rajasthan,Ajmer,Ajmer,(area not known),3,4,0,7,7,5,1,11,Medium,26.45272,74.64873,"Hatundi PO, Ajmer (3.1 km)",5.8,open map,,
City,Rajasthan,Jodhpur,Jodhpur,,23,51,0,74,69,57,3,56,Medium,26.27755,73.02098,"Jodhpur City PO, Jodhpur (1.8 km)",8.3,open map,,
Area,Rajasthan,Jodhpur,Jodhpur,Sardarpura,5,2,0,7,7,2,2,7,Low,26.28035,73.00719,"Jodhpur City PO, Jodhpur (1.3 km)",0.5,open map,,
Area,Rajasthan,Ganganagar,Jodhpur,Sri Ganganagar,0,6,0,6,6,1,,2,Low,26.28887,73.02732,"Jodhpur BSF Trg Centre PO, Jodhpur (2.1 km)",0,open map,,
Area,Rajasthan,Jodhpur,Jodhpur,Bhadu Market,1,4,0,5,4,5,,2,High,26.23917,72.9637,"Pal PO, Jodhpur (2.0 km)",1.5,open map,,
Area,Rajasthan,Jodhpur,Jodhpur,Paota,3,2,0,5,5,4,,8,High,26.30245,73.03817,"Jodhpur BSF Trg Centre PO, Jodhpur (1.8 km)",0.1,open map,,
Area,Rajasthan,Jodhpur,Jodhpur,Basni,1,3,0,4,4,3,,5,High,26.23487,73.01452,"Jodhpur City PO, Jodhpur (3.8 km)",1.3,open map,,
Area,Rajasthan,Jodhpur,Jodhpur,Rawaton Ka Bass,2,1,0,3,3,3,,2,High,26.28936,73.02349,"Jodhpur BSF Trg Centre PO, Jodhpur (2.5 km)",0.9,open map,,
Area,Rajasthan,Jodhpur,Jodhpur,Sirodi,0,3,0,3,3,2,,2,Medium,26.27395,73.07361,"Jodhpur BSF Trg Centre PO, Jodhpur (3.0 km)",0.2,open map,,
Area,Rajasthan,Jodhpur,Jodhpur,Ashok Nagar,1,1,0,2,1,2,,1,High,26.26114,72.98873,"Jodhpur City PO, Jodhpur (1.9 km)",0,open map,,
Area,Rajasthan,Jodhpur,Jodhpur,DDP Nagar,1,1,0,2,2,2,,,High,26.23005,73.02134,"Jodhpur City PO, Jodhpur (4.5 km)",0,open map,,
Area,Rajasthan,Jodhpur,Jodhpur,Jodhpur City,1,1,0,2,2,2,,,High,26.28009,73.0009,"Jodhpur City PO, Jodhpur (1.4 km)",1.1,open map,,
Area,Rajasthan,Jodhpur,Jodhpur,Lawaran,0,2,0,2,2,2,,3,High,26.30475,73.03551,"Jodhpur BSF Trg Centre PO, Jodhpur (2.1 km)",0.3,open map,,
Area,Rajasthan,Jodhpur,Jodhpur,Maderana Colony,0,2,0,2,2,2,,2,High,26.32147,73.06094,"Jodhpur BSF Trg Centre PO, Jodhpur (3.8 km)",0,open map,,
Area,Rajasthan,Jodhpur,Jodhpur,Madhuban,0,2,0,2,2,2,,,High,26.23497,73.01897,"Jodhpur City PO, Jodhpur (3.9 km)",0,open map,,
Area,Rajasthan,Jodhpur,Jodhpur,Pratap Nagar,2,0,0,2,2,2,,,High,26.28418,73.00548,"Jodhpur City PO, Jodhpur (1.8 km)",1.6,open map,,
Area,Rajasthan,Jodhpur,Jodhpur,Prem Nagar,0,2,0,2,2,2,,2,Low,26.31805,73.10505,"Banar PO, Jodhpur (4.8 km)",0.4,open map,,
Area,Rajasthan,Jodhpur,Jodhpur,Rawat Nagar,0,2,0,2,2,1,1,4,Medium,26.31789,73.05602,"Jodhpur BSF Trg Centre PO, Jodhpur (3.2 km)",0,open map,,
Area,Rajasthan,Jodhpur,Jodhpur,Akhaliya Vikas Yojana,0,1,0,1,1,1,,2,High,26.27872,72.99124,"Jodhpur City PO, Jodhpur (1.9 km)",0,open map,,
Area,Rajasthan,Jodhpur,Jodhpur,Baldev Nagar,0,1,0,1,1,1,,,High,26.2939,73.03962,"Jodhpur BSF Trg Centre PO, Jodhpur (1.0 km)",0,open map,,
Area,Rajasthan,Jodhpur,Jodhpur,Industrial Area,1,0,0,1,1,1,,1,High,26.30596,73.03784,"Jodhpur BSF Trg Centre PO, Jodhpur (2.1 km)",0,open map,,
Area,Rajasthan,Jodhpur,Jodhpur,Jhalamand,0,1,0,1,1,1,,,High,26.22923,73.03871,"Jhalamand PO, Jodhpur (3.6 km)",0,open map,,
Area,Rajasthan,Jodhpur,Jodhpur,Jodhpur BSF Trg Centre,0,1,0,1,1,1,,,High,26.2939,73.03962,"Jodhpur BSF Trg Centre PO, Jodhpur (1.0 km)",0,open map,,
Area,Rajasthan,Jodhpur,Jodhpur,Keshavnagar,1,0,0,1,1,1,,1,High,26.25406,72.98158,"Jodhpur City PO, Jodhpur (2.9 km)",0,open map,,
Area,Rajasthan,Jodhpur,Jodhpur,Meera Nagar,0,1,0,1,1,1,,,High,26.22509,73.03966,"Jhalamand PO, Jodhpur (3.3 km)",0,open map,,
Area,Rajasthan,Jodhpur,Jodhpur,Milkman Colony,0,1,0,1,1,1,,,High,26.2595,72.98708,"Jodhpur City PO, Jodhpur (2.1 km)",0,open map,,
Area,Rajasthan,Jodhpur,Jodhpur,Nandri,0,1,0,1,1,1,,1,High,26.31584,73.10047,"Banar PO, Jodhpur (5.3 km)",0,open map,,
Area,Rajasthan,Jodhpur,Jodhpur,Sangriya,0,1,0,1,1,1,,,High,26.195,72.99988,"Sangaria (Jodhpur) PO, Jodhpur (2.7 km)",0,open map,,
Area,Rajasthan,Jodhpur,Jodhpur,Saran Nagar,0,1,0,1,1,1,,1,High,26.30966,73.08766,"Jodhpur BSF Trg Centre PO, Jodhpur (4.5 km)",0,open map,,
Area,Rajasthan,Jodhpur,Jodhpur,Shastri Nagar,0,1,0,1,1,1,,,High,26.26318,72.99053,"Jodhpur City PO, Jodhpur (1.6 km)",0,open map,,
Area,Rajasthan,Jodhpur,Jodhpur,Surya Colony,0,1,0,1,1,1,,1,High,26.25708,73.01714,"Jodhpur City PO, Jodhpur (1.7 km)",0,open map,,
Area,Rajasthan,Jodhpur,Jodhpur,UIT Colony,0,1,0,1,1,1,,1,High,26.25401,72.96582,"Pal PO, Jodhpur (3.7 km)",0,open map,,
Area,Rajasthan,Jodhpur,Jodhpur,(area not known),4,5,0,9,6,6,,3,Medium,26.25671,73.01965,"Jodhpur City PO, Jodhpur (1.9 km)",9.3,open map,,
City,Rajasthan,Kota,Kota,,30,36,0,66,57,55,1,45,High,25.17074,75.84819,"Kaithuni Pole Kota PO, Kota (1.6 km)",5.7,open map,,
Area,Rajasthan,Kota,Kota,Electricity Board Area,10,8,0,18,14,17,1,10,High,25.19919,75.83884,"Kaithuni Pole Kota PO, Kota (1.9 km)",1.2,open map,,
Area,Rajasthan,Jhalawar (also Kota),Kota,Rampura,4,2,0,6,6,5,,5,High,25.16969,75.84958,"Kaithuni Pole Kota PO, Kota (1.8 km)",0.1,open map,,
Area,Rajasthan,Kota,Kota,Rangbari,4,2,0,6,5,6,,4,High,25.13062,75.84667,"Kaithuni Pole Kota PO, Kota (5.8 km)",1.2,open map,,
Area,Rajasthan,Kota,Kota,Gumanpura,3,2,0,5,5,3,,8,Medium,25.17074,75.84957,"Kaithuni Pole Kota PO, Kota (1.7 km)",0.2,open map,,
Area,Rajasthan,Kota,Kota,Bhimganj Mandi,1,3,0,4,4,3,,4,High,25.22264,75.8779,"Tirath PO, Bundi (3.5 km)",0.1,open map,,
Area,Rajasthan,Kota,Kota,Mahaveer Nagar,1,3,0,4,4,4,,5,High,25.13776,75.83804,"Kaithuni Pole Kota PO, Kota (5.0 km)",0.4,open map,,
Area,Rajasthan,Kota,Kota,Chawani,0,3,0,3,3,2,,1,Medium,25.15863,75.87267,"Kaithuni Pole Kota PO, Kota (4.3 km)",2.5,open map,,
Area,Rajasthan,Kota,Kota,Anantpura,0,2,0,2,2,2,,2,High,25.12012,75.85929,"Kaithuni Pole Kota PO, Kota (7.2 km)",0,open map,,
Area,Rajasthan,Kota,Kota,Kaithuni Pole Kota,1,1,0,2,2,2,,,High,25.17228,75.85134,"Kaithuni Pole Kota PO, Kota (1.7 km)",0,open map,,
Area,Rajasthan,Kota,Kota,Kota Industrial Area,1,1,0,2,1,2,,,High,25.14337,75.88697,"Kaithuni Pole Kota PO, Kota (6.5 km)",0,open map,,
Area,Rajasthan,Kota,Kota,Nayapura,1,1,0,2,2,1,,2,Medium,25.19216,75.84966,"Kaithuni Pole Kota PO, Kota (1.5 km)",0,open map,,
Area,Rajasthan,Kota,Kota,Talwandi,0,2,0,2,2,2,,,High,25.14772,75.87204,"Kaithuni Pole Kota PO, Kota (5.1 km)",1.6,open map,,
Area,Rajasthan,Kota,Kota,Dadwara,0,1,0,1,1,1,,1,High,25.22444,75.87741,"Tirath PO, Bundi (3.3 km)",0,open map,,
Area,Rajasthan,Kota,Kota,Dhanmandi,0,1,0,1,1,1,,,High,25.16937,75.8506,"Kaithuni Pole Kota PO, Kota (1.9 km)",0,open map,,
Area,Rajasthan,Kota,Kota,Indraprastha Industrial Area,0,1,0,1,1,1,,,High,25.1315,75.85487,"Kaithuni Pole Kota PO, Kota (5.9 km)",0,open map,,
Area,Rajasthan,Kota,Kota,Railway Station Area,0,1,0,1,1,1,,,High,25.22263,75.87773,"Tirath PO, Bundi (3.5 km)",0,open map,,
Area,Rajasthan,Kota,Kota,Shrinath Puram,1,0,0,1,1,1,,1,High,25.13154,75.83536,"Kaithuni Pole Kota PO, Kota (5.7 km)",0,open map,,
Area,Rajasthan,Kota,Kota,(area not known),3,2,0,5,2,1,,,Low,25.1397,75.83796,"Kaithuni Pole Kota PO, Kota (4.8 km)",0,open map,,
City,Rajasthan,Bhilwara,Bhilwara,,19,14,0,33,28,29,,24,High,25.34728,74.6346,"Palri PO, Bhilwara (3.7 km)",1.3,open map,,
Area,Rajasthan,Bhilwara,Bhilwara,Bhopal Ganj,13,7,0,20,16,17,,10,High,25.34825,74.63464,"Palri PO, Bhilwara (3.6 km)",0.5,open map,,
Area,Rajasthan,Bhilwara,Bhilwara,Pratap Nagar,0,3,0,3,3,3,,3,High,25.337,74.62388,"Biliya PO, Bhilwara (3.5 km)",0.1,open map,,
Area,Rajasthan,Bhilwara,Bhilwara,Shastri Nagar,2,1,0,3,3,3,,2,High,25.33979,74.64078,"Palri PO, Bhilwara (4.5 km)",0.1,open map,,
Area,Rajasthan,Bhilwara,Bhilwara,Azad Nagar,1,1,0,2,2,2,,4,High,25.32987,74.62695,"Biliya PO, Bhilwara (3.7 km)",1.1,open map,,
Area,Rajasthan,Bhilwara,Bhilwara,Chandrashekar Azad Nagar,0,1,0,1,1,1,,1,High,25.33643,74.63134,"Biliya PO, Bhilwara (4.2 km)",0,open map,,
Area,Rajasthan,Bhilwara,Bhilwara,R K Colony,1,0,0,1,1,1,,2,High,25.35846,74.63153,"Palri PO, Bhilwara (2.6 km)",0,open map,,
Area,Rajasthan,Bhilwara,Bhilwara,Sanjay Colony,1,0,0,1,1,1,,1,High,25.34923,74.6472,"Palri PO, Bhilwara (3.4 km)",0,open map,,
Area,Rajasthan,Bhilwara,Bhilwara,(area not known),1,1,0,2,1,1,,,Medium,25.34466,74.63505,"Palri PO, Bhilwara (4.0 km)",0,open map,,
City,Rajasthan,Chittorgarh,Chittorgarh,,7,18,0,25,21,19,1,17,High,24.88882,74.62377,"Gosunda PO, Chittorgarh (9.6 km)",1.7,open map,,
Area,Rajasthan,Chittorgarh,Chittorgarh,Pratap Nagar,1,3,0,4,3,3,,1,High,24.87583,74.61931,"Gosunda PO, Chittorgarh (8.7 km)",0.2,open map,,
Area,Rajasthan,Chittorgarh,Chittorgarh,Shastri Nagar,0,3,0,3,3,3,,3,High,24.89028,74.62366,"Gosunda PO, Chittorgarh (9.7 km)",0,open map,,
Area,Rajasthan,Chittorgarh,Chittorgarh,Chandan Pura,0,2,0,2,2,2,,2,High,24.89067,74.63423,"Gosunda PO, Chittorgarh (10.7 km)",0.2,open map,,
Area,Rajasthan,Chittorgarh,Chittorgarh,Kailash Nagar,1,1,0,2,2,1,1,2,Medium,24.88186,74.62777,"Gosunda PO, Chittorgarh (9.8 km)",0,open map,,
Area,Rajasthan,Chittorgarh,Chittorgarh,Krishna Colony,1,1,0,2,2,2,,1,High,24.88256,74.62875,"Gosunda PO, Chittorgarh (9.9 km)",0,open map,,
Area,Rajasthan,Chittorgarh,Chittorgarh,Ashapura,0,1,0,1,1,1,,1,High,24.89354,74.62414,"Gosunda PO, Chittorgarh (9.9 km)",0,open map,,
Area,Rajasthan,Chittorgarh,Chittorgarh,Bapu Nagar,0,1,0,1,1,1,,1,High,24.88928,74.62377,"Gosunda PO, Chittorgarh (9.7 km)",0,open map,,
Area,Rajasthan,Chittorgarh,Chittorgarh,Bapu Nagar Senthri East,0,1,0,1,1,1,,1,High,24.86639,74.61394,"Gosunda PO, Chittorgarh (8.0 km)",0,open map,,
Area,Rajasthan,Chittorgarh,Chittorgarh,Gandhi Nagar,0,1,0,1,1,1,,1,High,24.88882,74.63367,"Gosunda PO, Chittorgarh (10.6 km)",0,open map,,
Area,Rajasthan,Chittorgarh,Chittorgarh,Meera Nagar,1,0,0,1,1,1,,,High,24.88928,74.62377,"Gosunda PO, Chittorgarh (9.7 km)",0,open map,,
Area,Rajasthan,Chittorgarh,Chittorgarh,Nehru Bazar,0,1,0,1,1,1,,1,High,24.89017,74.63382,"Gosunda PO, Chittorgarh (10.6 km)",0,open map,,
Area,Rajasthan,Chittorgarh,Chittorgarh,Rajeev Colony,0,1,0,1,1,1,,1,High,24.88814,74.62361,"Gosunda PO, Chittorgarh (9.6 km)",0,open map,,
Area,Rajasthan,Chittorgarh,Chittorgarh,Senthi Purani Abadi,0,1,0,1,1,0,,1,Low,,,,,,,
Area,Rajasthan,Chittorgarh,Chittorgarh,(area not known),3,1,0,4,1,1,,,Low,24.86549,74.61291,"Gosunda PO, Chittorgarh (7.9 km)",0,open map,,
City,Rajasthan,Ajmer,Kishangarh,,12,9,0,21,20,13,2,14,Medium,26.58901,74.84812,"Untra PO, Ajmer (7.5 km)",3.4,open map,,
Area,Rajasthan,Ajmer,Kishangarh,Madanganj,5,2,0,7,7,3,2,5,Medium,26.58722,74.85505,"Untra PO, Ajmer (8.2 km)",0.6,open map,,
Area,Rajasthan,Ajmer,Kishangarh,Gandhi Nagar,1,3,0,4,4,3,,3,High,26.59388,74.84812,"Untra PO, Ajmer (7.6 km)",0,open map,,
Area,Rajasthan,Ajmer,Kishangarh,Adarsh Nagar,1,1,0,2,2,1,,1,Medium,26.57861,74.84111,"Untra PO, Ajmer (6.9 km)",0,open map,,
Area,Rajasthan,Ajmer,Kishangarh,Dhani Rathoran,0,1,0,1,1,1,,1,High,26.59613,74.84541,"Untra PO, Ajmer (7.4 km)",0,open map,,
Area,Rajasthan,Ajmer,Kishangarh,Gujjar Mohalla,0,1,0,1,1,0,,,Low,,,,,,,
Area,Rajasthan,Ajmer,Kishangarh,Mahanton Ka Mohalla,1,0,0,1,1,1,,1,High,26.5672,74.87176,"Barna PO, Ajmer (8.0 km)",0,open map,,
Area,Rajasthan,Ajmer,Kishangarh,RICCO Industrial Area,1,0,0,1,1,1,,,High,26.60261,74.85879,"Khatoli PO, Ajmer (8.3 km)",0,open map,,
Area,Rajasthan,Ajmer,Kishangarh,RoadRajasthan,1,0,0,1,1,1,,,High,26.58933,74.86184,"Untra PO, Ajmer (8.9 km)",0,open map,,
Area,Rajasthan,Ajmer,Kishangarh,(area not known),2,1,0,3,2,2,,2,Medium,26.56147,74.82859,"Bubani PO, Ajmer (5.0 km)",0.1,open map,,
City,Rajasthan,Tonk,Tonk,,6,11,0,17,16,17,,14,High,26.17116,75.80255,"Sonwa PO, Tonk (8.8 km)",1.7,open map,,
Area,Rajasthan,Tonk,Tonk,Kha Ngar,1,5,0,6,5,6,,3,High,26.17103,75.8029,"Sonwa PO, Tonk (8.8 km)",0.4,open map,,
Area,Rajasthan,Tonk,Tonk,Subhash Bazar,3,0,0,3,3,3,,3,High,26.17198,75.78732,"Sonwa PO, Tonk (8.7 km)",0,open map,,
Area,Rajasthan,Tonk,Tonk,Adarsh Nagar,0,2,0,2,2,2,,2,High,26.14936,75.77577,"Sonwa PO, Tonk (6.3 km)",0,open map,,
Area,Rajasthan,Tonk,Tonk,Kali Paltan,1,1,0,2,2,2,,2,High,26.17595,75.81023,"Sonwa PO, Tonk (9.4 km)",0.5,open map,,
Area,Rajasthan,Tonk,Tonk,Khandelwal,0,1,0,1,1,1,,1,High,26.17622,75.80945,"Sonwa PO, Tonk (9.5 km)",0,open map,,
Area,Rajasthan,Tonk,Tonk,Maratha Colony,0,1,0,1,1,1,,1,High,26.17428,75.8066,"Sonwa PO, Tonk (9.2 km)",0,open map,,
Area,Rajasthan,Tonk,Tonk,Rajban,1,0,0,1,1,1,,1,High,26.16661,75.7864,"Sonwa PO, Tonk (8.1 km)",0,open map,,
Area,Rajasthan,Tonk,Tonk,Saadat Ganj,0,1,0,1,1,1,,1,High,26.16921,75.78684,"Sonwa PO, Tonk (8.4 km)",0,open map,,
City,Rajasthan,Ajmer,Beawar,,6,8,0,14,11,11,2,9,High,26.10212,74.31227,"Balad PO, Ajmer (4.9 km)",1.7,open map,,
Area,Rajasthan,Ajmer,Beawar,Vidya Nagar,2,2,0,4,4,4,,3,High,26.10086,74.31075,"Balad PO, Ajmer (5.0 km)",0.2,open map,,
Area,Rajasthan,Ajmer,Beawar,Kisan Ganj,2,1,0,3,2,3,,1,High,26.10565,74.31237,"Balad PO, Ajmer (5.2 km)",0,open map,,
Area,Rajasthan,Ajmer,Beawar,Bank Colony,1,0,0,1,0,0,1,,Low,,,,,,,
Area,Rajasthan,Ajmer,Beawar,Gayatri Nagar,0,1,0,1,1,1,,1,High,26.1198,74.33665,"Sarmalia PO, Ajmer (4.1 km)",0,open map,,
Area,Rajasthan,Ajmer,Beawar,Krishna Colony,0,1,0,1,1,0,,,Low,,,,,,,
Area,Rajasthan,Ajmer,Beawar,Moti Nagar,0,1,0,1,1,1,,1,High,26.09236,74.29855,"Ramawas PO, Pali (5.2 km)",0,open map,,
Area,Rajasthan,Ajmer,Beawar,Neharu Nagar,0,1,0,1,1,1,,,High,26.10095,74.31781,"Balad PO, Ajmer (4.4 km)",0,open map,,
Area,Rajasthan,Ajmer,Beawar,R.K. Colony,0,1,0,1,1,1,,1,High,26.10574,74.31227,"Balad PO, Ajmer (5.2 km)",0,open map,,
Area,Rajasthan,Ajmer,Beawar,Shahpura Mohalla,1,0,0,1,0,0,1,,Low,,,,,,,
City,Rajasthan,Barmer,Barmer,,8,6,0,14,12,11,,9,High,25.73695,71.39454,"Rawatsar (Barmer) PO, Barmer (22.7 km)",1.2,open map,,
Area,Rajasthan,Barmer,Barmer,Jatiyon Ka Bas,4,1,0,5,4,5,,2,High,25.73689,71.39447,"Rawatsar (Barmer) PO, Barmer (22.7 km)",0.1,open map,,
Area,Rajasthan,Barmer,Barmer,Kothwali,0,2,0,2,2,1,,1,Medium,25.74581,71.39428,"Rawatsar (Barmer) PO, Barmer (22.8 km)",0,open map,,
Area,Rajasthan,Barmer,Barmer,Shastri Nagar,2,0,0,2,2,2,,2,High,25.73702,71.39983,"Rawatsar (Barmer) PO, Barmer (22.2 km)",0.4,open map,,
Area,Rajasthan,Barmer,Barmer,BSNL Colony,0,1,0,1,1,1,,1,High,25.75301,71.41417,"Rawatsar (Barmer) PO, Barmer (20.9 km)",0,open map,,
Area,Rajasthan,Barmer,Barmer,Dangriya,1,0,0,1,1,1,,1,High,25.73803,71.40607,"Rawatsar (Barmer) PO, Barmer (21.5 km)",0,open map,,
Area,Rajasthan,Barmer,Barmer,Kalyanpura,0,1,0,1,1,1,,1,High,25.74019,71.39568,"Rawatsar (Barmer) PO, Barmer (22.6 km)",0,open map,,
Area,Rajasthan,Barmer,Barmer,Nehru Nagar,0,1,0,1,1,0,,1,Low,,,,,,,
Area,Rajasthan,Barmer,Barmer,(area not known),1,0,0,1,0,0,,,Low,,,,,,,
City,Rajasthan,Jaipur,Chomu,,4,10,0,14,14,11,2,13,Medium,27.14882,75.72715,"Chomu PO, Jaipur (2.3 km)",15.4,open map,,
Area,Rajasthan,Jaipur,Chomu,Naya BaJar,2,4,0,6,6,4,2,3,Medium,27.1656,75.72268,"Chomu PO, Jaipur (0.4 km)",0.6,open map,,
Area,Rajasthan,Jaipur,Chomu,Magadh Nagar,1,1,0,2,2,2,,1,High,27.14711,75.72837,"Chomu PO, Jaipur (2.6 km)",0.2,open map,,
Area,Rajasthan,Jaipur,Chomu,Dholi Mandi,0,1,0,1,1,0,,1,Low,,,,,,,
Area,Rajasthan,Jaipur,Chomu,Sarna Doongar,0,1,0,1,1,1,,,Low,27.01121,75.71348,"Chatarpura PO, Jaipur (6.2 km)",0,open map,,
Area,Rajasthan,Jaipur,Chomu,(area not known),1,3,0,4,4,4,,6,High,27.14875,75.72787,"Chomu PO, Jaipur (2.4 km)",0.3,open map,,
City,Rajasthan,Sikar,Reengus,,1,10,0,11,10,11,,14,Medium,27.36761,75.57936,"Ringas PO, Sikar (1.2 km)",10.4,open map,,
Area,Rajasthan,Sikar,Reengus,Ringas,1,5,0,6,5,6,,6,High,27.36757,75.57474,"Ringas PO, Sikar (0.8 km)",0.7,open map,,
Area,Rajasthan,Sikar,Reengus,Dheerajpura,0,3,0,3,3,3,,,Low,27.36796,75.57958,"Ringas PO, Sikar (1.2 km)",0,open map,,
Area,Rajasthan,Jaipur,Reengus,Dhodhsar,0,1,0,1,1,1,,2,Low,27.28368,75.62667,"Govindgarh (Jaipur) PO, Jaipur (4.7 km)",0,open map,,
Area,Rajasthan,Sikar,Reengus,(area not known),0,1,0,1,1,1,,1,High,27.14455,75.62941,"Sirsali PO, Jaipur (3.7 km)",0,open map,,
City,Rajasthan,Sikar,Sikar,,1,10,0,11,11,11,,8,High,27.62377,75.16107,"Katrathal PO, Sikar (7.6 km)",1.9,open map,,
Area,Rajasthan,Sikar,Sikar,Jat Colony,0,5,0,5,5,5,,3,High,27.62279,75.15613,"Katrathal PO, Sikar (7.9 km)",0.2,open map,,
Area,Rajasthan,Sikar,Sikar,New Janta Colony,0,3,0,3,3,3,,2,High,27.62377,75.16535,"Katrathal PO, Sikar (7.5 km)",0,open map,,
Area,Rajasthan,Sikar,Sikar,Jaldhari Nagar,0,2,0,2,2,2,,,High,27.4987,75.38235,"Palsana (Sikar) PO, Sikar (2.0 km)",24.6,open map,,
Area,Rajasthan,Sikar,Sikar,Samrathpura Rural,1,0,0,1,1,1,,,High,27.62537,75.15636,"Katrathal PO, Sikar (7.6 km)",0,open map,,
City,Rajasthan,Pali,Pali,,3,7,0,10,8,7,,9,Medium,25.77451,73.3234,"Hemawas PO, Pali (8.1 km)",1.9,open map,,
Area,Rajasthan,Pali,Pali,Keshav Nagar,0,3,0,3,3,3,,3,High,25.75838,73.32373,"Hemawas PO, Pali (6.4 km)",0.1,open map,,
Area,Rajasthan,Pali,Pali,Sardar Patel Nagar,0,2,0,2,2,1,,1,Medium,25.79005,73.32143,"Giradra PO, Pali (9.3 km)",0,open map,,
Area,Rajasthan,Pali,Pali,Gandhi Colony,0,1,0,1,1,1,,2,High,25.78784,73.32896,"Hemawas PO, Pali (9.5 km)",0,open map,,
Area,Rajasthan,Pali,Pali,Mahaveer Nagar,1,0,0,1,1,1,,1,High,25.77451,73.31904,"Hemawas PO, Pali (8.2 km)",0,open map,,
Area,Rajasthan,Pali,Pali,(area not known),2,1,0,3,1,1,,1,Low,25.79096,73.31879,"Giradra PO, Pali (9.1 km)",0,open map,,
City,Rajasthan,Alwar,Alwar,,2,6,1,9,8,6,2,6,Medium,27.56377,76.60509,"Diwakari PO, Alwar (5.4 km)",2,open map,,
Area,Rajasthan,Alwar,Alwar,Jawali Bhawan Colony,1,2,0,3,3,1,1,1,Low,27.56381,76.621,"Diwakari PO, Alwar (3.9 km)",0,open map,,
Area,Rajasthan,Alwar,Alwar,Munshi Bagh,1,2,0,3,3,2,1,1,Medium,27.56729,76.60509,"Diwakari PO, Alwar (5.5 km)",0,open map,,
Area,Rajasthan,Alwar,Alwar,Aravali Vihar,0,2,0,2,2,2,,1,High,27.54156,76.59773,"Diwakari PO, Alwar (6.3 km)",0.6,open map,,
Area,Rajasthan,Alwar,Alwar,Indira Colony,0,0,1,1,0,1,,,High,27.56373,76.62072,"Diwakari PO, Alwar (3.9 km)",0,open map,,
City,Rajasthan,Ajmer,Bijainagar,,1,8,0,9,9,7,,8,High,25.92746,74.64512,"Bijainagar PO, Ajmer (0.5 km)",1,open map,,
Area,Rajasthan,Ajmer,Bijainagar,Sathana Bazaar,0,1,0,1,1,0,,,Low,,,,,,,
Area,Rajasthan,Ajmer,Bijainagar,nearby Goyal hospital,0,1,0,1,1,1,,1,High,25.92573,74.65195,"Bijainagar PO, Ajmer (0.5 km)",0,open map,,
Area,Rajasthan,Ajmer,Bijainagar,(area not known),1,6,0,7,7,6,,6,High,25.92768,74.64129,"Bijainagar PO, Ajmer (0.8 km)",0.7,open map,,
City,Rajasthan,Hanumangarh,Hanumangarh,,0,9,0,9,9,0,,,Low,,,,,,,
Area,Rajasthan,Hanumangarh,Hanumangarh,Bhatta Colony,0,2,0,2,2,0,,,Low,,,,,,,
Area,Rajasthan,Hanumangarh,Hanumangarh,Dhan Mandi,0,2,0,2,2,0,,,Low,,,,,,,
Area,Rajasthan,Hanumangarh,Hanumangarh,Mukherjee Colony,0,2,0,2,2,0,,,Low,,,,,,,
Area,Rajasthan,Hanumangarh,Hanumangarh,Durga Colony,0,1,0,1,1,0,,,Low,,,,,,,
Area,Rajasthan,Hanumangarh,Hanumangarh,Puran Nagar,0,1,0,1,1,0,,,Low,,,,,,,
Area,Rajasthan,Hanumangarh,Hanumangarh,(area not known),0,1,0,1,1,0,,,Low,,,,,,,
City,Rajasthan,Jaipur,Renwal,,6,2,0,8,7,8,,5,Medium,27.15505,75.35899,"Kishangarh Renwal PO, Jaipur (0.3 km)",1.1,open map,,
Area,Rajasthan,Jaipur,Renwal,Kishangarh Renwal,6,1,0,7,6,7,,3,Medium,27.15517,75.35918,"Kishangarh Renwal PO, Jaipur (0.3 km)",0.5,open map,,
Area,Rajasthan,Jaipur,Renwal,Mandha Bhimsingh,0,1,0,1,1,1,,1,Low,27.06743,75.33052,"Bhaislana PO, Jaipur (3.7 km)",0,open map,,
City,Rajasthan,Bundi,Bundi,,1,6,0,7,6,7,,4,Medium,25.43912,75.64099,"Balapura PO, Bundi (5.4 km)",0.3,open map,,
Area,Rajasthan,Bundi,Bundi,Teerath,0,3,0,3,3,3,,3,Medium,25.4414,75.64162,"Thikarda PO, Bundi (5.2 km)",0.1,open map,,
Area,Rajasthan,Bundi,Bundi,Vikasnagar,0,2,0,2,2,2,,,High,25.43827,75.63831,"Thikarda PO, Bundi (5.5 km)",0.1,open map,,
Area,Rajasthan,Ajmer,Bundi,Kabir Nagar,1,0,0,1,0,1,,,Low,25.43912,75.63852,"Thikarda PO, Bundi (5.4 km)",0,open map,,
Area,Rajasthan,Bundi,Bundi,(area not known),0,1,0,1,1,1,,1,Low,25.43792,75.64883,"Balapura PO, Bundi (4.6 km)",0,open map,,
City,Rajasthan,Jaipur,Bassi,,0,6,0,6,6,6,,6,High,26.84224,76.05158,"Kanota PO, Jaipur (10.7 km)",1.1,open map,,
Area,Rajasthan,Jaipur,Bassi,Bassi Mod,0,1,0,1,1,1,,1,High,26.85729,76.05328,"Nayla PO, Jaipur (10.5 km)",0,open map,,
Area,Rajasthan,Jaipur,Bassi,Bassi Phatak,0,1,0,1,1,1,,1,High,26.84624,76.05153,"Kanota PO, Jaipur (10.6 km)",0,open map,,
Area,Rajasthan,Jaipur,Bassi,(area not known),0,4,0,4,4,4,,4,High,26.83582,76.05158,"Kanota PO, Jaipur (11.0 km)",0.4,open map,,
City,Rajasthan,Barmer,Balotra,,4,2,0,6,5,5,1,5,High,25.82367,72.24521,"Balotra PO, Barmer (1.1 km)",1.9,open map,,
Area,Rajasthan,Barmer,Balotra,Ganesh,0,1,0,1,1,1,,,High,25.82353,72.24515,"Balotra PO, Barmer (1.1 km)",0,open map,,
Area,Rajasthan,Barmer,Balotra,(area not known),4,1,0,5,4,4,1,4,High,25.83179,72.24766,"Balotra PO, Barmer (0.8 km)",1,open map,,
City,Rajasthan,Nagaur,Merta,,6,0,0,6,6,5,,6,High,26.65175,74.03333,"Merta PO, Nagaur (0.4 km)",0.8,open map,,
Area,Rajasthan,Nagaur,Merta,Baldev Nagar colony,1,0,0,1,1,1,,2,High,26.65175,74.02844,"Merta PO, Nagaur (0.7 km)",0,open map,,
Area,Rajasthan,Nagaur,Merta,M22Rfjv,1,0,0,1,1,1,,1,High,26.65124,74.04155,"Merta PO, Nagaur (0.8 km)",0,open map,,
Area,Rajasthan,Nagaur,Merta,(area not known),4,0,0,4,4,3,,3,High,26.65189,74.03333,"Merta PO, Nagaur (0.4 km)",0.4,open map,,
City,Rajasthan,Jhalawar,Jhalrapatan,,1,4,0,5,4,4,,4,High,24.53568,76.17465,"Govindpura PO, Jhalawar (4.1 km)",0.4,open map,,
Area,Rajasthan,Jhalawar,Jhalrapatan,(area not known),1,4,0,5,4,4,,3,High,24.53568,76.17465,"Govindpura PO, Jhalawar (4.1 km)",0.4,open map,,
City,Rajasthan,Ajmer,Nasirabad,,1,3,0,4,4,4,,4,High,26.29733,74.7344,"Dilwara PO, Ajmer (3.0 km)",0.2,open map,,
Area,Rajasthan,Ajmer,Nasirabad,Ram Dayal Mohalla,0,1,0,1,1,1,,1,High,26.29564,74.7343,"Dilwara PO, Ajmer (3.2 km)",0,open map,,
Area,Rajasthan,Ajmer,Nasirabad,(area not known),1,2,0,3,3,3,,3,High,26.29765,74.73449,"Dilwara PO, Ajmer (3.0 km)",0.1,open map,,
City,Rajasthan,Bhilwara,Mandal,,2,2,0,4,4,4,,4,High,25.44274,74.57626,"Mandal (Bhilwara) PO, Bhilwara (0.7 km)",0.6,open map,,
Area,Rajasthan,Bhilwara,Mandal,Chwc8Pm,1,1,0,2,2,2,,2,High,25.44612,74.57176,"Mandal (Bhilwara) PO, Bhilwara (0.6 km)",0,open map,,
Area,Rajasthan,Bhilwara,Mandal,Mandal (Bhilwara),0,1,0,1,1,1,,1,High,25.43939,74.58075,"Mandal (Bhilwara) PO, Bhilwara (1.1 km)",0,open map,,
Area,Rajasthan,Bhilwara,Mandal,Raneegpura,1,0,0,1,1,1,,,Low,25.43562,74.60049,"Santokpura PO, Bhilwara (1.0 km)",0,open map,,
City,Rajasthan,Ajmer,Pushkar,,1,3,0,4,4,3,,2,High,26.493,74.55518,"Pushkar PO, Ajmer (0.4 km)",0,open map,,
Area,Rajasthan,Ajmer,Pushkar,(area not known),1,3,0,4,4,3,,1,High,26.493,74.55518,"Pushkar PO, Ajmer (0.4 km)",0,open map,,
City,Rajasthan,Ajmer,Bandanwara,,4,0,0,4,4,2,,1,Medium,26.12326,74.69741,"Bandanwara PO, Ajmer (1.0 km)",0.5,open map,,
Area,Rajasthan,Ajmer,Bandanwara,(area not known),4,0,0,4,4,2,,1,Medium,26.12326,74.69741,"Bandanwara PO, Ajmer (1.0 km)",0.5,open map,,
City,Rajasthan,Udaipur,Udaipur,,0,3,0,3,3,2,,10,Medium,24.56775,73.70028,"Sisarma PO, Udaipur (4.5 km)",0.9,open map,,
Area,Rajasthan,Udaipur,Udaipur,Central Area,0,1,0,1,1,1,,,High,24.56009,73.70096,"Sisarma PO, Udaipur (4.7 km)",0,open map,,
Area,Rajasthan,Udaipur,Udaipur,(area not known),0,2,0,2,2,1,,,Medium,24.57541,73.69959,"Sisarma PO, Udaipur (4.5 km)",0,open map,,
City,Rajasthan,Jaipur,Bagru,,1,2,0,3,2,3,,2,High,26.8221,75.54357,"Bagru PO, Jaipur (1.3 km)",0.1,open map,,
Area,Rajasthan,Jaipur,Bagru,Adarsh Colony,0,1,0,1,1,1,,,High,26.82151,75.54357,"Bagru PO, Jaipur (1.2 km)",0,open map,,
Area,Rajasthan,Jaipur,Bagru,Bindayaka.,1,0,0,1,0,1,,,High,26.92115,75.66081,"Bindayaka. PO, Jaipur (0.6 km)",0,open map,,
Area,Rajasthan,Jaipur,Bagru,RIICO Industrial Area,0,1,0,1,1,1,,1,High,26.8221,75.54351,"Bagru PO, Jaipur (1.3 km)",0,open map,,
City,Rajasthan,Ajmer,Pisangan,,2,1,0,3,3,3,,4,High,26.3899,74.37994,"Pisangan PO, Ajmer (0.2 km)",0,open map,,
Area,Rajasthan,Ajmer,Pisangan,(area not known),2,1,0,3,3,3,,3,High,26.3899,74.37994,"Pisangan PO, Ajmer (0.2 km)",0,open map,,
City,Rajasthan,Pali,Jaitaran,,1,2,0,3,3,3,,3,Medium,26.19843,73.93978,"Jaitaran PO, Pali (0.7 km)",0.4,open map,,
Area,Rajasthan,Pali,Jaitaran,Jhujanda,0,1,0,1,1,1,,1,High,26.19843,73.93836,"Jaitaran PO, Pali (0.7 km)",0,open map,,
Area,Rajasthan,Pali,Jaitaran,Nimaaj,1,0,0,1,1,1,,1,Low,26.15038,74.00381,"Nimaj PO, Pali (0.3 km)",0,open map,,
Area,Rajasthan,Pali,Jaitaran,(area not known),0,1,0,1,1,1,,1,High,26.20191,73.93978,"Jaitaran PO, Pali (0.4 km)",0,open map,,
City,Rajasthan,Nagaur,Parbatsar,,0,3,0,3,3,3,,3,High,26.88677,74.76583,"Parbatsar PO, Nagaur (0.1 km)",0.1,open map,,
Area,Rajasthan,Nagaur,Parbatsar,Gandhi Chowk,0,1,0,1,1,1,,1,High,26.88677,74.76583,"Parbatsar PO, Nagaur (0.1 km)",0,open map,,
Area,Rajasthan,Nagaur,Parbatsar,(area not known),0,2,0,2,2,2,,1,High,26.88228,74.76795,"Parbatsar PO, Nagaur (0.5 km)",0.6,open map,,
City,Rajasthan,Ganganagar,Sri Ganganagar,,0,3,0,3,3,0,,,Low,,,,,,,
Area,Rajasthan,Ganganagar,Sri Ganganagar,Old Dhan Mandi,0,2,0,2,2,0,,,Low,,,,,,,
Area,Rajasthan,Ganganagar,Sri Ganganagar,Jawahar Nagar,0,1,0,1,1,0,,,Low,,,,,,,
City,Rajasthan,Tonk,Deoli,,0,2,0,2,2,2,,1,High,25.75965,75.37896,"Deoli PO, Tonk (0.3 km)",0.2,open map,,
Area,Rajasthan,Tonk,Deoli,(area not known),0,2,0,2,2,2,,1,High,25.75965,75.37896,"Deoli PO, Tonk (0.3 km)",0.2,open map,,
City,Rajasthan,Jaipur,Kookas,,1,1,0,2,2,1,,1,Medium,27.04136,75.895,"Natata PO, Jaipur (3.0 km)",0,open map,,
Area,Rajasthan,Jaipur,Kookas,Sai Dham Colony,1,0,0,1,1,0,,,Low,,,,,,,
Area,Rajasthan,Jaipur,Kookas,(area not known),0,1,0,1,1,1,,,High,27.04136,75.895,"Natata PO, Jaipur (3.0 km)",0,open map,,
City,Rajasthan,Ganganagar,Anupgarh,,0,2,0,2,2,0,,,Low,,,,,,,
Area,Rajasthan,Ganganagar,Anupgarh,Market,0,2,0,2,2,0,,,Low,,,,,,,
City,Rajasthan,Pali,Raipur,,1,1,0,2,1,1,,2,Medium,26.03567,74.02542,"Pipliya Kalan PO, Pali (4.4 km)",0,open map,,
Area,Rajasthan,Pali,Raipur,(area not known),1,1,0,2,1,1,,1,Medium,26.03567,74.02542,"Pipliya Kalan PO, Pali (4.4 km)",0,open map,,
City,Rajasthan,Jaipur,Dudu,,0,2,0,2,2,2,,2,High,26.67866,75.23304,"Dudu PO, Jaipur (0.5 km)",0,open map,,
Area,Rajasthan,Jaipur,Dudu,(area not known),0,2,0,2,2,2,,2,High,26.67866,75.23304,"Dudu PO, Jaipur (0.5 km)",0,open map,,
City,Rajasthan,Sikar,Mahroli,,0,2,0,2,2,0,2,1,Low,,,,,,,
Area,Rajasthan,Sikar,Mahroli,(area not known),0,2,0,2,2,0,2,1,Low,,,,,,,
City,Rajasthan,Ajmer,Mangliyawas,,2,0,0,2,2,2,,2,Low,26.27576,74.50891,"Mangliawas PO, Ajmer (0.4 km)",0.1,open map,,
Area,Rajasthan,Ajmer,Mangliyawas,Mdr 39,1,0,0,1,1,1,,1,Low,26.27599,74.50986,"Mangliawas PO, Ajmer (0.5 km)",0,open map,,
Area,Rajasthan,Ajmer,Mangliyawas,(area not known),1,0,0,1,1,1,,1,Low,26.27553,74.50795,"Mangliawas PO, Ajmer (0.3 km)",0,open map,,
City,Rajasthan,Pali,Haripur,,1,1,0,2,2,0,2,1,Low,,,,,,,
Area,Rajasthan,Pali,Haripur,(area not known),1,1,0,2,2,0,2,1,Low,,,,,,,
City,Rajasthan,Ajmer,Kekri,,1,1,0,2,2,2,,3,Medium,25.97266,75.15284,"Kekri PO, Ajmer (0.3 km)",0.3,open map,,
Area,Rajasthan,Ajmer,Kekri,Anants Sweat Colony,0,1,0,1,1,1,,1,High,25.97521,75.15405,"Kekri PO, Ajmer (0.6 km)",0,open map,,
Area,Rajasthan,Ajmer,Kekri,(area not known),1,0,0,1,1,1,,1,Low,25.97011,75.15163,"Kekri PO, Ajmer (0.2 km)",0,open map,,
City,Rajasthan,Jaipur,Baori,,0,2,0,2,2,0,2,1,Low,,,,,,,
Area,Rajasthan,Jaipur,Baori,(area not known),0,2,0,2,2,0,2,1,Low,,,,,,,
City,Rajasthan,Pali,Bar,,0,2,0,2,2,2,,2,High,26.08155,74.10012,"Bar PO, Pali (0.3 km)",0.4,open map,,
Area,Rajasthan,Pali,Bar,Jaitaran,0,1,0,1,1,1,,1,High,26.07807,74.10055,"Bar PO, Pali (0.1 km)",0,open map,,
Area,Rajasthan,Pali,Bar,(area not known),0,1,0,1,1,1,,,High,26.08502,74.09968,"Bar PO, Pali (0.7 km)",0,open map,,
City,Rajasthan,Jodhpur,Bilara,,1,1,0,2,2,2,,2,High,26.18124,73.70893,"Bilara PO, Jodhpur (0.3 km)",0.6,open map,,
Area,Rajasthan,Jodhpur,Bilara,(area not known),1,1,0,2,2,2,,2,High,26.18124,73.70893,"Bilara PO, Jodhpur (0.3 km)",0.6,open map,,
City,Rajasthan,Chittorgarh,Nimbahera,,0,1,0,1,1,1,,1,High,24.61653,74.68483,"Nimbahera PO, Chittorgarh (0.8 km)",0,open map,,
Area,Rajasthan,Chittorgarh,Nimbahera,Mahesh Nagar,0,1,0,1,1,1,,1,High,24.61653,74.68483,"Nimbahera PO, Chittorgarh (0.8 km)",0,open map,,
City,Rajasthan,Bundi,Keshoraipatan,,0,1,0,1,1,1,,1,High,25.30072,75.93547,"Tirath PO, Bundi (8.8 km)",0,open map,,
Area,Rajasthan,Bundi,Keshoraipatan,(area not known),0,1,0,1,1,1,,1,High,25.30072,75.93547,"Tirath PO, Bundi (8.8 km)",0,open map,,
City,Rajasthan,Ajmer,Kharwa,,1,0,0,1,1,1,,1,High,26.19173,74.43694,"Kharwa PO, Ajmer (0.2 km)",0,open map,,
Area,Rajasthan,Ajmer,Kharwa,(area not known),1,0,0,1,1,1,,1,High,26.19173,74.43694,"Kharwa PO, Ajmer (0.2 km)",0,open map,,
City,Rajasthan,Tonk,Niwai,,0,1,0,1,1,1,,1,High,26.34203,75.91871,"Newai PO, Tonk (2.1 km)",0,open map,,
Area,Rajasthan,Tonk,Niwai,(area not known),0,1,0,1,1,1,,1,High,26.34203,75.91871,"Newai PO, Tonk (2.1 km)",0,open map,,
City,Rajasthan,,Gangana,,0,1,0,1,1,0,,,Low,,,,,,,
Area,Rajasthan,,Gangana,(area not known),0,1,0,1,1,0,,,Low,,,,,,,
City,Rajasthan,Ajmer,Sarwar,,0,1,0,1,1,1,,1,High,26.06503,75.01436,"Sarwar PO, Ajmer (0.4 km)",0,open map,,
Area,Rajasthan,Ajmer,Sarwar,(area not known),0,1,0,1,1,1,,1,High,26.06503,75.01436,"Sarwar PO, Ajmer (0.4 km)",0,open map,,
City,Rajasthan,Ajmer,Chawandiya,,0,1,0,1,1,0,1,,Low,,,,,,,
Area,Rajasthan,Ajmer,Chawandiya,(area not known),0,1,0,1,1,0,1,,Low,,,,,,,
City,Rajasthan,Jaipur,Dhodhsar,,0,1,0,1,1,0,,,Low,,,,,,,
Area,Rajasthan,Jaipur,Dhodhsar,(area not known),0,1,0,1,1,0,,,Low,,,,,,,
City,Rajasthan,,Bhiwara,,1,0,0,1,0,0,,,Low,,,,,,,
Area,Rajasthan,,Bhiwara,(area not known),1,0,0,1,0,0,,,Low,,,,,,,
City,Rajasthan,Ajmer,Saradhana,,1,0,0,1,1,1,,1,High,26.34153,74.57138,"Saradhana PO, Ajmer (0.6 km)",0,open map,,
Area,Rajasthan,Ajmer,Saradhana,(area not known),1,0,0,1,1,1,,1,High,26.34153,74.57138,"Saradhana PO, Ajmer (0.6 km)",0,open map,,
City,Rajasthan,Ganganagar,Suratgarh,,0,1,0,1,1,0,,,Low,,,,,,,
Area,Rajasthan,Ganganagar,Suratgarh,RHB Colony,0,1,0,1,1,0,,,Low,,,,,,,
City,Rajasthan,Ajmer,Shreenagar,,1,0,0,1,1,0,,,Low,,,,,,,
Area,Rajasthan,Ajmer,Shreenagar,(area not known),1,0,0,1,1,0,,,Low,,,,,,,
City,Rajasthan,Ajmer,Badlya,,1,0,0,1,1,1,,,High,26.44898,74.70582,"Rasoolpura PO, Ajmer (2.5 km)",0,open map,,
Area,Rajasthan,Ajmer,Badlya,Mdr 6,1,0,0,1,1,1,,,High,26.44898,74.70582,"Rasoolpura PO, Ajmer (2.5 km)",0,open map,,
City,Rajasthan,Sikar,Sri Madhopur,,0,1,0,1,1,1,,1,Low,27.46662,75.59832,"Mau PO, Sikar (6.2 km)",0,open map,,
Area,Rajasthan,Sikar,Sri Madhopur,Shrimadhopur,0,1,0,1,1,1,,1,Low,27.46662,75.59832,"Mau PO, Sikar (6.2 km)",0,open map,,
City,Rajasthan,Banswara,Banswara,,0,1,0,1,0,0,,,Low,,,,,,,
Area,Rajasthan,Banswara,Banswara,(area not known),0,1,0,1,0,0,,,Low,,,,,,,
City,Rajasthan,Pali,Sojat,,0,1,0,1,1,1,,1,High,25.92279,73.65997,"Sojat PO, Pali (0.7 km)",0,open map,,
Area,Rajasthan,Pali,Sojat,(area not known),0,1,0,1,1,1,,1,High,25.92279,73.65997,"Sojat PO, Pali (0.7 km)",0,open map,,
City,Rajasthan,Pali,Nimaaj,,0,1,0,1,1,0,,,Low,,,,,,,
Area,Rajasthan,Pali,Nimaaj,(area not known),0,1,0,1,1,0,,,Low,,,,,,,
City,Rajasthan,Jaipur,Anantpura,,1,0,0,1,1,1,,1,High,27.05276,75.75524,"Burthal PO, Jaipur (6.4 km)",0,open map,,
Area,Rajasthan,Jaipur,Anantpura,(area not known),1,0,0,1,1,1,,1,High,27.05276,75.75524,"Burthal PO, Jaipur (6.4 km)",0,open map,,
City,Rajasthan,Jaipur,Govindgarh,,0,1,0,1,1,0,1,,Low,,,,,,,
Area,Rajasthan,Jaipur,Govindgarh,(area not known),0,1,0,1,1,0,1,,Low,,,,,,,
City,Rajasthan,Jaipur,Kanota,,0,1,0,1,1,1,,,High,26.87431,75.9479,"Kanota PO, Jaipur (0.4 km)",0,open map,,
Area,Rajasthan,Jaipur,Kanota,(area not known),0,1,0,1,1,1,,,High,26.87431,75.9479,"Kanota PO, Jaipur (0.4 km)",0,open map,,
City,Rajasthan,Jaipur,Jobner,,0,1,0,1,1,1,,1,High,26.97611,75.3866,"Jobner PO, Jaipur (0.4 km)",0,open map,,
Area,Rajasthan,Jaipur,Jobner,(area not known),0,1,0,1,1,1,,1,High,26.97611,75.3866,"Jobner PO, Jaipur (0.4 km)",0,open map,,
State,Kerala,,,,117,499,1,617,597,528,31,694,Medium,11.1766,75.9293,"Kondotti PO, Malappuram (5.5 km)",317.7,open map,,
City,Kerala,Thiruvananthapuram,Thiruvananthapuram,,35,26,1,62,60,58,2,66,High,8.49372,76.94933,"Kaudiar PO, Thiruvananthapuram (3.4 km)",6.1,open map,,
Area,Kerala,Thiruvananthapuram,Thiruvananthapuram,Pettah,3,2,0,5,5,5,,6,High,8.49625,76.93009,"Thiruvananthapuram  Chalai PO, Thiruvananthapuram (2.1 km)",0.5,open map,,
Area,Kerala,Thiruvananthapuram,Thiruvananthapuram,Chacka,2,1,0,3,3,3,,3,High,8.49189,76.91707,"Thiruvananthapuram  Chalai PO, Thiruvananthapuram (1.0 km)",0.1,open map,,
Area,Kerala,Thiruvananthapuram,Thiruvananthapuram,Maruthankuzhi,0,3,0,3,3,3,,,High,8.52507,76.98909,"Vattiyoorkavu PO, Thiruvananthapuram (0.0 km)",0.2,open map,,
Area,Kerala,Thiruvananthapuram,Thiruvananthapuram,Palayam,2,1,0,3,3,3,,7,High,8.50352,76.95219,"Kaudiar PO, Thiruvananthapuram (2.3 km)",0,open map,,
Area,Kerala,Thiruvananthapuram,Thiruvananthapuram,Pazhavangadi,3,0,0,3,3,3,,3,High,8.4836,76.94392,"Thiruvananthapuram  Chalai PO, Thiruvananthapuram (3.0 km)",0.5,open map,,
Area,Kerala,Thiruvananthapuram,Thiruvananthapuram,Valiyasalai,0,3,0,3,3,3,,2,High,8.48167,76.95652,"Thiruvananthapuram  Chalai PO, Thiruvananthapuram (4.4 km)",0.1,open map,,
Area,Kerala,Thiruvananthapuram,Thiruvananthapuram,Vanchiyoor,2,1,0,3,3,3,,4,High,8.49089,76.94002,"Thiruvananthapuram  Chalai PO, Thiruvananthapuram (2.7 km)",0.5,open map,,
Area,Kerala,Thiruvananthapuram,Thiruvananthapuram,Devapalan Nagar,0,2,0,2,2,2,,,High,8.53597,76.96556,"Kaudiar PO, Thiruvananthapuram (1.6 km)",0.1,open map,,
Area,Kerala,Thiruvananthapuram,Thiruvananthapuram,Karamana,2,0,0,2,2,2,,4,High,8.49854,76.92961,"Thiruvananthapuram  Chalai PO, Thiruvananthapuram (2.2 km)",4.1,open map,,
Area,Kerala,Thiruvananthapuram,Thiruvananthapuram,Manacaud,0,2,0,2,2,1,,1,Medium,8.47392,76.94744,"Thiruvananthapuram  Chalai PO, Thiruvananthapuram (3.5 km)",0,open map,,
Area,Kerala,Thiruvananthapuram,Thiruvananthapuram,Pappanamcode,1,1,0,2,2,2,,2,Medium,8.47561,76.97418,"Kaudiar PO, Thiruvananthapuram (5.4 km)",0.1,open map,,
Area,Kerala,Thiruvananthapuram,Thiruvananthapuram,Thampanoor,1,1,0,2,2,2,,2,High,8.4918,76.94781,"Thiruvananthapuram  Chalai PO, Thiruvananthapuram (3.5 km)",0.5,open map,,
Area,Kerala,Thiruvananthapuram,Thiruvananthapuram,Thycaud,1,0,1,2,2,2,,,High,8.49095,76.95468,"Kaudiar PO, Thiruvananthapuram (3.6 km)",0,open map,,
Area,Kerala,Thiruvananthapuram,Thiruvananthapuram,Ambalamukku,0,1,0,1,1,0,1,,Low,,,,,,,
Area,Kerala,Thiruvananthapuram,Thiruvananthapuram,Chalai,1,0,0,1,1,1,,2,High,8.47864,76.93503,"Thiruvananthapuram  Chalai PO, Thiruvananthapuram (2.1 km)",0,open map,,
Area,Kerala,Thiruvananthapuram,Thiruvananthapuram,Chenkallur,0,1,0,1,1,1,,1,High,8.62237,76.88879,"Pothencode PO, Thiruvananthapuram (1.0 km)",0,open map,,
Area,Kerala,Thiruvananthapuram,Thiruvananthapuram,Chenthitta,1,0,0,1,1,1,,1,High,8.49922,76.94233,"Kaudiar PO, Thiruvananthapuram (3.3 km)",0,open map,,
Area,Kerala,Thiruvananthapuram,Thiruvananthapuram,Cxwwfw3,1,0,0,1,1,1,,2,Low,8.44616,76.9969,"Balaramapuram PO, Thiruvananthapuram (5.8 km)",0,open map,,
Area,Kerala,Thiruvananthapuram,Thiruvananthapuram,Eanchakkal,0,1,0,1,1,1,,2,High,8.47914,76.93297,"Thiruvananthapuram  Chalai PO, Thiruvananthapuram (1.8 km)",0,open map,,
Area,Kerala,Thiruvananthapuram,Thiruvananthapuram,Kesavadasapuram,1,0,0,1,0,1,,,High,8.52843,76.93885,"Kaudiar PO, Thiruvananthapuram (2.5 km)",0,open map,,
Area,Kerala,Thiruvananthapuram,Thiruvananthapuram,Kunjalumoodu,1,0,0,1,1,1,,,High,8.48551,76.97173,"Kaudiar PO, Thiruvananthapuram (4.3 km)",0,open map,,
Area,Kerala,Thiruvananthapuram,Thiruvananthapuram,Maruthoor,1,0,0,1,1,1,,,Low,8.48929,76.92599,"Thiruvananthapuram  Chalai PO, Thiruvananthapuram (1.2 km)",0,open map,,
Area,Kerala,Thiruvananthapuram,Thiruvananthapuram,Murinjapalam,1,0,0,1,1,1,,,High,8.49286,76.97154,"Kaudiar PO, Thiruvananthapuram (3.5 km)",0,open map,,
Area,Kerala,Thiruvananthapuram,Thiruvananthapuram,Nettayam,0,1,0,1,1,1,,1,High,8.5296,76.98979,"Vattiyoorkavu PO, Thiruvananthapuram (0.6 km)",0,open map,,
Area,Kerala,Thiruvananthapuram,Thiruvananthapuram,Palkulangara,0,1,0,1,1,1,,,High,8.49004,76.92455,"Thiruvananthapuram  Chalai PO, Thiruvananthapuram (1.1 km)",0,open map,,
Area,Kerala,Thiruvananthapuram,Thiruvananthapuram,Pangodu,1,0,0,1,1,1,,1,High,8.49813,76.98583,"Vattiyoorkavu PO, Thiruvananthapuram (3.0 km)",0,open map,,
Area,Kerala,Thiruvananthapuram,Thiruvananthapuram,Peroorkada,0,1,0,1,1,1,,3,High,8.53896,76.96353,"Kaudiar PO, Thiruvananthapuram (1.9 km)",0,open map,,
Area,Kerala,Thiruvananthapuram,Thiruvananthapuram,Poojapura,1,0,0,1,1,1,,2,High,8.49755,76.98396,"Vattiyoorkavu PO, Thiruvananthapuram (3.1 km)",0,open map,,
Area,Kerala,Thiruvananthapuram,Thiruvananthapuram,Poozhikunnu,0,1,0,1,1,1,,,Low,8.46618,77.00182,"Vattiyoorkavu PO, Thiruvananthapuram (6.7 km)",0,open map,,
Area,Kerala,Thiruvananthapuram,Thiruvananthapuram,Pulimoodu,0,1,0,1,1,1,,2,High,8.49355,76.94759,"Kaudiar PO, Thiruvananthapuram (3.5 km)",0,open map,,
Area,Kerala,Thiruvananthapuram,Thiruvananthapuram,Thumba,1,0,0,1,1,1,,1,High,8.54265,76.87421,"Pallithura PO, Thiruvananthapuram (1.7 km)",0,open map,,
Area,Kerala,Thiruvananthapuram,Thiruvananthapuram,Ulloor,1,0,0,1,1,1,,3,High,8.52933,76.92049,"Kaudiar PO, Thiruvananthapuram (4.5 km)",0,open map,,
Area,Kerala,Thiruvananthapuram,Thiruvananthapuram,Valiyavila,1,0,0,1,1,1,,1,High,8.50704,76.99853,"Vattiyoorkavu PO, Thiruvananthapuram (2.2 km)",0,open map,,
Area,Kerala,Thiruvananthapuram,Thiruvananthapuram,Vazhuthacaud,1,0,0,1,1,1,,,High,8.4863,76.9381,"Thiruvananthapuram  Chalai PO, Thiruvananthapuram (2.4 km)",0,open map,,
Area,Kerala,Thiruvananthapuram,Thiruvananthapuram,Venjarammoodu,1,0,0,1,1,1,,,Low,8.5335,76.97836,"Vattiyoorkavu PO, Thiruvananthapuram (1.5 km)",0,open map,,
Area,Kerala,Thiruvananthapuram,Thiruvananthapuram,(area not known),4,1,0,5,4,3,1,4,Medium,8.49678,76.99567,"Vattiyoorkavu PO, Thiruvananthapuram (3.2 km)",5.4,open map,,
City,Kerala,Kozhikode,Kozhikode,,1,31,0,32,30,28,,44,High,11.2649,75.78092,"Calicut City PO, Kozhikode (1.9 km)",7.6,open map,,
Area,Kerala,Kozhikode,Kozhikode,Mananchira,0,5,0,5,5,5,,5,High,11.25041,75.77905,"Calicut City PO, Kozhikode (0.3 km)",0,open map,,
Area,Kerala,Kozhikode,Kozhikode,Bilathikkulam,0,3,0,3,3,3,,3,High,11.27763,75.78001,"Karaparamba PO, Kozhikode (1.0 km)",0,open map,,
Area,Kerala,Kozhikode,Kozhikode,Elathur,0,2,0,2,1,2,,2,Medium,11.28582,75.76789,"Karaparamba PO, Kozhikode (1.7 km)",4.6,open map,,
Area,Kerala,Kozhikode,Kozhikode,Pavangad,0,2,0,2,1,2,,2,High,11.30983,75.75842,"Makkada PO, Kozhikode (3.4 km)",0.1,open map,,
Area,Kerala,Kozhikode,Kozhikode,West Hill,0,2,0,2,2,2,,3,High,11.29386,75.76494,"Karaparamba PO, Kozhikode (2.2 km)",0.6,open map,,
Area,Kerala,Kozhikode,Kozhikode,Calicut City,0,1,0,1,1,1,,,High,11.25869,75.77627,"Calicut City PO, Kozhikode (1.3 km)",0,open map,,
Area,Kerala,Kozhikode,Kozhikode,Chalappuram,0,1,0,1,1,1,,1,High,11.24277,75.7848,"Calicut City PO, Kozhikode (0.8 km)",0,open map,,
Area,Kerala,Kozhikode,Kozhikode,Chevarambalam,0,1,0,1,1,1,,1,High,11.27853,75.81015,"Chevarambalam PO, Kozhikode (1.4 km)",0,open map,,
Area,Kerala,Kozhikode,Kozhikode,Chevayoor,0,1,0,1,1,0,,1,Low,,,,,,,
Area,Kerala,Kozhikode,Kozhikode,East Hill,0,1,0,1,1,1,,2,High,11.29209,75.76573,"Karaparamba PO, Kozhikode (2.1 km)",0,open map,,
Area,Kerala,Kozhikode,Kozhikode,Electric Company,0,1,0,1,1,1,,,High,11.2318,75.78957,"Calicut City PO, Kozhikode (2.1 km)",0,open map,,
Area,Kerala,Malappuram,Kozhikode,Farook College,0,1,0,1,1,1,,,High,11.18267,75.84636,"Vaidyarangadi PO, Kozhikode (2.5 km)",0,open map,,
Area,Kerala,Kozhikode,Kozhikode,Kalanthod,0,1,0,1,1,1,,1,Low,11.31848,75.94881,"Malayamma PO, Kozhikode (1.3 km)",0,open map,,
Area,Kerala,Kozhikode,Kozhikode,Kannanchery,0,1,0,1,1,0,,2,Low,,,,,,,
Area,Kerala,Kozhikode,Kozhikode,Karaparamba,0,1,0,1,1,1,,1,High,11.288,75.78184,"Karaparamba PO, Kozhikode (0.3 km)",0,open map,,
Area,Kerala,Kozhikode,Kozhikode,Keezhal Mukku,0,1,0,1,1,0,,,Low,,,,,,,
Area,Kerala,Kozhikode,Kozhikode,Kodinattumukku,0,1,0,1,1,1,,1,High,11.21822,75.83189,"Kakkayam PO, Kozhikode (3.5 km)",0,open map,,
Area,Kerala,Kozhikode,Kozhikode,Kovoor,0,1,0,1,1,1,,1,High,11.27111,75.83221,"Kakkayam PO, Kozhikode (2.3 km)",0,open map,,
Area,Kerala,Kozhikode,Kozhikode,Nallalam,0,1,0,1,1,1,,1,High,11.21335,75.80749,"Beypore PO, Kozhikode (4.7 km)",0,open map,,
Area,Kerala,Kozhikode,Kozhikode,Palayam,0,1,0,1,1,1,,1,High,11.24708,75.78449,"Calicut City PO, Kozhikode (0.5 km)",0,open map,,
Area,Kerala,Kozhikode,Kozhikode,Parammal,0,1,0,1,1,1,,1,High,11.28721,75.79998,"Nedungottur PO, Kozhikode (0.9 km)",0,open map,,
Area,Kerala,Malappuram,Kozhikode,Ramanattukara,0,1,0,1,1,1,,4,High,11.17645,75.87177,"Vaidyarangadi PO, Kozhikode (0.4 km)",0,open map,,
Area,Kerala,Kozhikode,Kozhikode,Vadakara,1,0,0,1,1,0,,,Low,,,,,,,
City,Kerala,Ernakulam,Kochi,,3,21,0,24,23,24,,41,High,9.99595,76.30753,"Edapally PO, Ernakulam (2.9 km)",14.2,open map,,
Area,Kerala,Ernakulam,Kochi,Ernakulam,0,7,0,7,7,7,,15,High,10.00666,76.31814,"Edapally PO, Ernakulam (2.0 km)",7.9,open map,,
Area,Kerala,Ernakulam,Kochi,Edappally,1,1,0,2,2,2,,,High,10.01909,76.30753,"Edapally PO, Ernakulam (0.3 km)",0.3,open map,,
Area,Kerala,Ernakulam,Kochi,Kaloor,0,2,0,2,2,2,,,High,9.99595,76.29353,"Cherai PO, Ernakulam (3.3 km)",0.6,open map,,
Area,Kerala,Ernakulam,Kochi,Pullamkulam School Pady,1,1,0,2,1,2,,,Low,10.14209,76.25375,"Thuruthippuram PO, Ernakulam (2.1 km)",2,open map,,
Area,Kerala,Ernakulam,Kochi,Shenoys,0,2,0,2,2,2,,,High,9.9793,76.27823,"Cherai PO, Ernakulam (0.9 km)",0,open map,,
Area,Kerala,Ernakulam,Kochi,Cherai,0,1,0,1,1,1,,,High,9.98486,76.27655,"Cherai PO, Ernakulam (1.1 km)",0,open map,,
Area,Kerala,Ernakulam,Kochi,Edapally,0,1,0,1,1,1,,,High,10.00902,76.30398,"Edapally PO, Ernakulam (1.5 km)",0,open map,,
Area,Kerala,Ernakulam,Kochi,Eloor,0,1,0,1,1,1,,2,High,10.07811,76.31991,"Edapally PO, Ernakulam (6.4 km)",0,open map,,
Area,Kerala,Ernakulam,Kochi,Eroor,1,0,0,1,1,1,,,High,9.96268,76.33186,"Maradu PO, Ernakulam (3.0 km)",0,open map,,
Area,Kerala,Ernakulam,Kochi,Kadamattam,0,1,0,1,1,1,,,Low,9.97737,76.49546,"Pancode PO, Ernakulam (7.5 km)",0,open map,,
Area,Kerala,Ernakulam,Kochi,Kalamassery,0,1,0,1,1,1,,1,High,10.06236,76.32281,"Edapally PO, Ernakulam (4.7 km)",0,open map,,
Area,Kerala,Ernakulam,Kochi,Panampilly Nagar,0,1,0,1,1,1,,,High,9.98329,76.28073,"Cherai PO, Ernakulam (1.4 km)",0,open map,,
Area,Kerala,Ernakulam,Kochi,Thrippunithura,0,1,0,1,1,1,,,High,9.95103,76.35694,"Kanayannoor PO, Ernakulam (3.1 km)",0,open map,,
Area,Kerala,Ernakulam,Kochi,(area not known),0,1,0,1,1,1,,19,Low,9.96708,76.31836,"Panampilly Nagar PO, Ernakulam (2.8 km)",0,open map,,
City,Kerala,Kannur,Thalassery,,2,13,0,15,15,15,,18,Medium,11.7576,75.50026,"Moozhikkara PO, Kannur (2.0 km)",11.5,open map,,
Area,Kerala,Kannur,Thalassery,Pilakool,0,2,0,2,2,2,,5,High,11.7485,75.49367,"Moozhikkara PO, Kannur (2.3 km)",0.2,open map,,
Area,Kerala,Kannur,Thalassery,Thuvakkunnu,0,2,0,2,2,2,,1,Low,11.75769,75.63594,"Panoor PO, Kannur (6.3 km)",0,open map,,
Area,Kerala,Kannur,Thalassery,Chalil,1,0,0,1,1,1,,2,High,11.68945,75.57913,"Eramala PO, Kozhikode (1.4 km)",0,open map,,
Area,Kerala,Kannur,Thalassery,Chonadam,0,1,0,1,1,1,,2,High,11.75236,75.49816,"Moozhikkara PO, Kannur (1.9 km)",0,open map,,
Area,Kerala,Kannur,Thalassery,Gopalpet,0,1,0,1,1,1,,2,High,11.73849,75.50026,"Moozhikkara PO, Kannur (1.9 km)",0,open map,,
Area,Kerala,Kannur,Thalassery,Kadirur,0,1,0,1,1,1,,,Low,11.785,75.53177,"Vayalalam PO, Kannur (4.0 km)",0,open map,,
Area,Kerala,Kannur,Thalassery,Palissery,1,0,0,1,1,1,,1,High,11.6733,75.54173,"Azhiyur PO, Kozhikode (3.0 km)",0,open map,,
Area,Kerala,Kannur,Thalassery,Pallithazhe,0,1,0,1,1,1,,,High,11.75201,75.49601,"Moozhikkara PO, Kannur (2.1 km)",0,open map,,
Area,Kerala,Kannur,Thalassery,Qfc92Wh,0,1,0,1,1,1,,,Low,11.76998,75.46986,"Dharmadam PO, Kannur (0.8 km)",0,open map,,
Area,Kerala,Kannur,Thalassery,Swamikunnu,0,1,0,1,1,1,,,Low,11.77778,75.46262,"Dharmadam PO, Kannur (0.3 km)",0,open map,,
Area,Kerala,Kannur,Thalassery,Vayalalam,0,1,0,1,1,1,,,Low,11.75824,75.53321,"Vayalalam PO, Kannur (1.5 km)",0,open map,,
Area,Kerala,Kannur,Thalassery,(area not known),0,2,0,2,2,2,,2,Low,11.8003,75.48901,"Dharmadam PO, Kannur (3.8 km)",5.5,open map,,
City,Kerala,Kozhikode,Nadapuram,,3,12,0,15,15,14,,16,Low,11.6577,75.75363,"Kuttiadi PO, Kozhikode (0.4 km)",11.3,open map,,
Area,Kerala,Kozhikode,Nadapuram,Kuttiady,1,5,0,6,6,6,,1,Low,11.65626,75.75382,"Kuttiadi PO, Kozhikode (0.2 km)",0.3,open map,,
Area,Kerala,Kozhikode,Nadapuram,Kakkemvelli,0,2,0,2,2,2,,,Medium,11.6844,75.65279,"Nadapuram PO, Kozhikode (0.2 km)",0.2,open map,,
Area,Kerala,Kozhikode,Nadapuram,Kerala,1,1,0,2,2,2,,,Low,11.68981,75.66165,"Nadapuram PO, Kozhikode (0.9 km)",0.4,open map,,
Area,Kerala,Kozhikode,Nadapuram,Adukkath,1,0,0,1,1,1,,,Low,11.65159,75.76085,"Kuttiadi PO, Kozhikode (0.8 km)",0,open map,,
Area,Kerala,Kozhikode,Nadapuram,Thottilpalam,0,1,0,1,1,1,,1,Low,11.67623,75.77732,"Kavilampara PO, Kozhikode (0.8 km)",0,open map,,
Area,Kerala,Kozhikode,Nadapuram,Urath,0,1,0,1,1,1,,1,Low,11.65409,75.75349,"Kuttiadi PO, Kozhikode (0.1 km)",0,open map,,
Area,Kerala,Kozhikode,Nadapuram,(area not known),0,2,0,2,2,1,,4,Medium,11.68095,75.64732,"Nadapuram PO, Kozhikode (0.9 km)",0,open map,,
City,Kerala,Thrissur,Thrissur,,0,14,0,14,14,9,2,12,Medium,10.53254,76.21821,"Veluthur PO, Thrissur (1.0 km)",27.9,open map,,
Area,Kerala,Thrissur,Thrissur,Veliyannur,0,3,0,3,3,2,1,4,Medium,10.44081,76.35718,"Mupliyam PO, Thrissur (4.8 km)",23.3,open map,,
Area,Kerala,Thrissur,Thrissur,Pallikkulam,0,2,0,2,2,0,1,3,Low,,,,,,,
Area,Kerala,Kozhikode,Thrissur,Thiruvambady,0,2,0,2,2,1,,,Medium,10.53254,76.2115,"Veluthur PO, Thrissur (1.6 km)",0,open map,,
Area,Kerala,Thrissur,Thrissur,Anchery,0,1,0,1,1,1,,,High,10.51394,76.21864,"Vadookkara PO, Thrissur (1.9 km)",0,open map,,
Area,Kerala,Thrissur,Thrissur,Chembukkav,0,1,0,1,1,1,,2,High,10.5262,76.21821,"Veluthur PO, Thrissur (1.6 km)",0,open map,,
Area,Kerala,Thrissur,Thrissur,Keerankulangara,0,1,0,1,1,1,,1,High,10.52357,76.22287,"Veluthur PO, Thrissur (1.8 km)",0,open map,,
Area,Kerala,Thrissur,Thrissur,Kuttiady,0,1,0,1,1,1,,,Low,10.56109,76.12397,"Parappur PO, Thrissur (0.4 km)",0,open map,,
Area,Kerala,Thrissur,Thrissur,Punkunnam,0,1,0,1,1,1,,1,High,10.53553,76.20862,"Kanattukara PO, Thrissur (1.4 km)",0,open map,,
Area,Kerala,Thrissur,Thrissur,Thottilpalam,0,1,0,1,1,1,,,Low,10.54616,76.16331,"Puranattukara PO, Thrissur (1.2 km)",0,open map,,
Area,Kerala,Thrissur,Thrissur,(area not known),0,1,0,1,1,0,,,Low,,,,,,,
City,Kerala,Kasargod,Kasaragod,,2,12,0,14,11,11,1,7,Medium,12.50258,74.98907,"Kudlu PO, Kasargod (3.2 km)",0.6,open map,,
Area,Kerala,Kasargod,Kasaragod,Bedira,0,3,0,3,3,3,,,Low,12.49983,74.98801,"Kudlu PO, Kasargod (3.5 km)",0,open map,,
Area,Kerala,Kasargod,Kasaragod,Anebagilu,0,2,0,2,2,2,,1,High,12.50527,74.99339,"Kudlu PO, Kasargod (3.2 km)",0,open map,,
Area,Kerala,Kasargod,Kasaragod,Thayalangadi,0,1,0,1,1,1,,1,High,12.49805,74.98749,"Kudlu PO, Kasargod (3.7 km)",0,open map,,
Area,Kerala,Kasargod,Kasaragod,(area not known),2,6,0,8,5,5,1,4,Medium,12.50339,74.99096,"Kudlu PO, Kasargod (3.2 km)",0.4,open map,,
City,Kerala,Kannur,Chokli,,0,13,0,13,12,12,1,10,Low,11.73073,75.54698,"Peringadi PO, Kannur (1.9 km)",2.1,open map,,
Area,Kerala,Kannur,Chokli,Panniyannur,0,6,0,6,6,6,,4,High,11.72712,75.55536,"Peringadi PO, Kannur (1.7 km)",1.9,open map,,
Area,Kerala,Kannur,Chokli,Palloor,0,4,0,4,4,4,,4,Low,11.73208,75.53918,"Peringadi PO, Kannur (2.3 km)",0.2,open map,,
Area,Kerala,Kannur,Chokli,Vayalalam,0,1,0,1,1,1,,,Low,11.74988,75.54018,"Vayalalam PO, Kannur (1.9 km)",0,open map,,
Area,Kerala,Kannur,Chokli,(area not known),0,2,0,2,1,1,1,,Low,11.74189,75.54232,"Vayalalam PO, Kannur (2.3 km)",0,open map,,
City,Kerala,Alappuzha,Alappuzha,,1,12,0,13,12,10,,20,Medium,9.49794,76.33645,"Pollethai PO, Alappuzha (8.1 km)",2.9,open map,,
Area,Kerala,Alappuzha,Alappuzha,Sea View Ward,0,4,0,4,4,4,,7,High,9.49728,76.33574,"Pollethai PO, Alappuzha (8.2 km)",0.2,open map,,
Area,Kerala,Alappuzha,Alappuzha,Mullakkal,0,2,0,2,2,1,,2,Medium,9.50084,76.33905,"Pollethai PO, Alappuzha (7.8 km)",0,open map,,
Area,Kerala,Alappuzha,Alappuzha,Aikyabharatham,0,1,0,1,1,1,,1,High,9.5295,76.34065,"Pollethai PO, Alappuzha (4.8 km)",0,open map,,
Area,Kerala,Alappuzha,Alappuzha,Anantha Narayanapuram,0,1,0,1,1,1,,1,High,9.48306,76.3444,"Moncombu PO, Alappuzha (8.4 km)",0,open map,,
Area,Kerala,Alappuzha,Alappuzha,Kanjiramchira,0,1,0,1,1,1,,,High,9.50711,76.3235,"Pollethai PO, Alappuzha (7.1 km)",0,open map,,
Area,Kerala,Alappuzha,Alappuzha,Zackaria Bazar,0,1,0,1,1,1,,1,High,9.49043,76.32631,"Pollethai PO, Alappuzha (8.9 km)",0,open map,,
Area,Kerala,Alappuzha,Alappuzha,(area not known),1,2,0,3,2,1,,1,Low,9.52377,76.34024,"Pollethai PO, Alappuzha (5.4 km)",0,open map,,
City,Kerala,Kasargod,Kanhangad,,0,12,0,12,12,7,,14,Low,12.3253,75.08483,"Ajanur PO, Kasargod (1.5 km)",14.8,open map,,
Area,Kerala,Kasargod,Kanhangad,Puthiyavalapu,0,8,0,8,8,3,,9,Low,12.3253,75.0847,"Ajanur PO, Kasargod (1.5 km)",0,open map,,
Area,Kerala,Kasargod,Kanhangad,Cheruvathur,0,2,0,2,2,2,,3,Low,12.21563,75.16086,"Nileshwar PO, Kasargod (5.6 km)",0.1,open map,,
Area,Kerala,Kasargod,Kanhangad,Kuniya,0,1,0,1,1,1,,,Low,12.39854,75.03177,"Bekal Fort PO, Kasargod (0.4 km)",0,open map,,
Area,Kerala,Kasargod,Kanhangad,(area not known),0,1,0,1,1,1,,,Low,12.2161,75.16226,"Nileshwar PO, Kasargod (5.7 km)",0,open map,,
City,Kerala,Palakkad,Palakkad,,1,10,0,11,11,9,1,10,High,10.77228,76.64903,"Kalpathi PO, Palakkad (2.0 km)",2.5,open map,,
Area,Kerala,Palakkad,Palakkad,Kalmandapam,0,3,0,3,3,3,,2,High,10.77227,76.67215,"Pallipuram PG PO, Palakkad (2.5 km)",0,open map,,
Area,Kerala,Palakkad,Palakkad,Nurani,0,2,0,2,2,2,,2,High,10.76954,76.641,"Yakkara PO, Palakkad (2.2 km)",0.4,open map,,
Area,Kerala,Palakkad,Palakkad,Parakkunnam,1,1,0,2,2,1,1,1,Medium,10.77853,76.65393,"Kalpathi PO, Palakkad (1.6 km)",0,open map,,
Area,Kerala,Palakkad,Palakkad,Valakkad,0,2,0,2,2,2,,2,High,10.77307,76.64985,"Kalpathi PO, Palakkad (2.0 km)",0.1,open map,,
Area,Kerala,Palakkad,Palakkad,Pallippuram,0,1,0,1,1,1,,1,High,10.77358,76.63791,"Kalpathi PO, Palakkad (2.0 km)",0,open map,,
Area,Kerala,Palakkad,Palakkad,Vadakkanthara,0,1,0,1,1,0,,1,Low,,,,,,,
City,Kerala,Kottayam,Kottayam,,1,10,0,11,10,10,,12,High,9.58534,76.5234,"Manganam PO, Kottayam (2.9 km)",3.2,open map,,
Area,Kerala,Kottayam,Kottayam,Market,0,4,0,4,4,4,,3,High,9.58555,76.5234,"Manganam PO, Kottayam (2.9 km)",0.3,open map,,
Area,Kerala,Kottayam,Kottayam,Kodimatha,1,2,0,3,2,2,,2,Medium,9.57983,76.52139,"Manganam PO, Kottayam (3.2 km)",0.4,open map,,
Area,Kerala,Kottayam,Kottayam,Eerayil Kadavu,0,1,0,1,1,1,,2,High,9.58927,76.52307,"Manganam PO, Kottayam (3.0 km)",0,open map,,
Area,Kerala,Kottayam,Kottayam,Kalathipady,0,1,0,1,1,1,,1,High,9.5892,76.55255,"Manganam PO, Kottayam (0.7 km)",0,open map,,
Area,Kerala,Kottayam,Kottayam,Kanjikuzhi,0,1,0,1,1,1,,1,High,9.58777,76.54091,"Manganam PO, Kottayam (1.1 km)",0,open map,,
Area,Kerala,Kottayam,Kottayam,Kumaranalloor,0,1,0,1,1,1,,,High,9.50607,76.65973,"Pulickakavala PO, Kottayam (5.8 km)",0,open map,,
City,Kerala,Pathanamthitta,Pathanamthitta,,1,10,0,11,10,11,,13,Medium,9.26475,76.76319,"Omallur-kla PO, Pathanamthitta (3.7 km)",10.7,open map,,
Area,Kerala,Pathanamthitta,Pathanamthitta,Chittoor,1,6,0,7,6,7,,3,High,9.26616,76.77852,"Omallur-kla PO, Pathanamthitta (5.4 km)",11.7,open map,,
Area,Kerala,Pathanamthitta,Pathanamthitta,Pandalam,0,3,0,3,3,3,,4,Low,9.2194,76.67948,"Kulanada PO, Pathanamthitta (3.1 km)",0.1,open map,,
Area,Kerala,Pathanamthitta,Pathanamthitta,Omalloor,0,1,0,1,1,1,,1,High,9.25558,76.76319,"Omallur-kla PO, Pathanamthitta (3.6 km)",0,open map,,
City,Kerala,Pathanamthitta,Thiruvalla,,0,10,0,10,10,8,1,14,Medium,9.3803,76.58272,"Mallappuzhassery PO, Pathanamthitta (12.2 km)",5.4,open map,,
Area,Kerala,Pathanamthitta,Thiruvalla,Kuttoor,0,2,0,2,2,2,,1,Low,9.35758,76.58951,"Kodukulanji PO, Alappuzha (10.1 km)",0.3,open map,,
Area,Kerala,Alappuzha,Thiruvalla,Chengannur,0,1,0,1,1,1,,,Low,9.33636,76.60333,"Kodukulanji PO, Alappuzha (7.5 km)",0,open map,,
Area,Kerala,Kottayam,Thiruvalla,Mamoodu,0,1,0,1,1,1,,1,Low,9.48063,76.60562,"Kuzhimattom PO, Kottayam (8.3 km)",0,open map,,
Area,Kerala,Pathanamthitta,Thiruvalla,Ramanchira,0,1,0,1,1,1,,1,High,9.39028,76.57382,"Mallappuzhassery PO, Pathanamthitta (13.6 km)",0,open map,,
Area,Kerala,Pathanamthitta,Thiruvalla,(area not known),0,5,0,5,5,3,1,7,Medium,9.38538,76.57656,"Mallappuzhassery PO, Pathanamthitta (13.1 km)",0.1,open map,,
City,Kerala,Kozhikode,Menhaniam,,2,7,0,9,9,9,,10,Low,11.55143,75.76392,"Chenoli PO, Kozhikode (1.3 km)",2.2,open map,,
Area,Kerala,Kozhikode,Menhaniam,Perambra,2,4,0,6,6,6,,7,Low,11.55665,75.76073,"Chenoli PO, Kozhikode (1.9 km)",1.9,open map,,
Area,Kerala,Kozhikode,Menhaniam,Muliyangal,0,2,0,2,2,2,,2,Low,11.53461,75.77287,"Chenoli PO, Kozhikode (1.5 km)",0.1,open map,,
Area,Kerala,Kozhikode,Menhaniam,Chenoli,0,1,0,1,1,1,,,High,11.55157,75.76392,"Chenoli PO, Kozhikode (1.4 km)",0,open map,,
City,Kerala,Kozhikode,Vatakara,,3,6,0,9,8,8,,11,Medium,11.59311,75.59143,"Memunda PO, Kozhikode (0.8 km)",14.2,open map,,
Area,Kerala,Kozhikode,Vatakara,Edodi,1,2,0,3,3,3,,5,High,11.59502,75.59141,"Memunda PO, Kozhikode (0.6 km)",0.2,open map,,
Area,Kerala,Kozhikode,Vatakara,Nandi Bazar,1,1,0,2,1,2,,1,Low,11.47399,75.63982,"Tikkoti PO, Kozhikode (2.1 km)",0.1,open map,,
Area,Kerala,Kozhikode,Vatakara,Veerancheri,0,2,0,2,2,1,,2,Medium,11.60321,75.58501,"Memunda PO, Kozhikode (1.3 km)",0,open map,,
Area,Kerala,Kozhikode,Vatakara,Mathi Pengan,0,1,0,1,1,1,,,High,11.59631,75.58955,"Memunda PO, Kozhikode (0.7 km)",0,open map,,
Area,Kerala,Kozhikode,Vatakara,(area not known),1,0,0,1,1,1,,,Low,11.52629,75.68476,"Payyoli PO, Kozhikode (3.0 km)",0,open map,,
City,Kerala,Kozhikode,Purameri,,6,3,0,9,9,8,1,11,Low,11.65445,75.60486,"Orkatteri PO, Kozhikode (1.1 km)",2.2,open map,,
Area,Kerala,Kozhikode,Purameri,Orkkatteri,3,2,0,5,5,5,,5,Low,11.65253,75.60194,"Orkatteri PO, Kozhikode (0.7 km)",0.2,open map,,
Area,Kerala,Kozhikode,Purameri,Edacheri,2,0,0,2,2,2,,2,High,11.66319,75.6205,"Purameri PO, Kozhikode (2.4 km)",0.2,open map,,
Area,Kerala,Kozhikode,Purameri,Tuneri,0,1,0,1,1,1,,,Low,11.68528,75.62766,"Tuneri PO, Kozhikode (1.5 km)",0,open map,,
Area,Kerala,Kozhikode,Purameri,(area not known),1,0,0,1,1,0,1,,Low,,,,,,,
City,Kerala,Malappuram,Tirur,,4,5,0,9,9,9,,11,High,10.91856,75.92449,"Trikkandiyur PO, Malappuram (1.2 km)",1.1,open map,,
Area,Kerala,Malappuram,Tirur,Trikkandiyur,1,3,0,4,4,4,,3,High,10.91697,75.92528,"Trikkandiyur PO, Malappuram (1.0 km)",0.5,open map,,
Area,Kerala,Malappuram,Tirur,Meenadathur,2,0,0,2,2,2,,1,High,10.93661,75.91189,"Puthiyakadappuram PO, Malappuram (1.4 km)",1.3,open map,,
Area,Kerala,Malappuram,Tirur,Muthoor,0,1,0,1,1,1,,2,High,10.91323,75.92773,"Trikkandiyur PO, Malappuram (0.9 km)",0,open map,,
Area,Kerala,Malappuram,Tirur,Naduvilangadi,1,0,0,1,1,1,,1,High,10.91856,75.91775,"Trikkandiyur PO, Malappuram (1.1 km)",0,open map,,
Area,Kerala,Malappuram,Tirur,Payyanangadi,0,1,0,1,1,1,,1,High,10.92541,75.93076,"Trikkandiyur PO, Malappuram (2.2 km)",0,open map,,
City,Kerala,Kozhikode,Kunnamangalam,,0,9,0,9,9,9,,9,Low,11.36013,75.95445,"Manipuram PO, Kozhikode (2.4 km)",10.5,open map,,
Area,Kerala,Kozhikode,Kunnamangalam,Mukkam,0,2,0,2,2,2,,1,Low,11.34423,75.97867,"Malayamma PO, Kozhikode (4.4 km)",3.3,open map,,
Area,Kerala,Kozhikode,Kunnamangalam,Thamarassery,0,2,0,2,2,2,,2,Low,11.41413,75.93632,"Avilora PO, Kozhikode (4.6 km)",0.3,open map,,
Area,Kerala,Kozhikode,Kunnamangalam,Koodathai,0,1,0,1,1,1,,1,Low,11.39888,75.95445,"Manipuram PO, Kozhikode (3.8 km)",0,open map,,
Area,Kerala,Kozhikode,Kunnamangalam,Omassery,0,1,0,1,1,1,,2,Low,11.36013,75.96463,"Manipuram PO, Kozhikode (3.5 km)",0,open map,,
Area,Kerala,Kozhikode,Kunnamangalam,Vent Pipe Bridge Mukkam,0,1,0,1,1,1,,,Low,11.33075,75.98661,"Chennamangallur PO, Kozhikode (4.1 km)",0,open map,,
Area,Kerala,Kozhikode,Kunnamangalam,(area not known),0,2,0,2,2,2,,2,High,11.30415,75.875,"Kunnamangalam PO, Kozhikode (0.3 km)",0.2,open map,,
City,Kerala,Kozhikode,Cherapuram,,1,7,0,8,8,6,,7,Low,11.64979,75.72907,"Nittur PO, Kozhikode (0.7 km)",2.2,open map,,
Area,Kerala,Kozhikode,Cherapuram,Nittur,1,1,0,2,2,2,,,Medium,11.64979,75.72907,"Nittur PO, Kozhikode (0.7 km)",0.1,open map,,
Area,Kerala,Kozhikode,Cherapuram,Kerala,0,1,0,1,1,1,,,Low,11.64091,75.71725,"Nittur PO, Kozhikode (1.0 km)",0,open map,,
Area,Kerala,Kozhikode,Cherapuram,Kuttiady,0,1,0,1,1,1,,1,Low,11.65565,75.74825,"Kuttiadi PO, Kozhikode (0.6 km)",0,open map,,
Area,Kerala,Kozhikode,Cherapuram,Kutyadi,0,1,0,1,1,1,,1,Low,11.65932,75.74266,"Taliyil PO, Kozhikode (1.0 km)",0,open map,,
Area,Kerala,Kozhikode,Cherapuram,Theekkuni,0,1,0,1,1,1,,2,High,11.63709,75.70654,"Cherapuram PO, Kozhikode (2.1 km)",0,open map,,
Area,Kerala,Kozhikode,Cherapuram,(area not known),0,2,0,2,2,0,,,Low,,,,,,,
City,Kerala,Kottayam,Changanassery,,0,8,0,8,8,7,,11,High,9.44338,76.54221,"Kainady PO, Alappuzha (7.1 km)",1.6,open map,,
Area,Kerala,Kottayam,Changanassery,Perunna,0,4,0,4,4,3,,3,High,9.44338,76.54323,"Kainady PO, Alappuzha (7.1 km)",0.3,open map,,
Area,Kerala,Kottayam,Changanassery,Puzhavathu,0,1,0,1,1,1,,,High,9.44774,76.53941,"Kainady PO, Alappuzha (6.5 km)",0,open map,,
Area,Kerala,Kottayam,Changanassery,(area not known),0,3,0,3,3,3,,2,High,9.43158,76.54221,"Kainady PO, Alappuzha (8.2 km)",1.8,open map,,
City,Kerala,Kozhikode,Parakkadavu,,1,7,0,8,8,8,,9,High,11.72893,75.63335,"Kayappanichi PO, Kozhikode (3.3 km)",2.3,open map,,
Area,Kerala,Kozhikode,Parakkadavu,Kallilkandy,0,1,0,1,1,1,,3,Low,11.74882,75.62912,"Kayappanichi PO, Kozhikode (5.3 km)",0,open map,,
Area,Kerala,Kozhikode,Parakkadavu,Kerala,0,1,0,1,1,1,,,Low,11.74866,75.62898,"Kayappanichi PO, Kozhikode (5.2 km)",0,open map,,
Area,Kerala,Kozhikode,Parakkadavu,(area not known),1,5,0,6,6,6,,2,High,11.72703,75.63761,"Tuneri PO, Kozhikode (3.4 km)",1.6,open map,,
City,Kerala,Kozhikode,Azhiyur,,4,4,0,8,8,8,,11,Low,11.68059,75.55418,"Azhiyur PO, Kozhikode (1.6 km)",2.7,open map,,
Area,Kerala,Kozhikode,Azhiyur,Azhiyoor,0,1,0,1,1,1,,,Low,11.68308,75.55162,"Azhiyur PO, Kozhikode (1.5 km)",0,open map,,
Area,Kerala,Kozhikode,Azhiyur,Azhiyour,1,0,0,1,1,1,,,Low,11.68722,75.54338,"Pallur PO, Mahe (1.9 km)",0,open map,,
Area,Kerala,Kozhikode,Azhiyur,Chombala,1,0,0,1,1,1,,4,High,11.66821,75.55905,"Kunnummakkara PO, Kozhikode (1.8 km)",0,open map,,
Area,Kerala,Kozhikode,Azhiyur,Mahe,0,1,0,1,1,1,,,Low,11.69697,75.53535,"Pallur PO, Mahe (0.5 km)",0,open map,,
Area,Kerala,Kozhikode,Azhiyur,Mhg3Vwp,0,1,0,1,1,1,,1,High,11.67753,75.5546,"Azhiyur PO, Kozhikode (1.9 km)",0,open map,,
Area,Kerala,Kozhikode,Azhiyur,Tikkoti,1,0,0,1,1,1,,,Low,11.49075,75.65345,"Tikkoti PO, Kozhikode (0.7 km)",0,open map,,
Area,Kerala,Kozhikode,Azhiyur,(area not known),1,1,0,2,2,2,,3,Medium,11.68296,75.55465,"Azhiyur PO, Kozhikode (1.3 km)",0.5,open map,,
City,Kerala,Thiruvananthapuram,Kulathummal,,1,6,0,7,7,7,,6,Low,8.50709,77.08155,"Elluvila PO, Thiruvananthapuram (3.3 km)",1.9,open map,,
Area,Kerala,Thiruvananthapuram,Kulathummal,Kattakkada,1,4,0,5,5,5,,6,Low,8.50709,77.08155,"Elluvila PO, Thiruvananthapuram (3.3 km)",0.9,open map,,
Area,Kerala,Thiruvananthapuram,Kulathummal,Kallikkad,0,1,0,1,1,1,,,Low,8.49063,77.07595,"Elluvila PO, Thiruvananthapuram (1.4 km)",0,open map,,
Area,Kerala,Thiruvananthapuram,Kulathummal,(area not known),0,1,0,1,1,1,,,High,8.50947,77.08288,"Elluvila PO, Thiruvananthapuram (3.6 km)",0,open map,,
City,Kerala,Idukki,Thodupuzha,,0,7,0,7,7,7,,8,Medium,9.89891,76.71743,"Koothattukulam PO, Ernakulam (13.4 km)",1.5,open map,,
Area,Kerala,Idukki,Thodupuzha,Kolani Jct,0,1,0,1,1,1,,1,High,9.8831,76.69751,"Koothattukulam PO, Ernakulam (10.8 km)",0,open map,,
Area,Kerala,Idukki,Thodupuzha,Vpr47Mp,0,1,0,1,1,1,,1,Low,9.89067,76.70682,"Koothattukulam PO, Ernakulam (12.0 km)",0,open map,,
Area,Kerala,Idukki,Thodupuzha,Vpx9Hm,0,1,0,1,1,1,,1,Low,9.89891,76.71915,"Koothattukulam PO, Ernakulam (13.5 km)",0,open map,,
Area,Kerala,Idukki,Thodupuzha,(area not known),0,4,0,4,4,4,,4,High,9.90272,76.71782,"Koothattukulam PO, Ernakulam (13.5 km)",0.7,open map,,
City,Kerala,Kannur,Kuthuparamba,,0,7,0,7,7,7,,7,Medium,11.82978,75.56432,"Mokeri PO, Kannur (5.9 km)",1.6,open map,,
Area,Kerala,Kannur,Kuthuparamba,Kottayampoyil,0,1,0,1,1,1,,1,Low,11.81357,75.55501,"Mokeri PO, Kannur (4.5 km)",0,open map,,
Area,Kerala,Kannur,Kuthuparamba,Rhh6Mwv,0,1,0,1,1,1,,1,High,11.82934,75.56227,"Mokeri PO, Kannur (5.9 km)",0,open map,,
Area,Kerala,Kannur,Kuthuparamba,Suba Mahal,0,1,0,1,1,1,,1,Low,11.84329,75.56922,"Kayani PO, Kannur (5.5 km)",0,open map,,
Area,Kerala,Kannur,Kuthuparamba,(area not known),0,4,0,4,4,4,,4,High,11.82989,75.5647,"Mokeri PO, Kannur (5.9 km)",0.1,open map,,
City,Kerala,Kannur,Kannur,,0,7,0,7,7,7,,6,Low,11.87668,75.36581,"Katalayi PO, Kannur (1.4 km)",0.5,open map,,
Area,Kerala,Kannur,Kannur,Talap,0,4,0,4,4,4,,4,Low,11.87699,75.36587,"Katalayi PO, Kannur (1.4 km)",0.1,open map,,
Area,Kerala,Kannur,Kannur,Katalayi,0,3,0,3,3,3,,1,Medium,11.87238,75.36569,"Katalayi PO, Kannur (1.0 km)",0.1,open map,,
City,Kerala,Thiruvananthapuram,Pazhayakunnummel,,1,5,0,6,5,5,1,2,Medium,8.76994,76.88004,"Pullayil PO, Thiruvananthapuram (3.0 km)",0.3,open map,,
Area,Kerala,Thiruvananthapuram,Pazhayakunnummel,Kilimanoor,1,4,0,5,4,4,1,2,Medium,8.76994,76.88004,"Pullayil PO, Thiruvananthapuram (3.0 km)",0,open map,,
Area,Kerala,Thiruvananthapuram,Pazhayakunnummel,(area not known),0,1,0,1,1,1,,,High,8.77307,76.88001,"Adayamon PO, Thiruvananthapuram (3.0 km)",0,open map,,
City,Kerala,Kollam,Kollam,,0,6,0,6,6,4,,10,Medium,8.88468,76.5876,"Kadappakada PO, Kollam (1.9 km)",0.5,open map,,
Area,Kerala,Kollam,Kollam,Andamukkam,0,1,0,1,1,1,,2,High,8.88427,76.58884,"Kadappakada PO, Kollam (1.9 km)",0,open map,,
Area,Kerala,Kollam,Kollam,Chinnakada,0,1,0,1,1,1,,2,High,8.88509,76.58636,"Kadappakada PO, Kollam (2.0 km)",0,open map,,
Area,Kerala,Kollam,Kollam,Kadappakada,0,1,0,1,1,1,,,High,8.88308,76.59144,"Kadappakada PO, Kollam (1.7 km)",0,open map,,
Area,Kerala,Kollam,Kollam,Karbala,0,1,0,1,1,0,,4,Low,,,,,,,
Area,Kerala,Kollam,Kollam,Mundakkal Village,0,1,0,1,1,0,,1,Low,,,,,,,
Area,Kerala,Kozhikode,Kollam,(area not known),0,1,0,1,1,1,,,Low,11.44386,75.69138,"Kollam PO, Kozhikode (1.6 km)",0,open map,,
City,Kerala,Kozhikode,Koyilandy,,2,4,0,6,6,4,1,6,Low,11.44378,75.69653,"Peruvattur PO, Kozhikode (1.8 km)",2.8,open map,,
Area,Kerala,Kozhikode,Koyilandy,Balussery,0,1,0,1,1,1,,1,Low,11.44718,75.82902,"Balusseri PO, Kozhikode (0.0 km)",0,open map,,
Area,Kerala,Kozhikode,Koyilandy,Cmqw6Cv,1,0,0,1,1,0,1,,Low,,,,,,,
Area,Kerala,Kozhikode,Koyilandy,Cmqwc5G,0,1,0,1,1,1,,1,Low,11.43715,75.69653,"Melur PO, Kozhikode (2.1 km)",0,open map,,
Area,Kerala,Kozhikode,Koyilandy,Cmrw5H9,0,1,0,1,1,1,,1,Low,11.44039,75.69653,"Peruvattur PO, Kozhikode (2.2 km)",0,open map,,
Area,Kerala,Kozhikode,Koyilandy,Parapalli,1,0,0,1,1,1,,1,High,11.46031,75.67699,"Kollam PO, Kozhikode (0.8 km)",0,open map,,
Area,Kerala,Kozhikode,Koyilandy,(area not known),0,1,0,1,1,0,,1,Low,,,,,,,
City,Kerala,Kannur,Mattannur,,0,6,0,6,6,6,,6,High,11.93132,75.57492,"Mattanur PO, Kannur (0.4 km)",0.7,open map,,
Area,Kerala,Kannur,Mattannur,Indira Nagar,0,3,0,3,3,3,,3,High,11.9295,75.57246,"Mattanur PO, Kannur (0.1 km)",0.1,open map,,
Area,Kerala,Kannur,Mattannur,Mattanur,0,2,0,2,2,2,,2,High,11.93226,75.5793,"Mattanur PO, Kannur (0.9 km)",0.2,open map,,
Area,Kerala,Kannur,Mattannur,Palottupally,0,1,0,1,1,1,,1,Low,11.93228,75.5819,"Mattanur PO, Kannur (1.2 km)",0,open map,,
City,Kerala,Kozhikode,Villiappally,,2,4,0,6,6,4,2,6,Medium,11.6245,75.62785,"Kurikkilad PO, Kozhikode (1.8 km)",0.1,open map,,
Area,Kerala,Kozhikode,Villiappally,Kurikkilad,1,2,0,3,3,3,,3,High,11.62396,75.62701,"Kurikkilad PO, Kozhikode (1.7 km)",0,open map,,
Area,Kerala,Kozhikode,Villiappally,(area not known),1,2,0,3,3,1,2,,Low,11.6263,75.62946,"Kurikkilad PO, Kozhikode (2.0 km)",0,open map,,
City,Kerala,Kozhikode,Kakkattil,,0,6,0,6,6,6,,2,High,11.67945,75.69977,"Chelakkad PO, Kozhikode (0.6 km)",0.2,open map,,
Area,Kerala,Kozhikode,Kakkattil,Chelakkad,0,6,0,6,6,6,,1,High,11.67945,75.69977,"Chelakkad PO, Kozhikode (0.6 km)",0.2,open map,,
City,Kerala,Kannur,Panoor,,0,5,0,5,5,3,1,8,Medium,11.75885,75.57814,"Panoor PO, Kannur (0.1 km)",0.1,open map,,
Area,Kerala,Kannur,Panoor,(area not known),0,5,0,5,5,3,1,3,Medium,11.75885,75.57814,"Panoor PO, Kannur (0.1 km)",0.1,open map,,
City,Kerala,Kozhikode,Kannookkara,,3,2,0,5,5,5,,5,Medium,11.63877,75.57234,"Thuvakkode PO, Kozhikode (0.8 km)",2,open map,,
Area,Kerala,Kozhikode,Kannookkara,Madappallly,3,0,0,3,3,3,,1,Low,11.63826,75.57243,"Thuvakkode PO, Kozhikode (0.8 km)",0,open map,,
Area,Kerala,Kozhikode,Kannookkara,(area not known),0,2,0,2,2,2,,2,High,11.65434,75.56215,"Chombala PO, Kozhikode (2.1 km)",0,open map,,
City,Kerala,Thiruvananthapuram,Attingal,,2,3,0,5,4,4,,5,Medium,8.69522,76.81265,"Vanchiyur PO, Thiruvananthapuram (3.8 km)",2,open map,,
Area,Kerala,Thiruvananthapuram,Attingal,Kizhakkupuram,1,2,0,3,3,3,,2,High,8.69553,76.81256,"Vanchiyur PO, Thiruvananthapuram (3.8 km)",0.1,open map,,
Area,Kerala,Thiruvananthapuram,Attingal,Valakkadu,0,1,0,1,1,1,,1,Low,8.69168,76.85498,"Poikamukku PO, Thiruvananthapuram (1.6 km)",0,open map,,
Area,Kerala,Thiruvananthapuram,Attingal,(area not known),1,0,0,1,0,0,,,Low,,,,,,,
City,Kerala,Thiruvananthapuram,Nedumangad,,0,5,0,5,5,3,,5,Medium,8.61193,76.9977,"Nedumangad PO, Thiruvananthapuram (1.1 km)",0,open map,,
Area,Kerala,Thiruvananthapuram,Nedumangad,Pazhakutty,0,3,0,3,3,2,,4,Medium,8.61079,76.9977,"Nedumangad PO, Thiruvananthapuram (1.0 km)",0.1,open map,,
Area,Kerala,Thiruvananthapuram,Nedumangad,Pazhavadi,0,2,0,2,2,1,,,Medium,8.61233,76.9977,"Nedumangad PO, Thiruvananthapuram (1.1 km)",0,open map,,
City,Kerala,Kozhikode,Payyoli,,4,1,0,5,5,5,,4,High,11.51633,75.62337,"Purakkad PO, Kozhikode (3.4 km)",0.3,open map,,
Area,Kerala,Kozhikode,Payyoli,(area not known),4,1,0,5,5,5,,4,High,11.51633,75.62337,"Purakkad PO, Kozhikode (3.4 km)",0.3,open map,,
City,Kerala,Kasargod,Nileshwar,,0,4,0,4,4,3,,4,High,12.25618,75.13244,"Nileshwar PO, Kasargod (0.5 km)",0.5,open map,,
Area,Kerala,Kasargod,Nileshwar,(area not known),0,4,0,4,4,3,,4,High,12.25618,75.13244,"Nileshwar PO, Kasargod (0.5 km)",0.5,open map,,
City,Kerala,Kozhikode,Kallachi,,1,3,0,4,4,4,,1,High,11.69066,75.67879,"Nadapuram PO, Kozhikode (2.7 km)",2,open map,,
Area,Kerala,Kozhikode,Kallachi,Chelakkad,0,2,0,2,2,2,,,High,11.68508,75.67575,"Nadapuram PO, Kozhikode (2.3 km)",1.7,open map,,
Area,Kerala,Kozhikode,Kallachi,Nadapuram,1,0,0,1,1,1,,1,High,11.69204,75.66701,"Nadapuram PO, Kozhikode (1.6 km)",0,open map,,
Area,Kerala,Kozhikode,Kallachi,(area not known),0,1,0,1,1,1,,,High,11.72133,75.69971,"Vattoli PO, Kozhikode (5.2 km)",0,open map,,
City,Kerala,Kozhikode,Ulliyeri,,0,4,0,4,4,4,,2,High,11.4504,75.77281,"Ulliyeri SO PO, Kozhikode (1.0 km)",0.2,open map,,
Area,Kerala,Kozhikode,Ulliyeri,Ulliyeri SO,0,3,0,3,3,3,,2,High,11.45009,75.77187,"Ulliyeri SO PO, Kozhikode (0.9 km)",0.1,open map,,
Area,Kerala,Kozhikode,Ulliyeri,(area not known),0,1,0,1,1,1,,,Low,11.49331,75.84203,"Avitanallur PO, Kozhikode (2.8 km)",0,open map,,
City,Kerala,Alappuzha,Mannar,,0,4,0,4,4,3,,4,High,9.30936,76.53413,"Thripperunthura PO, Alappuzha (3.6 km)",1.4,open map,,
Area,Kerala,Alappuzha,Mannar,Eramathoor,0,1,0,1,1,1,,,High,9.30811,76.53413,"Thripperunthura PO, Alappuzha (3.5 km)",0,open map,,
Area,Kerala,Alappuzha,Mannar,(area not known),0,3,0,3,3,2,,3,Medium,9.31734,76.53963,"Thripperunthura PO, Alappuzha (4.7 km)",1.2,open map,,
City,Kerala,Kottayam,Kizhaparayar,,0,4,0,4,4,4,,3,Low,9.71107,76.68412,"Kadaplamattom PO, Kottayam (8.5 km)",0.4,open map,,
Area,Kerala,Kottayam,Kizhaparayar,Pala,0,3,0,3,3,3,,3,Low,9.70905,76.68251,"Kadaplamattom PO, Kottayam (8.3 km)",0.1,open map,,
Area,Kerala,Kottayam,Kizhaparayar,(area not known),0,1,0,1,1,1,,,High,9.7131,76.68914,"Plassanal PO, Kottayam (8.0 km)",0,open map,,
City,Kerala,Palakkad,Perintalmanna,,0,4,0,4,4,4,,4,Low,10.86316,76.18595,"Amayur PO, Palakkad (0.9 km)",0.6,open map,,
Area,Kerala,Palakkad,Perintalmanna,Koppam,0,4,0,4,4,4,,4,Low,10.86316,76.18595,"Amayur PO, Palakkad (0.9 km)",0.6,open map,,
City,Kerala,Kozhikode,Memunda,,3,1,0,4,4,4,,3,Medium,11.5875,75.62311,"Memunda PO, Kozhikode (3.2 km)",1.1,open map,,
Area,Kerala,Kozhikode,Memunda,Keezhal,1,0,0,1,1,1,,1,Low,11.58692,75.62738,"Iringal PO, Kozhikode (3.3 km)",0,open map,,
Area,Kerala,Kozhikode,Memunda,Kerala,1,0,0,1,1,1,,,Low,11.58669,75.61319,"Memunda PO, Kozhikode (2.3 km)",0,open map,,
Area,Kerala,Kozhikode,Memunda,(area not known),1,1,0,2,2,2,,1,High,11.59448,75.62311,"Mayyannur PO, Kozhikode (2.7 km)",0.8,open map,,
City,Kerala,Kozhikode,Katameri,,2,2,0,4,4,3,,4,Medium,11.65638,75.65831,"Kuningad PO, Kozhikode (1.8 km)",0.2,open map,,
Area,Kerala,Kozhikode,Katameri,Thanneerpanthal,1,1,0,2,2,2,,,High,11.65678,75.65757,"Kuningad PO, Kozhikode (1.7 km)",0.1,open map,,
Area,Kerala,Kozhikode,Katameri,Ayanchery,0,1,0,1,1,1,,2,Low,11.62592,75.67548,"Cherapuram PO, Kozhikode (3.2 km)",0,open map,,
Area,Kerala,Kozhikode,Katameri,(area not known),1,0,0,1,1,0,,,Low,,,,,,,
City,Kerala,Alappuzha,Kayamkulam,,0,4,0,4,4,4,,5,Low,9.1758,76.52874,"Pullikanakku PO, Alappuzha (0.4 km)",8.7,open map,,
Area,Kerala,Alappuzha,Kayamkulam,Charummoodu,0,1,0,1,1,1,,1,Low,9.17494,76.60772,"Eravankara PO, Alappuzha (1.0 km)",0,open map,,
Area,Kerala,Kollam,Kayamkulam,Karunagappalli,0,1,0,1,1,1,,,Low,9.05332,76.53557,"Kollaka PO, Kollam (1.7 km)",0,open map,,
Area,Kerala,Alappuzha,Kayamkulam,Mukkavala,0,1,0,1,1,1,,1,High,9.1776,76.50273,"Perungala PO, Alappuzha (1.8 km)",0,open map,,
Area,Kerala,Alappuzha,Kayamkulam,Pullikanakku,0,1,0,1,1,1,,,Low,9.17666,76.5219,"Pullikanakku PO, Alappuzha (0.6 km)",0,open map,,
City,Kerala,Kozhikode,Thiruvallur,,1,3,0,4,4,4,,4,High,11.59107,75.67156,"Cheruvannur PO, Kozhikode (4.2 km)",0.1,open map,,
Area,Kerala,Kozhikode,Thiruvallur,(area not known),1,3,0,4,4,4,,1,High,11.59107,75.67156,"Cheruvannur PO, Kozhikode (4.2 km)",0.1,open map,,
City,Kerala,Thiruvananthapuram,Varkala,,1,3,0,4,4,3,1,4,High,8.76271,76.72545,"Edava PO, Thiruvananthapuram (3.1 km)",0.5,open map,,
Area,Kerala,Thiruvananthapuram,Varkala,(area not known),1,3,0,4,4,3,1,2,High,8.76271,76.72545,"Edava PO, Thiruvananthapuram (3.1 km)",0.5,open map,,
City,Kerala,Kannur,Kadavathur,,0,4,0,4,4,0,4,3,Low,,,,,,,
Area,Kerala,Kannur,Kadavathur,(area not known),0,4,0,4,4,0,4,2,Low,,,,,,,
City,Kerala,Kannur,Peringathur,,1,2,0,3,3,3,,4,Low,11.71605,75.57745,"Olavilam PO, Kannur (2.5 km)",0.3,open map,,
Area,Kerala,Kannur,Peringathur,Mekkunnu,0,1,0,1,1,1,,,Low,11.71882,75.57745,"Aniyaram PO, Kannur (2.5 km)",0,open map,,
Area,Kerala,Kannur,Peringathur,Mekunnu,1,0,0,1,1,1,,1,Low,11.71605,75.57651,"Olavilam PO, Kannur (2.4 km)",0,open map,,
Area,Kerala,Kannur,Peringathur,(area not known),0,1,0,1,1,1,,1,High,11.71387,75.58561,"Iringannur PO, Kozhikode (2.0 km)",0,open map,,
City,Kerala,Ernakulam,Kothamangalam,,0,3,0,3,3,3,,3,High,10.0628,76.61954,"Thrikkalathoor PO, Ernakulam (8.8 km)",0.6,open map,,
Area,Kerala,Ernakulam,Kothamangalam,Thankalam,0,2,0,2,2,2,,2,High,10.04999,76.60727,"Thrikkalathoor PO, Ernakulam (7.1 km)",2.5,open map,,
Area,Kerala,Ernakulam,Kothamangalam,(area not known),0,1,0,1,1,1,,1,High,10.0628,76.6216,"Thrikkalathoor PO, Ernakulam (9.0 km)",0,open map,,
City,Kerala,Thiruvananthapuram,Nemom,,1,2,0,3,3,3,,3,High,8.45593,77.00051,"Balaramapuram PO, Thiruvananthapuram (6.1 km)",0.3,open map,,
Area,Kerala,Thiruvananthapuram,Nemom,(area not known),1,2,0,3,3,3,,3,High,8.45593,77.00051,"Balaramapuram PO, Thiruvananthapuram (6.1 km)",0.3,open map,,
City,Kerala,Kozhikode,Vadakara,,1,2,0,3,1,0,,,Low,,,,,,,
Area,Kerala,Kozhikode,Vadakara,(area not known),1,2,0,3,1,0,,,Low,,,,,,,
City,Kerala,Kasargod,Chengala,,0,3,0,3,3,3,,3,Low,12.50872,75.05203,"Chengala PO, Kasargod (1.2 km)",0,open map,,
Area,Kerala,Kasargod,Chengala,Cherkala,0,2,0,2,2,2,,3,Low,12.50874,75.05422,"Chengala PO, Kasargod (1.2 km)",0.2,open map,,
Area,Kerala,Kasargod,Chengala,Kundadukkam,0,1,0,1,1,1,,,High,12.50872,75.05203,"Chengala PO, Kasargod (1.2 km)",0,open map,,
City,Kerala,Kozhikode,Cheruvannur,,0,3,0,3,3,3,,4,High,11.56355,75.70863,"Cheruvannur PO, Kozhikode (0.9 km)",0.1,open map,,
Area,Kerala,Kozhikode,Cheruvannur,Muyippoth,0,1,0,1,1,1,,2,High,11.56613,75.69193,"Cheruvannur PO, Kozhikode (1.0 km)",0,open map,,
Area,Kerala,Kozhikode,Cheruvannur,(area not known),0,2,0,2,2,2,,1,High,11.56345,75.70888,"Cheruvannur PO, Kozhikode (0.9 km)",0,open map,,
City,Kerala,Kozhikode,Naduvannur,,2,1,0,3,3,2,1,3,Medium,11.48239,75.77498,"Naduvannur PO, Kozhikode (0.6 km)",0,open map,,
Area,Kerala,Kozhikode,Naduvannur,(area not known),2,1,0,3,3,2,1,1,Medium,11.48239,75.77498,"Naduvannur PO, Kozhikode (0.6 km)",0,open map,,
City,Kerala,Kottayam,Mundakayam,,0,3,0,3,3,1,1,3,Low,9.53917,76.88351,"Peruvanthanam PO, Idukki (4.7 km)",0,open map,,
Area,Kerala,Kottayam,Mundakayam,(area not known),0,3,0,3,3,1,1,2,Low,9.53917,76.88351,"Peruvanthanam PO, Idukki (4.7 km)",0,open map,,
City,Kerala,Kannur,Kidanhi,,1,2,0,3,3,3,,3,Medium,11.6935,75.58159,"Eramala PO, Kozhikode (1.3 km)",0,open map,,
Area,Kerala,Kannur,Kidanhi,Eramala,0,1,0,1,1,1,,,High,11.6935,75.58159,"Eramala PO, Kozhikode (1.3 km)",0,open map,,
Area,Kerala,Kannur,Kidanhi,Kunnummakara,1,0,0,1,1,1,,1,Low,11.67288,75.58009,"Kunnummakkara PO, Kozhikode (0.6 km)",0,open map,,
Area,Kerala,Kannur,Kidanhi,Mhvjfm2,0,1,0,1,1,1,,1,High,11.69369,75.5816,"Eramala PO, Kozhikode (1.3 km)",0,open map,,
City,Kerala,Palakkad,Ottappalam,,0,3,0,3,3,3,,3,Low,10.78164,76.47839,"Mankarai PO, Palakkad (2.8 km)",0.4,open map,,
Area,Kerala,Palakkad,Ottappalam,Pathirippala,0,1,0,1,1,1,,,Low,10.7832,76.48198,"Mankarai PO, Palakkad (2.4 km)",0,open map,,
Area,Kerala,Palakkad,Ottappalam,(area not known),0,2,0,2,2,2,,1,Low,10.77725,76.42891,"Sreeramakrishnanagar PO, Palakkad (2.3 km)",5.4,open map,,
City,Kerala,Malappuram,Manjeri,,0,3,0,3,3,3,,3,High,11.1204,76.11931,"Karuvambram PO, Malappuram (1.6 km)",0,open map,,
Area,Kerala,Malappuram,Manjeri,Karuvambram,0,3,0,3,3,3,,3,High,11.1204,76.11931,"Karuvambram PO, Malappuram (1.6 km)",0,open map,,
City,Kerala,Malappuram,Kondotty,,0,3,0,3,3,3,,3,High,11.14702,75.96382,"Kondotti PO, Malappuram (0.6 km)",0.1,open map,,
Area,Kerala,Malappuram,Kondotty,Kondotti,0,2,0,2,2,2,,3,High,11.14742,75.96473,"Kondotti PO, Malappuram (0.6 km)",0.1,open map,,
Area,Kerala,Malappuram,Kondotty,Kuruppath Junction,0,1,0,1,1,1,,,High,11.14648,75.96264,"Kondotti PO, Malappuram (0.6 km)",0,open map,,
City,Kerala,Palakkad,Palappuram,,0,2,0,2,2,1,,2,Low,10.76699,76.40841,"Sreeramakrishnanagar PO, Palakkad (0.2 km)",0,open map,,
Area,Kerala,Palakkad,Palappuram,Sreeramakrishnanagar,0,1,0,1,1,1,,1,Low,10.76699,76.40841,"Sreeramakrishnanagar PO, Palakkad (0.2 km)",0,open map,,
Area,Kerala,Palakkad,Palappuram,(area not known),0,1,0,1,1,0,,,Low,,,,,,,
City,Kerala,Kannur,Mokeri,,0,2,0,2,2,2,,4,Low,11.72787,75.64762,"Tuneri PO, Kozhikode (3.7 km)",10.3,open map,,
Area,Kerala,Kozhikode,Mokeri,Kuttiady,0,1,0,1,1,1,,,Low,11.67226,75.72385,"Vattoli PO, Kozhikode (1.9 km)",0,open map,,
Area,Kerala,Kannur,Mokeri,Pathippalam,0,1,0,1,1,1,,1,Low,11.78347,75.57138,"Mokeri PO, Kannur (0.7 km)",0,open map,,
City,Kerala,Thiruvananthapuram,Vattappara,,1,1,0,2,2,2,,4,Medium,8.62377,76.93863,"Iroopara PO, Thiruvananthapuram (3.2 km)",0.5,open map,,
Area,Kerala,Thiruvananthapuram,Vattappara,Vembayam,0,1,0,1,1,1,,3,Low,8.62845,76.93727,"Iroopara PO, Thiruvananthapuram (3.4 km)",0,open map,,
Area,Kerala,Thiruvananthapuram,Vattappara,(area not known),1,0,0,1,1,1,,,High,8.61909,76.94,"Iroopara PO, Thiruvananthapuram (3.0 km)",0,open map,,
City,Kerala,Kozhikode,Maniyur,,1,1,0,2,1,2,,,High,11.53007,75.65321,"Payyoli PO, Kozhikode (0.6 km)",0,open map,,
Area,Kerala,Kozhikode,Maniyur,Gmh3Q52,1,1,0,2,1,2,,,High,11.53007,75.65321,"Payyoli PO, Kozhikode (0.6 km)",0,open map,,
City,Kerala,Kozhikode,Meppayur,,0,2,0,2,2,2,,3,High,11.53012,75.70929,"Annasseri PO, Kozhikode (3.0 km)",0.2,open map,,
Area,Kerala,Kozhikode,Meppayur,(area not known),0,2,0,2,2,2,,3,High,11.53012,75.70929,"Annasseri PO, Kozhikode (3.0 km)",0.2,open map,,
City,Kerala,Kozhikode,Vanimal,,0,2,0,2,2,2,,3,High,11.72041,75.69929,"Vattoli PO, Kozhikode (5.1 km)",0.1,open map,,
Area,Kerala,Kozhikode,Vanimal,(area not known),0,2,0,2,2,2,,1,High,11.72041,75.69929,"Vattoli PO, Kozhikode (5.1 km)",0.1,open map,,
City,Kerala,Palakkad,Pattambi,,0,2,0,2,2,2,,2,High,10.80333,76.18854,"Pattambi PO, Palakkad (0.6 km)",0.7,open map,,
Area,Kerala,Palakkad,Pattambi,(area not known),0,2,0,2,2,2,,2,High,10.80333,76.18854,"Pattambi PO, Palakkad (0.6 km)",0.7,open map,,
City,Kerala,Pathanamthitta,Mallappally,,0,2,0,2,2,2,,3,Low,9.44643,76.65544,"Vaipur PO, Pathanamthitta (5.1 km)",0.1,open map,,
Area,Kerala,Pathanamthitta,Mallappally,Cmw3Pwp,0,1,0,1,1,1,,1,Low,9.44682,76.65489,"Vaipur PO, Pathanamthitta (5.2 km)",0,open map,,
Area,Kerala,Pathanamthitta,Mallappally,Cmw4Ccc,0,1,0,1,1,1,,1,Low,9.44604,76.65598,"Vaipur PO, Pathanamthitta (5.1 km)",0,open map,,
City,Kerala,Kottayam,Kanjirappally,,0,2,0,2,2,2,,3,Low,9.55564,76.79084,"Poothakuzhy PO, Kottayam (4.8 km)",0.1,open map,,
Area,Kerala,Kottayam,Kanjirappally,Kokkappally,0,2,0,2,2,2,,2,Low,9.55564,76.79084,"Poothakuzhy PO, Kottayam (4.8 km)",0.1,open map,,
City,Kerala,Kannur,Taliparamba,,0,2,0,2,2,2,,,Low,12.02546,75.35094,"Kuttiyeri PO, Kannur (5.0 km)",8.7,open map,,
Area,Kerala,Kannur,Taliparamba,Chendayad,0,1,0,1,1,1,,,Low,12.05046,75.27546,"Cherukunnu PO, Kannur (6.2 km)",0,open map,,
Area,Kerala,Kannur,Taliparamba,Devarkovil,0,1,0,1,1,1,,,Low,12.00045,75.42643,"Kayaralam PO, Kannur (0.4 km)",0,open map,,
City,Kerala,Thiruvananthapuram,Neyyattinkara,,2,0,0,2,2,2,,2,High,8.39865,77.08963,"Balaramapuram PO, Thiruvananthapuram (5.6 km)",0.2,open map,,
Area,Kerala,Thiruvananthapuram,Neyyattinkara,Alummoodu,2,0,0,2,2,2,,2,High,8.39865,77.08963,"Balaramapuram PO, Thiruvananthapuram (5.6 km)",0.2,open map,,
City,Kerala,Kannur,Elayavoor,,0,2,0,2,2,2,,3,Medium,11.86809,75.40139,"Mundayad PO, Kannur (1.4 km)",0.8,open map,,
Area,Kerala,Kannur,Elayavoor,Mundayad,0,2,0,2,2,2,,1,Medium,11.86809,75.40139,"Mundayad PO, Kannur (1.4 km)",0.8,open map,,
City,Kerala,Kozhikode,Tuneri,,0,2,0,2,2,1,,,Medium,11.70871,75.63385,"Tuneri PO, Kozhikode (1.3 km)",0,open map,,
Area,Kerala,Kozhikode,Tuneri,(area not known),0,2,0,2,2,1,,,Medium,11.70871,75.63385,"Tuneri PO, Kozhikode (1.3 km)",0,open map,,
City,Kerala,Kollam,Kottarakkara,,0,2,0,2,2,2,,3,High,8.99986,76.77129,"Koivila PO, Kollam (1.0 km)",0,open map,,
Area,Kerala,Kollam,Kottarakkara,Chenthara,0,1,0,1,1,1,,1,High,8.99989,76.77121,"Koivila PO, Kollam (1.0 km)",0,open map,,
Area,Kerala,Kollam,Kottarakkara,Koivila,0,1,0,1,1,1,,,High,8.99982,76.77137,"Koivila PO, Kollam (1.0 km)",0,open map,,
City,Kerala,Kozhikode,Thamarassery,,0,2,0,2,2,0,,,Low,,,,,,,
Area,Kerala,Kozhikode,Thamarassery,(area not known),0,2,0,2,2,0,,,Low,,,,,,,
City,Kerala,Alappuzha,Chengannur,,0,2,0,2,2,2,,,Medium,9.29428,76.57139,"Puthiyacavu PO, Alappuzha (4.9 km)",5.8,open map,,
Area,Kerala,Alappuzha,Chengannur,Chengannur Part,0,1,0,1,1,1,,,Low,9.33654,76.603,"Kodukulanji PO, Alappuzha (7.5 km)",0,open map,,
Area,Kerala,Alappuzha,Chengannur,(area not known),0,1,0,1,1,1,,,High,9.25202,76.53978,"Puthiyacavu PO, Alappuzha (3.0 km)",0,open map,,
City,Kerala,Kannur,Kadachira,,0,2,0,2,2,2,,,High,11.84736,75.43273,"Kizhunna PO, Kannur (1.6 km)",0,open map,,
Area,Kerala,Kannur,Kadachira,Kizhunna,0,2,0,2,2,2,,,High,11.84736,75.43273,"Kizhunna PO, Kannur (1.6 km)",0,open map,,
City,Kerala,Kozhikode,Chombala,,1,1,0,2,2,2,,,High,11.67003,75.55775,"Kunnummakkara PO, Kozhikode (1.9 km)",0.3,open map,,
Area,Kerala,Kozhikode,Chombala,Kunnummakkara,1,0,0,1,1,1,,,High,11.66816,75.55917,"Kunnummakkara PO, Kozhikode (1.8 km)",0,open map,,
Area,Kerala,Kozhikode,Chombala,(area not known),0,1,0,1,1,1,,,High,11.6719,75.55632,"Kunnummakkara PO, Kozhikode (2.1 km)",0,open map,,
City,Kerala,Kozhikode,Pulakkod,,0,2,0,2,2,2,,4,Low,11.39011,75.97588,"Manipuram PO, Kozhikode (5.0 km)",4.9,open map,,
Area,Kerala,Kozhikode,Pulakkod,Thamarassery,0,1,0,1,1,1,,1,Low,11.41942,75.94233,"Avilora PO, Kozhikode (5.5 km)",0,open map,,
Area,Kerala,Kozhikode,Pulakkod,Thiruvambady,0,1,0,1,1,1,,2,Low,11.3608,76.00943,"Chennamangallur PO, Kozhikode (8.1 km)",0,open map,,
City,Kerala,Kozhikode,Kokkallur,,0,2,0,2,2,2,,2,Medium,11.44698,75.81541,"Balusseri PO, Kozhikode (1.5 km)",1.1,open map,,
Area,Kerala,Kozhikode,Kokkallur,Balussery,0,1,0,1,1,1,,1,Low,11.44804,75.82529,"Balusseri PO, Kozhikode (0.5 km)",0,open map,,
Area,Kerala,Kozhikode,Kokkallur,(area not known),0,1,0,1,1,1,,1,High,11.44593,75.80553,"Kokkallur PO, Kozhikode (1.8 km)",0,open map,,
City,Kerala,Malappuram,Ramanattukara,,0,2,0,2,2,2,,,High,11.17683,75.87012,"Vaidyarangadi PO, Kozhikode (0.2 km)",0,open map,,
Area,Kerala,Malappuram,Ramanattukara,Vaidyarangadi,0,2,0,2,2,2,,,High,11.17683,75.87012,"Vaidyarangadi PO, Kozhikode (0.2 km)",0,open map,,
City,Kerala,Kozhikode,Iringannur,,0,2,0,2,2,2,,6,High,11.71503,75.61197,"Iringannur PO, Kozhikode (1.2 km)",0.1,open map,,
Area,Kerala,Kozhikode,Iringannur,(area not known),0,2,0,2,2,2,,3,High,11.71503,75.61197,"Iringannur PO, Kozhikode (1.2 km)",0.1,open map,,
City,Kerala,Thiruvananthapuram,Pallichal,,2,0,0,2,2,2,,2,High,8.44118,77.01337,"Balaramapuram PO, Thiruvananthapuram (4.0 km)",0,open map,,
Area,Kerala,Thiruvananthapuram,Pallichal,(area not known),2,0,0,2,2,2,,2,High,8.44118,77.01337,"Balaramapuram PO, Thiruvananthapuram (4.0 km)",0,open map,,
City,Kerala,Thrissur,Wadakkanchery,,0,2,0,2,2,2,,,High,10.66504,76.25196,"Enkakad PO, Thrissur (0.9 km)",0.2,open map,,
Area,Kerala,Thrissur,Wadakkanchery,Ottupara,0,2,0,2,2,2,,,High,10.66504,76.25196,"Enkakad PO, Thrissur (0.9 km)",0.2,open map,,
City,Kerala,Ernakulam,Aluva,,0,2,0,2,2,2,,3,High,10.11062,76.35002,"Athani (Ernakulam) PO, Ernakulam (4.9 km)",0,open map,,
Area,Kerala,Ernakulam,Aluva,Periyar Nagar,0,2,0,2,2,2,,2,High,10.11062,76.35002,"Athani (Ernakulam) PO, Ernakulam (4.9 km)",0,open map,,
City,Kerala,Kozhikode,Padanilam,,0,2,0,2,2,2,,,High,11.30639,75.89151,"Kunnamangalam PO, Kozhikode (1.5 km)",0.5,open map,,
Area,Kerala,Kozhikode,Padanilam,Kunnamangalam,0,2,0,2,2,2,,,High,11.30639,75.89151,"Kunnamangalam PO, Kozhikode (1.5 km)",0.5,open map,,
City,Kerala,Kozhikode,Valayam,,0,2,0,2,2,1,1,2,Medium,11.7216,75.6711,"Nadapuram PO, Kozhikode (4.5 km)",0,open map,,
Area,Kerala,Kozhikode,Valayam,(area not known),0,2,0,2,2,1,1,2,Medium,11.7216,75.6711,"Nadapuram PO, Kozhikode (4.5 km)",0,open map,,
City,Kerala,Kozhikode,Aroor,,0,1,0,1,1,0,1,1,Low,,,,,,,
Area,Kerala,Kozhikode,Aroor,(area not known),0,1,0,1,1,0,1,1,Low,,,,,,,
City,Kerala,Kannur,Punnol,,0,1,0,1,1,1,,2,Low,11.71098,75.53549,"Pallur PO, Mahe (1.0 km)",0,open map,,
Area,Kerala,Kannur,Punnol,Mahe,0,1,0,1,1,1,,1,Low,11.71098,75.53549,"Pallur PO, Mahe (1.0 km)",0,open map,,
City,Kerala,Thiruvananthapuram,Kallambalam,,1,0,0,1,1,1,,1,High,8.77008,76.78806,"Kallambalam PO, Thiruvananthapuram (0.6 km)",0,open map,,
Area,Kerala,Thiruvananthapuram,Kallambalam,(area not known),1,0,0,1,1,1,,1,High,8.77008,76.78806,"Kallambalam PO, Thiruvananthapuram (0.6 km)",0,open map,,
City,Kerala,Kottayam,Karukachal,,0,1,0,1,1,0,,,Low,,,,,,,
Area,Kerala,Kottayam,Karukachal,(area not known),0,1,0,1,1,0,,,Low,,,,,,,
City,Kerala,Kozhikode,Poonoor,,0,1,0,1,1,0,,,Low,,,,,,,
Area,Kerala,Kozhikode,Poonoor,(area not known),0,1,0,1,1,0,,,Low,,,,,,,
City,Kerala,Ernakulam,Edattala,,0,1,0,1,1,1,,1,Low,10.15301,76.37208,"Athani (Ernakulam) PO, Ernakulam (1.9 km)",0,open map,,
Area,Kerala,Ernakulam,Edattala,Angamaly,0,1,0,1,1,1,,1,Low,10.15301,76.37208,"Athani (Ernakulam) PO, Ernakulam (1.9 km)",0,open map,,
City,Kerala,Thrissur,Guruvayur,,0,1,0,1,1,0,,2,Low,,,,,,,
Area,Kerala,Thrissur,Guruvayur,Edappully,0,1,0,1,1,0,,1,Low,,,,,,,
City,Kerala,Idukki,Kattappana,,0,1,0,1,1,0,,2,Low,,,,,,,
Area,Kerala,Idukki,Kattappana,(area not known),0,1,0,1,1,0,,2,Low,,,,,,,
City,Kerala,Alappuzha,Thamarakulam,,0,1,0,1,1,1,,,High,9.43325,76.53478,"Kainady PO, Alappuzha (7.7 km)",0,open map,,
Area,Kerala,Alappuzha,Thamarakulam,(area not known),0,1,0,1,1,1,,,High,9.43325,76.53478,"Kainady PO, Alappuzha (7.7 km)",0,open map,,
City,Kerala,Kozhikode,Madappallly,,1,0,0,1,1,0,1,,Low,,,,,,,
Area,Kerala,Kozhikode,Madappallly,(area not known),1,0,0,1,1,0,1,,Low,,,,,,,
City,Kerala,Thiruvananthapuram,Navaikulam,,0,1,0,1,0,1,,,High,8.78792,76.77787,"Parakunnu PO, Thiruvananthapuram (1.0 km)",0,open map,,
Area,Kerala,Thiruvananthapuram,Navaikulam,Vettiyara P. O,0,1,0,1,0,1,,,High,8.78792,76.77787,"Parakunnu PO, Thiruvananthapuram (1.0 km)",0,open map,,
City,Kerala,Thiruvananthapuram,Puthenthope,,1,0,0,1,1,1,,,High,8.50319,76.91909,"Thiruvananthapuram  Chalai PO, Thiruvananthapuram (2.2 km)",0,open map,,
Area,Kerala,Thiruvananthapuram,Puthenthope,(area not known),1,0,0,1,1,1,,,High,8.50319,76.91909,"Thiruvananthapuram  Chalai PO, Thiruvananthapuram (2.2 km)",0,open map,,
City,Kerala,Ernakulam,Kalady,,0,1,0,1,1,1,,,High,10.16621,76.43724,"Kalady PO, Ernakulam (1.0 km)",0,open map,,
Area,Kerala,Ernakulam,Kalady,Chengal,0,1,0,1,1,1,,,High,10.16621,76.43724,"Kalady PO, Ernakulam (1.0 km)",0,open map,,
City,Kerala,Kollam,Mulavana,,0,1,0,1,1,1,,,High,8.97431,76.67077,"Mukkoodu PO, Kollam (1.4 km)",0,open map,,
Area,Kerala,Kollam,Mulavana,Kanjiracode,0,1,0,1,1,1,,,High,8.97431,76.67077,"Mukkoodu PO, Kollam (1.4 km)",0,open map,,
City,Kerala,Malappuram,Tavanur,,1,0,0,1,1,1,,1,High,10.83833,76.02084,"Trikkanapuram PO, Malappuram (1.2 km)",0,open map,,
Area,Kerala,Malappuram,Tavanur,Trikkanapuram,1,0,0,1,1,1,,1,High,10.83833,76.02084,"Trikkanapuram PO, Malappuram (1.2 km)",0,open map,,
City,Kerala,Kozhikode,Kunnummal,,0,1,0,1,1,1,,6,Low,11.63895,75.80502,"Mannur (Kozhikode) PO, Kozhikode (3.0 km)",0,open map,,
Area,Kerala,Kozhikode,Kunnummal,Mullankunnu,0,1,0,1,1,1,,1,Low,11.63895,75.80502,"Mannur (Kozhikode) PO, Kozhikode (3.0 km)",0,open map,,
City,Kerala,Kottayam,Chingavanam,,0,1,0,1,1,1,,1,High,9.52337,76.52711,"Kuzhimattom PO, Kottayam (1.6 km)",0,open map,,
Area,Kerala,Kottayam,Chingavanam,Kuzhimattom,0,1,0,1,1,1,,1,High,9.52337,76.52711,"Kuzhimattom PO, Kottayam (1.6 km)",0,open map,,
City,Kerala,Thiruvananthapuram,Kandala,,0,1,0,1,1,1,,1,Low,8.48341,77.0681,"Elluvila PO, Thiruvananthapuram (0.3 km)",0,open map,,
Area,Kerala,Thiruvananthapuram,Kandala,(area not known),0,1,0,1,1,1,,1,Low,8.48341,77.0681,"Elluvila PO, Thiruvananthapuram (0.3 km)",0,open map,,
City,Kerala,Thiruvananthapuram,Parassala,,0,1,0,1,1,0,1,,Low,,,,,,,
Area,Kerala,Thiruvananthapuram,Parassala,(area not known),0,1,0,1,1,0,1,,Low,,,,,,,
City,Kerala,Kozhikode,Karanthur,,0,1,0,1,1,1,,2,High,11.30098,75.86045,"Karanthur PO, Kozhikode (0.1 km)",0,open map,,
Area,Kerala,Kozhikode,Karanthur,(area not known),0,1,0,1,1,1,,1,High,11.30098,75.86045,"Karanthur PO, Kozhikode (0.1 km)",0,open map,,
City,Kerala,Kozhikode,Koothali,,1,0,0,1,1,1,,1,High,11.58482,75.76559,"Muthuvadathur PO, Kozhikode (0.4 km)",0,open map,,
Area,Kerala,Kozhikode,Koothali,Muthuvadathur,1,0,0,1,1,1,,,High,11.58482,75.76559,"Muthuvadathur PO, Kozhikode (0.4 km)",0,open map,,
City,Kerala,Thrissur,Kumaranellur,,0,1,0,1,1,0,1,3,Low,,,,,,,
Area,Kerala,Thrissur,Kumaranellur,Wadakkanchery,0,1,0,1,1,0,1,3,Low,,,,,,,
City,Kerala,Kollam,Chavara,,0,1,0,1,1,1,,2,Low,8.98732,76.5344,"Chavara PO, Kollam (2.4 km)",0,open map,,
Area,Kerala,Kollam,Chavara,(area not known),0,1,0,1,1,1,,1,Low,8.98732,76.5344,"Chavara PO, Kollam (2.4 km)",0,open map,,
City,Kerala,Palakkad,Koppam,,0,1,0,1,1,0,,,Low,,,,,,,
Area,Kerala,Palakkad,Koppam,(area not known),0,1,0,1,1,0,,,Low,,,,,,,
City,Kerala,Ernakulam,Muvattupuzha,,0,1,0,1,1,1,,5,High,9.99213,76.57514,"Thrikkalathoor PO, Ernakulam (5.9 km)",0,open map,,
Area,Kerala,Ernakulam,Muvattupuzha,(area not known),0,1,0,1,1,1,,2,High,9.99213,76.57514,"Thrikkalathoor PO, Ernakulam (5.9 km)",0,open map,,
City,Kerala,Kozhikode,Ekarool,,0,1,0,1,1,0,,,Low,,,,,,,
Area,Kerala,Kozhikode,Ekarool,(area not known),0,1,0,1,1,0,,,Low,,,,,,,
City,Kerala,Thiruvananthapuram,Keezhattingal,,1,0,0,1,1,1,,1,Low,8.69174,76.776,"Anjengo PO, Thiruvananthapuram (2.7 km)",0,open map,,
Area,Kerala,Thiruvananthapuram,Keezhattingal,Mqrgpf7,1,0,0,1,1,1,,1,Low,8.69174,76.776,"Anjengo PO, Thiruvananthapuram (2.7 km)",0,open map,,
City,Kerala,Alappuzha,Kattanam,,0,1,0,1,1,1,,1,High,9.17593,76.56344,"Pallarimangalam PO, Alappuzha (3.9 km)",0,open map,,
Area,Kerala,Alappuzha,Kattanam,Bharanikkavu,0,1,0,1,1,1,,1,High,9.17593,76.56344,"Pallarimangalam PO, Alappuzha (3.9 km)",0,open map,,
City,Kerala,Kozhikode,Thurayur,,0,1,0,1,1,1,,3,Low,11.5264,75.65303,"Payyoli PO, Kozhikode (0.5 km)",0,open map,,
Area,Kerala,Kozhikode,Thurayur,Kerala,0,1,0,1,1,1,,,Low,11.5264,75.65303,"Payyoli PO, Kozhikode (0.5 km)",0,open map,,
City,Kerala,Ernakulam,Ettumanoor,,0,1,0,1,1,1,,8,Low,9.66319,76.55125,"Onamthuruthu PO, Kottayam (5.1 km)",0,open map,,
Area,Kerala,Ernakulam,Ettumanoor,(area not known),0,1,0,1,1,1,,7,Low,9.66319,76.55125,"Onamthuruthu PO, Kottayam (5.1 km)",0,open map,,
City,Kerala,Thiruvananthapuram,Balaramapuram,,1,0,0,1,1,0,1,1,Low,,,,,,,
Area,Kerala,Thiruvananthapuram,Balaramapuram,Pazhayakadalane,1,0,0,1,1,0,1,1,Low,,,,,,,
City,Kerala,Kozhikode,Poolacode,,0,1,0,1,1,1,,1,High,11.30868,75.91137,"Chulur PO, Kozhikode (3.5 km)",0,open map,,
Area,Kerala,Kozhikode,Poolacode,Pulikkuzhi Colony,0,1,0,1,1,1,,1,High,11.30868,75.91137,"Chulur PO, Kozhikode (3.5 km)",0,open map,,
City,Kerala,Kannur,Uruvachal,,0,1,0,1,1,1,,1,High,11.89722,75.58344,"Kayani PO, Kannur (2.3 km)",0,open map,,
Area,Kerala,Kannur,Uruvachal,(area not known),0,1,0,1,1,1,,,High,11.89722,75.58344,"Kayani PO, Kannur (2.3 km)",0,open map,,
City,Kerala,Alappuzha,Ennakkad,,0,1,0,1,1,1,,1,Low,9.29201,76.55152,"Thripperunthura PO, Alappuzha (3.8 km)",0,open map,,
Area,Kerala,Alappuzha,Ennakkad,(area not known),0,1,0,1,1,1,,1,Low,9.29201,76.55152,"Thripperunthura PO, Alappuzha (3.8 km)",0,open map,,
City,Kerala,Kasargod,(city not known),,0,1,0,1,1,0,,,Low,,,,,,,
Area,Kerala,Kasargod,(city not known),Bedira,0,1,0,1,1,0,,,Low,,,,,,,
City,Kerala,Kozhikode,Icchannur,,0,1,0,1,1,1,,2,Low,11.44604,75.83495,"Balusseri PO, Kozhikode (0.6 km)",0,open map,,
Area,Kerala,Kozhikode,Icchannur,Arappeedika,0,1,0,1,1,1,,2,Low,11.44604,75.83495,"Balusseri PO, Kozhikode (0.6 km)",0,open map,,
City,Kerala,Kottayam,Poovarani,,0,1,0,1,1,1,,1,Low,9.65883,76.71957,"Panamattom PO, Kottayam (6.8 km)",0,open map,,
Area,Kerala,Kottayam,Poovarani,Pala,0,1,0,1,1,1,,,Low,9.65883,76.71957,"Panamattom PO, Kottayam (6.8 km)",0,open map,,
City,Kerala,Kozhikode,Mahe,,1,0,0,1,1,0,1,,Low,,,,,,,
Area,Kerala,Kozhikode,Mahe,(area not known),1,0,0,1,1,0,1,,Low,,,,,,,
City,Kerala,Thiruvananthapuram,Kottukal,,1,0,0,1,1,1,,,High,8.3862,77.03752,"Chowara PO, Thiruvananthapuram (3.8 km)",0,open map,,
Area,Kerala,Thiruvananthapuram,Kottukal,Nellimoodu,1,0,0,1,1,1,,,High,8.3862,77.03752,"Chowara PO, Thiruvananthapuram (3.8 km)",0,open map,,
City,Kerala,Alappuzha,Chennithala,,0,1,0,1,1,1,,1,High,9.29702,76.53313,"Thripperunthura PO, Alappuzha (2.4 km)",0,open map,,
Area,Kerala,Alappuzha,Chennithala,(area not known),0,1,0,1,1,1,,1,High,9.29702,76.53313,"Thripperunthura PO, Alappuzha (2.4 km)",0,open map,,
City,Kerala,Kozhikode,Mundikkathazham,,0,1,0,1,1,0,,,Low,,,,,,,
Area,Kerala,Kozhikode,Mundikkathazham,(area not known),0,1,0,1,1,0,,,Low,,,,,,,
City,Kerala,Thiruvananthapuram,Vembayam,,0,1,0,1,1,0,,,Low,,,,,,,
Area,Kerala,Thiruvananthapuram,Vembayam,(area not known),0,1,0,1,1,0,,,Low,,,,,,,
City,Kerala,Ernakulam,Perumbavoor,,0,1,0,1,1,1,,3,Low,10.11284,76.47919,"Kuruppampady PO, Ernakulam (3.6 km)",0,open map,,
Area,Kerala,Ernakulam,Perumbavoor,(area not known),0,1,0,1,1,1,,3,Low,10.11284,76.47919,"Kuruppampady PO, Ernakulam (3.6 km)",0,open map,,
City,Kerala,Kozhikode,Balussheri,,0,1,0,1,1,1,,1,Low,11.43591,75.90359,"Unnikulam PO, Kozhikode (2.3 km)",0,open map,,
Area,Kerala,Kozhikode,Balussheri,Poonoor,0,1,0,1,1,1,,1,Low,11.43591,75.90359,"Unnikulam PO, Kozhikode (2.3 km)",0,open map,,
City,Kerala,Pathanamthitta,Kozhencherry,,0,1,0,1,1,0,,,Low,,,,,,,
Area,Kerala,Pathanamthitta,Kozhencherry,(area not known),0,1,0,1,1,0,,,Low,,,,,,,
City,Kerala,Kottayam,Puthuppally,,0,1,0,1,1,1,,,High,9.55794,76.57207,"Manganam PO, Kottayam (3.7 km)",0,open map,,
Area,Kerala,Kottayam,Puthuppally,(area not known),0,1,0,1,1,1,,,High,9.55794,76.57207,"Manganam PO, Kottayam (3.7 km)",0,open map,,
City,Kerala,Kasargod,Panayal,,0,1,0,1,1,0,1,,Low,,,,,,,
Area,Kerala,Kasargod,Panayal,Kuniya,0,1,0,1,1,0,1,,Low,,,,,,,
City,Kerala,Kannur,New Mahe,,0,1,0,1,1,0,1,,Low,,,,,,,
Area,Kerala,Kannur,New Mahe,Mahe,0,1,0,1,1,0,1,,Low,,,,,,,
City,Kerala,Malappuram,Panangattur,,1,0,0,1,1,1,,,High,10.99864,75.87642,"Panangattur PO, Malappuram (2.0 km)",0,open map,,
Area,Kerala,Malappuram,Panangattur,(area not known),1,0,0,1,1,1,,,High,10.99864,75.87642,"Panangattur PO, Malappuram (2.0 km)",0,open map,,
City,Kerala,Kozhikode,Nanded,,0,1,0,1,0,0,1,,Low,,,,,,,
Area,Kerala,Kozhikode,Nanded,Menhaniam,0,1,0,1,0,0,1,,Low,,,,,,,
City,Kerala,,Ezhinjillam,,0,1,0,1,1,0,,,Low,,,,,,,
Area,Kerala,,Ezhinjillam,(area not known),0,1,0,1,1,0,,,Low,,,,,,,
City,Kerala,Kollam,Sooranad,,0,1,0,1,1,1,,1,High,9.08802,76.62425,"Sooranad PO, Kollam (2.2 km)",0,open map,,
Area,Kerala,Kollam,Sooranad,Sooranad North,0,1,0,1,1,1,,,High,9.08802,76.62425,"Sooranad PO, Kollam (2.2 km)",0,open map,,
City,Kerala,Kozhikode,Avala,,0,1,0,1,1,1,,1,High,11.5634,75.72141,"Annasseri PO, Kozhikode (1.4 km)",0,open map,,
Area,Kerala,Kozhikode,Avala,Annasseri,0,1,0,1,1,1,,,High,11.5634,75.72141,"Annasseri PO, Kozhikode (1.4 km)",0,open map,,
City,Kerala,Pathanamthitta,Maramon,,0,1,0,1,1,0,,,Low,,,,,,,
Area,Kerala,Pathanamthitta,Maramon,(area not known),0,1,0,1,1,0,,,Low,,,,,,,
City,Kerala,Thiruvananthapuram,Nellanad,,0,1,0,1,1,1,,6,Low,8.67867,76.90671,"Mudakkal PO, Thiruvananthapuram (2.6 km)",0,open map,,
Area,Kerala,Thiruvananthapuram,Nellanad,Venjarammoodu,0,1,0,1,1,1,,4,Low,8.67867,76.90671,"Mudakkal PO, Thiruvananthapuram (2.6 km)",0,open map,,
City,Kerala,Kozhikode,Omassery,,0,1,0,1,1,0,,,Low,,,,,,,
Area,Kerala,Kozhikode,Omassery,(area not known),0,1,0,1,1,0,,,Low,,,,,,,
State,Odisha,,,,392,37,1,430,415,344,23,383,Medium,20.35169,85.78328,"Barang PO, Cuttack (8.2 km)",231.1,open map,,
City,Odisha,Khorda,Bhubaneswar,,108,7,0,115,115,97,3,126,Medium,20.29767,85.82142,"Khandagiri PO, Khorda (5.4 km)",9.8,open map,,
Area,Odisha,Khorda,Bhubaneswar,Rasulgarh,10,2,0,12,12,10,1,9,High,20.29632,85.87013,"Balianta PO, Khorda (3.8 km)",3.9,open map,,
Area,Odisha,Khorda,Bhubaneswar,Chandrasekharpur,10,1,0,11,11,11,,13,High,20.33118,85.82028,"Khandagiri PO, Khorda (8.6 km)",1.2,open map,,
Area,Odisha,Khorda,Bhubaneswar,Nayapalli,11,0,0,11,11,10,,8,High,20.29337,85.81398,"Khandagiri PO, Khorda (4.5 km)",9.7,open map,,
Area,Odisha,Khorda,Bhubaneswar,Khandagiri,7,0,0,7,7,5,,7,Medium,20.2552,85.7866,"Khandagiri PO, Khorda (0.6 km)",0.9,open map,,
Area,Odisha,Khorda,Bhubaneswar,Patia,5,0,0,5,5,5,,7,High,20.35297,85.82468,"Barang PO, Cuttack (6.1 km)",1.7,open map,,
Area,Odisha,Khorda,Bhubaneswar,Patrapada,5,0,0,5,5,5,,5,High,20.24422,85.77339,"Khandagiri PO, Khorda (2.4 km)",0.9,open map,,
Area,Odisha,Khorda,Bhubaneswar,VSS Nagar,5,0,0,5,5,4,,5,High,20.31162,85.84754,"Balianta PO, Khorda (6.7 km)",3.4,open map,,
Area,Odisha,Khorda,Bhubaneswar,Phulnakhara,4,0,0,4,4,4,,2,Low,20.34864,85.8969,"Daruthenga PO, Cuttack (4.1 km)",1.1,open map,,
Area,Odisha,Khorda,Bhubaneswar,Baragarh,3,0,0,3,3,3,,3,High,20.24292,85.86027,"Bhatpatna PO, Khorda (4.9 km)",0.2,open map,,
Area,Odisha,Khorda,Bhubaneswar,Laxmisagar,3,0,0,3,3,1,,3,Low,20.2645,85.84626,"Bhatpatna PO, Khorda (3.9 km)",0,open map,,
Area,Odisha,Khorda,Bhubaneswar,Aerodrome Area,1,1,0,2,2,1,,1,Medium,20.2532,85.82516,"Bhatpatna PO, Khorda (1.4 km)",0,open map,,
Area,Odisha,Khorda,Bhubaneswar,Bapuji,2,0,0,2,2,1,,,Medium,20.26608,85.83991,"Bhatpatna PO, Khorda (3.5 km)",0,open map,,
Area,Odisha,Khorda,Bhubaneswar,Bharatpur,2,0,0,2,2,2,,2,High,20.29173,85.77917,"Khandagiri PO, Khorda (3.7 km)",0.2,open map,,
Area,Odisha,Khorda,Bhubaneswar,Dumduma,2,0,0,2,2,2,,4,High,20.34274,85.74062,"Amareswar PO, Cuttack (5.9 km)",12.4,open map,,
Area,Odisha,Khorda,Bhubaneswar,Jagamara,2,0,0,2,2,2,,1,High,20.25549,85.78721,"Khandagiri PO, Khorda (0.5 km)",0.2,open map,,
Area,Odisha,Khorda,Bhubaneswar,Jayadev Vihar,2,0,0,2,2,2,,4,High,20.29825,85.81266,"Khandagiri PO, Khorda (4.9 km)",0.1,open map,,
Area,Odisha,Khorda,Bhubaneswar,Old Town,2,0,0,2,2,1,,5,Medium,20.24718,85.84111,"Bhatpatna PO, Khorda (2.9 km)",0,open map,,
Area,Odisha,Khorda,Bhubaneswar,Rudrapur,2,0,0,2,2,2,,1,High,20.32251,85.8799,"Balianta PO, Khorda (5.3 km)",0.9,open map,,
Area,Odisha,Khorda,Bhubaneswar,Arya Village,1,0,0,1,1,1,,,High,20.24944,85.78398,"Khandagiri PO, Khorda (1.3 km)",0,open map,,
Area,Odisha,Khorda,Bhubaneswar,BJB Nagar,1,0,0,1,1,0,,,Low,,,,,,,
Area,Odisha,Khorda,Bhubaneswar,Balipada,1,0,0,1,1,1,,1,Low,20.23772,85.75119,"Tamando PO, Khorda (3.3 km)",0,open map,,
Area,Odisha,Khorda,Bhubaneswar,Bapuji Nagar,1,0,0,1,1,1,,1,High,20.26059,85.83626,"Bhatpatna PO, Khorda (2.8 km)",0,open map,,
Area,Odisha,Khorda,Bhubaneswar,Bhubanpur,1,0,0,1,1,1,,,High,20.30948,85.88298,"Balianta PO, Khorda (3.9 km)",0,open map,,
Area,Odisha,Khorda,Bhubaneswar,Chakeisihani,1,0,0,1,1,1,,1,High,20.31161,85.85561,"Balianta PO, Khorda (6.0 km)",0,open map,,
Area,Odisha,Khorda,Bhubaneswar,Dashabatia,1,0,0,1,1,0,,,Low,,,,,,,
Area,Odisha,Khorda,Bhubaneswar,Ghangapatna,1,0,0,1,1,1,,,Low,20.3051,85.71662,"Amareswar PO, Cuttack (5.7 km)",0,open map,,
Area,Odisha,Khorda,Bhubaneswar,Jagmohan Nagar,1,0,0,1,1,1,,1,High,20.25423,85.80326,"Bhatpatna PO, Khorda (1.3 km)",0,open map,,
Area,Odisha,Khorda,Bhubaneswar,Jharapada,1,0,0,1,1,1,,2,High,20.27864,85.85408,"Balianta PO, Khorda (5.0 km)",0,open map,,
Area,Odisha,Khorda,Bhubaneswar,Kalinganagar,1,0,0,1,1,1,,2,High,20.29146,85.81525,"Khandagiri PO, Khorda (4.4 km)",0,open map,,
Area,Odisha,Khorda,Bhubaneswar,Kesora,1,0,0,1,1,1,,2,Low,20.28036,85.87351,"Balianta PO, Khorda (3.0 km)",0,open map,,
Area,Odisha,Khorda,Bhubaneswar,Laxmi Nagar,1,0,0,1,1,1,,,High,20.30733,85.84739,"Balianta PO, Khorda (6.5 km)",0,open map,,
Area,Odisha,Khorda,Bhubaneswar,Madhipur,1,0,0,1,1,1,,,High,20.22246,85.84524,"Bhatpatna PO, Khorda (4.3 km)",0,open map,,
Area,Odisha,Khorda,Bhubaneswar,Mancheswar Industrial Estate,1,0,0,1,1,1,,2,High,20.30067,85.85136,"Balianta PO, Khorda (5.8 km)",0,open map,,
Area,Odisha,Khorda,Bhubaneswar,Padmakesarpur,1,0,0,1,1,1,,,High,20.34854,85.84473,"Barang PO, Cuttack (6.6 km)",0,open map,,
Area,Odisha,Khorda,Bhubaneswar,Pandav Nagar,1,0,0,1,1,1,,,High,20.24409,85.85489,"Bhatpatna PO, Khorda (4.4 km)",0,open map,,
Area,Odisha,Khorda,Bhubaneswar,Patharagadia,1,0,0,1,1,1,,2,High,20.35925,85.80373,"Barang PO, Cuttack (6.2 km)",0,open map,,
Area,Odisha,Cuttack,Bhubaneswar,Raghunathpur,1,0,0,1,1,1,,4,High,20.38007,85.82558,"Barang PO, Cuttack (3.2 km)",0,open map,,
Area,Odisha,Khorda,Bhubaneswar,Raghunathpurjali,1,0,0,1,1,1,,1,High,20.37872,85.82689,"Barang PO, Cuttack (3.3 km)",0,open map,,
Area,Odisha,Khorda,Bhubaneswar,Shirpur,1,0,0,1,1,1,,,Low,20.35609,85.89524,"Daruthenga PO, Cuttack (3.5 km)",0,open map,,
Area,Odisha,Khorda,Bhubaneswar,(area not known),9,3,0,12,12,7,2,8,Low,20.25528,85.86104,"Bhatpatna PO, Khorda (5.1 km)",10.9,open map,,
City,Odisha,Cuttack,Cuttack,,57,16,1,74,73,58,1,60,Medium,20.46746,85.89333,"Jagatpur PO, Cuttack (5.7 km)",8.4,open map,,
Area,Odisha,Cuttack,Cuttack,Chaudwar,6,7,0,13,13,9,,11,Low,20.52818,85.91326,"Jagatpur PO, Cuttack (2.4 km)",1.3,open map,,
Area,Odisha,Cuttack,Cuttack,LIC Colony,11,0,0,11,11,11,,12,High,20.4672,85.8937,"Jagatpur PO, Cuttack (5.7 km)",0.2,open map,,
Area,Odisha,Cuttack,Cuttack,Jyoti Bihar,4,0,0,4,4,3,,3,High,20.48439,85.83836,"Avinab Bidanasi PO, Cuttack (0.5 km)",0.1,open map,,
Area,Odisha,Cuttack,Cuttack,Naya Bazaar,2,1,0,3,3,3,,,High,20.49242,85.93673,"Jagatpur PO, Cuttack (2.3 km)",0,open map,,
Area,Odisha,Cuttack,Cuttack,Bachhapur,2,0,0,2,2,2,,,Low,20.42649,85.83252,"Barang PO, Cuttack (2.2 km)",0.2,open map,,
Area,Odisha,Cuttack,Cuttack,CDA Sec - 10,2,0,0,2,2,2,,2,High,20.48199,85.81857,"Avinab Bidanasi PO, Cuttack (2.3 km)",0.5,open map,,
Area,Odisha,Cuttack,Cuttack,CDA Sector 11,2,0,0,2,2,2,,2,High,20.47948,85.82107,"Avinab Bidanasi PO, Cuttack (2.1 km)",0,open map,,
Area,Odisha,Cuttack,Cuttack,Gobara,0,2,0,2,2,0,,,Low,,,,,,,
Area,Odisha,Cuttack,Cuttack,Masik Patna Colony,2,0,0,2,2,1,,1,Medium,20.48366,85.85795,"Avinab Bidanasi PO, Cuttack (2.1 km)",0,open map,,
Area,Odisha,Cuttack,Cuttack,Ranihat Colony,1,1,0,2,2,2,,2,High,20.4672,85.89312,"Jagatpur PO, Cuttack (5.8 km)",0.1,open map,,
Area,Odisha,Cuttack,Cuttack,Badambadi Colony,1,0,0,1,1,1,,1,High,20.45268,85.8905,"Avinab Bidanasi PO, Cuttack (6.7 km)",0,open map,,
Area,Odisha,Cuttack,Cuttack,Bahadulapatna,1,0,0,1,1,1,,1,Low,20.48692,86.00904,"Biribati PO, Cuttack (6.6 km)",0,open map,,
Area,Odisha,Cuttack,Cuttack,CDA Sector 7,1,0,0,1,1,1,,1,High,20.47563,85.83329,"Avinab Bidanasi PO, Cuttack (1.6 km)",0,open map,,
Area,Odisha,Cuttack,Cuttack,CDA Sector 8,1,0,0,1,1,1,,,High,20.47729,85.82651,"Avinab Bidanasi PO, Cuttack (1.8 km)",0,open map,,
Area,Odisha,Cuttack,Cuttack,Cda,1,0,0,1,1,0,,,Low,,,,,,,
Area,Odisha,Cuttack,Cuttack,Choudwar,1,0,0,1,1,1,,1,High,20.50078,85.76275,"Avinab Bidanasi PO, Cuttack (8.1 km)",0,open map,,
Area,Odisha,Cuttack,Cuttack,Dadha,1,0,0,1,1,1,,,Low,20.42977,85.83335,"Barang PO, Cuttack (2.5 km)",0,open map,,
Area,Odisha,Cuttack,Cuttack,Gandarpur,1,0,0,1,1,1,,,High,20.465,85.9037,"Jagatpur PO, Cuttack (5.4 km)",0,open map,,
Area,Odisha,Cuttack,Cuttack,Gandhi chowk,0,1,0,1,1,0,,,Low,,,,,,,
Area,Odisha,Cuttack,Cuttack,Government Press Employee Quarters,1,0,0,1,1,1,,2,High,20.4389,85.90713,"Daruthenga PO, Cuttack (6.6 km)",0,open map,,
Area,Odisha,Cuttack,Cuttack,Gurudijhatia,1,0,0,1,1,1,,1,High,20.50938,85.78881,"Avinab Bidanasi PO, Cuttack (5.7 km)",0,open map,,
Area,Odisha,Cuttack,Cuttack,Industrial Estate Khapuria,1,0,0,1,1,1,,,High,20.44394,85.89956,"Daruthenga PO, Cuttack (7.3 km)",0,open map,,
Area,Odisha,Cuttack,Cuttack,Kalinga Chhaka,0,1,0,1,1,0,,,Low,,,,,,,
Area,Odisha,Cuttack,Cuttack,Kothabada,1,0,0,1,1,1,,,Low,20.49429,85.98345,"Jagatpur PO, Cuttack (6.3 km)",0,open map,,
Area,Odisha,Cuttack,Cuttack,Mal Godown Market,1,0,0,1,1,1,,1,High,20.46611,85.8847,"Avinab Bidanasi PO, Cuttack (5.4 km)",0,open map,,
Area,Odisha,Cuttack,Cuttack,Municipal Colony,1,0,0,1,1,1,,,High,20.46439,85.89757,"Jagatpur PO, Cuttack (5.8 km)",0,open map,,
Area,Odisha,Cuttack,Cuttack,Nandi Sahi,1,0,0,1,1,1,,1,High,20.46469,85.86704,"Avinab Bidanasi PO, Cuttack (4.0 km)",0,open map,,
Area,Odisha,Cuttack,Cuttack,Netaji Subhas Chandra Bose Setu,1,0,0,1,1,1,,,High,20.44685,85.8446,"Barang PO, Cuttack (4.5 km)",0,open map,,
Area,Odisha,Cuttack,Cuttack,Nuntikiri,0,1,0,1,1,0,,,Low,,,,,,,
Area,Odisha,Cuttack,Cuttack,Old LIC Colony,1,0,0,1,1,1,,1,High,20.45435,85.8883,"Avinab Bidanasi PO, Cuttack (6.4 km)",0,open map,,
Area,Odisha,Cuttack,Cuttack,Oriya Bazar,1,0,0,1,1,0,1,1,Low,,,,,,,
Area,Odisha,Cuttack,Cuttack,Rajabagicha,0,1,0,1,1,1,,1,High,20.4633,85.87796,"Avinab Bidanasi PO, Cuttack (4.9 km)",0,open map,,
Area,Odisha,Cuttack,Cuttack,Rajendra Nagar,1,0,0,1,1,1,,2,High,20.45074,85.89899,"Jagatpur PO, Cuttack (7.1 km)",0,open map,,
Area,Odisha,Cuttack,Cuttack,Siba Bazar,0,1,0,1,1,1,,,High,20.46364,85.87778,"Avinab Bidanasi PO, Cuttack (4.9 km)",0,open map,,
Area,Odisha,Cuttack,Cuttack,Tulsipur,1,0,0,1,1,1,,1,High,20.40508,85.83636,"Barang PO, Cuttack (0.3 km)",0,open map,,
Area,Odisha,Cuttack,Cuttack,(area not known),5,0,1,6,5,3,,3,Low,20.46599,85.88476,"Avinab Bidanasi PO, Cuttack (5.4 km)",2.6,open map,,
City,Odisha,Ganjam,Brahmapur,,30,1,0,31,30,28,1,29,High,19.3149,84.78939,"Ganjam PO, Ganjam (0.5 km)",4.7,open map,,
Area,Odisha,Ganjam,Brahmapur,Triveni Nagar,8,0,0,8,8,8,,8,High,19.31608,84.77726,"Ganjam PO, Ganjam (1.7 km)",0.2,open map,,
Area,Odisha,Ganjam,Brahmapur,Gosani Nuagam,4,0,0,4,4,3,,4,High,19.29672,84.79233,"Ganjam PO, Ganjam (1.6 km)",0,open map,,
Area,Odisha,Ganjam,Brahmapur,Baidiya Nath Pur,2,1,0,3,3,2,1,3,Medium,19.31658,84.78682,"Ganjam PO, Ganjam (0.9 km)",0.3,open map,,
Area,Odisha,Ganjam,Brahmapur,Basudev Nagar,2,0,0,2,2,2,,1,Medium,19.31308,84.84138,"Ganjam PO, Ganjam (5.1 km)",0.1,open map,,
Area,Odisha,Ganjam,Brahmapur,Manjari Nagar,2,0,0,2,2,2,,2,High,19.31477,84.79434,"Ganjam PO, Ganjam (0.4 km)",0,open map,,
Area,Odisha,Ganjam,Brahmapur,Ayodhya Nagar,1,0,0,1,1,1,,1,High,19.30856,84.82249,"Ganjam PO, Ganjam (3.1 km)",0,open map,,
Area,Odisha,Ganjam,Brahmapur,Brajanagar,1,0,0,1,1,1,,1,High,19.31947,84.79768,"Ganjam PO, Ganjam (1.0 km)",0,open map,,
Area,Odisha,Ganjam,Brahmapur,Gandhi Nagar,1,0,0,1,1,1,,1,High,19.31116,84.7864,"Ganjam PO, Ganjam (0.7 km)",0,open map,,
Area,Odisha,Ganjam,Brahmapur,Haridakhandi,1,0,0,1,1,1,,1,High,19.32079,84.77076,"Ganjam PO, Ganjam (2.5 km)",0,open map,,
Area,Odisha,Ganjam,Brahmapur,Housing Board Colony,1,0,0,1,1,1,,1,High,19.31133,84.77856,"Ganjam PO, Ganjam (1.5 km)",0,open map,,
Area,Odisha,Ganjam,Brahmapur,Khodasingi,1,0,0,1,1,1,,,High,19.31137,84.83369,"Ganjam PO, Ganjam (4.3 km)",0,open map,,
Area,Odisha,Ganjam,Brahmapur,Mohuda,1,0,0,1,1,1,,,High,19.31488,84.79394,"Ganjam PO, Ganjam (0.4 km)",0,open map,,
Area,Odisha,Ganjam,Brahmapur,Side,1,0,0,1,1,1,,1,High,19.31294,84.80246,"Ganjam PO, Ganjam (1.0 km)",0,open map,,
Area,Odisha,Ganjam,Brahmapur,Sqare,1,0,0,1,1,1,,2,High,19.3149,84.79384,"Ganjam PO, Ganjam (0.4 km)",0,open map,,
Area,Odisha,Ganjam,Brahmapur,Sriramnagar,1,0,0,1,1,1,,1,High,19.31967,84.77689,"Ganjam PO, Ganjam (1.9 km)",0,open map,,
Area,Odisha,Ganjam,Brahmapur,(area not known),2,0,0,2,1,1,,2,Medium,19.35776,84.98421,"Chamakhandi PO, Ganjam (7.1 km)",0,open map,,
City,Odisha,Dhenkanal,Dhenkanal,,19,0,0,19,19,17,,19,Medium,20.6525,85.60027,"Khuntuni PO, Cuttack (16.1 km)",3.4,open map,,
Area,Odisha,Dhenkanal,Dhenkanal,GayatriNagar,3,0,0,3,3,3,,,Low,20.65137,85.60609,"Khuntuni PO, Cuttack (15.6 km)",1.6,open map,,
Area,Odisha,Dhenkanal,Dhenkanal,Gudianali,2,0,0,2,2,1,,2,Medium,20.65158,85.60535,"Khuntuni PO, Cuttack (15.6 km)",0,open map,,
Area,Odisha,Dhenkanal,Dhenkanal,Jawahar Chouk,2,0,0,2,2,2,,2,High,20.65828,85.59646,"Khuntuni PO, Cuttack (16.8 km)",0,open map,,
Area,Odisha,Dhenkanal,Dhenkanal,Kanchan Bazar,2,0,0,2,2,2,,,High,20.66623,85.59216,"Khuntuni PO, Cuttack (17.7 km)",1,open map,,
Area,Odisha,Dhenkanal,Dhenkanal,Ananda Nagar,1,0,0,1,1,1,,1,High,20.63176,85.6239,"Khuntuni PO, Cuttack (12.8 km)",0,open map,,
Area,Odisha,Dhenkanal,Dhenkanal,Bajichouk,1,0,0,1,1,1,,1,High,20.45052,85.71625,"Gatiroutpatna PO, Cuttack (4.2 km)",0,open map,,
Area,Odisha,Dhenkanal,Dhenkanal,Deulasahi,1,0,0,1,1,1,,1,High,20.64809,85.59093,"Khuntuni PO, Cuttack (16.6 km)",0,open map,,
Area,Odisha,Dhenkanal,Dhenkanal,Dhenkanal Sadar,1,0,0,1,1,1,,4,High,20.4323,85.74132,"Gatiroutpatna PO, Cuttack (2.0 km)",0,open map,,
Area,Odisha,Dhenkanal,Dhenkanal,Mahavir Bazar,1,0,0,1,1,0,,1,Low,,,,,,,
Area,Odisha,Dhenkanal,Dhenkanal,Meena Bazar,1,0,0,1,1,1,,1,High,20.65886,85.59672,"Khuntuni PO, Cuttack (16.8 km)",0,open map,,
Area,Odisha,Dhenkanal,Dhenkanal,Mh3Vfmv,1,0,0,1,1,1,,1,High,20.65375,85.59404,"Khuntuni PO, Cuttack (16.7 km)",0,open map,,
Area,Odisha,Dhenkanal,Dhenkanal,Panjia Sahi,1,0,0,1,1,1,,1,High,20.6525,85.60027,"Khuntuni PO, Cuttack (16.1 km)",0,open map,,
Area,Odisha,Dhenkanal,Dhenkanal,(area not known),2,0,0,2,2,2,,2,High,20.65141,85.61501,"Khuntuni PO, Cuttack (14.8 km)",1.6,open map,,
City,Odisha,Sambalpur,Sambalpur,,18,0,0,18,18,15,1,17,High,21.48196,83.97661,"Budharaja PO, Sambalpur (1.5 km)",2.1,open map,,
Area,Odisha,Sambalpur,Sambalpur,Khetrajpur,4,0,0,4,4,3,1,4,High,21.48091,83.96031,"Khetrajpur PO, Sambalpur (0.8 km)",0.4,open map,,
Area,Odisha,Sambalpur,Sambalpur,Dhanupali,3,0,0,3,3,3,,2,High,21.44966,83.99361,"Sindurpank PO, Sambalpur (3.0 km)",0.1,open map,,
Area,Odisha,Sambalpur,Sambalpur,Panchagochhia,3,0,0,3,3,3,,2,High,21.49507,83.96376,"Khetrajpur PO, Sambalpur (1.1 km)",0,open map,,
Area,Odisha,Sambalpur,Sambalpur,Sakhipara,3,0,0,3,3,2,,3,Medium,21.46733,83.98316,"Budharaja PO, Sambalpur (2.8 km)",0.6,open map,,
Area,Odisha,Sambalpur,Sambalpur,Bareipali,2,0,0,2,2,2,,2,High,21.49432,83.96627,"Khetrajpur PO, Sambalpur (1.2 km)",0.3,open map,,
Area,Odisha,Sambalpur,Sambalpur,Ainthapali,1,0,0,1,1,1,,1,High,21.49231,83.98632,"Budharaja PO, Sambalpur (0.1 km)",0,open map,,
Area,Odisha,Sambalpur,Sambalpur,Budharaja,1,0,0,1,1,1,,1,High,21.49239,83.9863,"Budharaja PO, Sambalpur (0.1 km)",0,open map,,
Area,Odisha,Sambalpur,Sambalpur,Pattnayakpada,1,0,0,1,1,0,,1,Low,,,,,,,
City,Odisha,Cuttack,Jagatpur,,16,1,0,17,13,13,1,14,Medium,20.49515,85.93382,"Jagatpur PO, Cuttack (1.9 km)",2.1,open map,,
Area,Odisha,Cuttack,Jagatpur,Jagatpur Industrial Estate,4,0,0,4,2,4,,2,High,20.49501,85.93379,"Jagatpur PO, Cuttack (1.9 km)",0,open map,,
Area,Odisha,Cuttack,Jagatpur,Vinayak Nagar,3,0,0,3,2,1,1,3,Low,20.49455,85.93741,"Jagatpur PO, Cuttack (2.1 km)",0,open map,,
Area,Odisha,Cuttack,Jagatpur,Gunjarpur,1,1,0,2,1,2,,,Medium,20.5197,85.73322,"Khuntuni PO, Cuttack (5.2 km)",23.2,open map,,
Area,Odisha,Cuttack,Jagatpur,Champati,1,0,0,1,1,1,,,High,20.50189,85.93347,"Jagatpur PO, Cuttack (1.2 km)",0,open map,,
Area,Odisha,Cuttack,Jagatpur,Chandrasekharprasad,1,0,0,1,1,1,,1,Low,20.55017,85.5069,"Tigiria PO, Cuttack (9.1 km)",0,open map,,
Area,Odisha,Cuttack,Jagatpur,Salipur,1,0,0,1,1,0,,1,Low,,,,,,,
Area,Odisha,Cuttack,Jagatpur,(area not known),5,0,0,5,5,4,,6,Medium,20.49509,85.94947,"Jagatpur PO, Cuttack (3.0 km)",0.5,open map,,
City,Odisha,Koraput,Jeypore,,17,0,0,17,17,15,1,13,High,18.85814,82.57203,"Tankua PO, Koraput (3.3 km)",1.2,open map,,
Area,Odisha,Koraput,Jeypore,Bikram Nagar,2,0,0,2,2,2,,2,High,18.85944,82.5711,"Tankua PO, Koraput (3.4 km)",0.1,open map,,
Area,Odisha,Koraput,Jeypore,Ganga Nagar,2,0,0,2,2,2,,2,High,18.85503,82.57061,"Tankua PO, Koraput (2.9 km)",0.1,open map,,
Area,Odisha,Koraput,Jeypore,Industrial Estate,1,0,0,1,1,1,,1,High,18.85844,82.58767,"Tankua PO, Koraput (4.4 km)",0,open map,,
Area,Odisha,Koraput,Jeypore,Power House Colony,1,0,0,1,1,1,,1,High,18.8447,82.56264,"Tankua PO, Koraput (1.5 km)",0,open map,,
Area,Odisha,Koraput,Jeypore,Santoshi Maa Nagar,1,0,0,1,1,1,,1,High,18.86818,82.57528,"Tankua PO, Koraput (4.4 km)",0,open map,,
Area,Odisha,Koraput,Jeypore,(area not known),10,0,0,10,10,8,1,6,High,18.85811,82.57252,"Tankua PO, Koraput (3.3 km)",0.9,open map,,
City,Odisha,Bargarh,Bargarh,,12,0,0,12,11,10,,11,High,21.3446,83.62442,"Dang PO, Bargarh (3.1 km)",1.8,open map,,
Area,Odisha,Bargarh,Bargarh,Dhanger,2,0,0,2,1,2,,2,High,21.33388,83.61607,"Dang PO, Bargarh (3.3 km)",0.4,open map,,
Area,Odisha,Bargarh,Bargarh,Bandutikra,1,0,0,1,1,1,,1,High,21.34294,83.61541,"Dang PO, Bargarh (2.5 km)",0,open map,,
Area,Odisha,Bargarh,Bargarh,Bargarh Bazar,1,0,0,1,1,1,,,High,21.33485,83.6195,"Dang PO, Bargarh (3.4 km)",0,open map,,
Area,Odisha,Bargarh,Bargarh,Old Railway Over Bridge,1,0,0,1,1,1,,1,High,21.34958,83.64109,"Jamurda PO, Bargarh (3.5 km)",0,open map,,
Area,Odisha,Bargarh,Bargarh,(area not known),7,0,0,7,7,5,,7,Medium,21.34724,83.63242,"Dang PO, Bargarh (3.7 km)",0.3,open map,,
City,Odisha,Sundergarh,Rourkela,,11,0,0,11,10,10,,8,Medium,22.22707,84.8582,"Asurchapal PO, Sundergarh (4.7 km)",4.5,open map,,
Area,Odisha,Sundergarh,Rourkela,Udit Nagar,5,0,0,5,4,4,,5,High,22.22534,84.8609,"Asurchapal PO, Sundergarh (4.6 km)",0.1,open map,,
Area,Odisha,Sundergarh,Rourkela,Civil Township,3,0,0,3,3,3,,1,High,22.22731,84.82336,"Asurchapal PO, Sundergarh (4.9 km)",0,open map,,
Area,Odisha,Sundergarh,Rourkela,(area not known),3,0,0,3,3,3,,2,Low,22.25484,84.86441,"Asurchapal PO, Sundergarh (7.8 km)",3.3,open map,,
City,Odisha,Ganjam,Chatrapur,,9,0,0,9,8,8,1,6,High,19.35795,84.98466,"Chamakhandi PO, Ganjam (7.2 km)",0.5,open map,,
Area,Odisha,Ganjam,Chatrapur,Rama Krishna Nagar,5,0,0,5,4,5,,3,High,19.35838,84.9856,"Chamakhandi PO, Ganjam (7.3 km)",0.2,open map,,
Area,Odisha,Ganjam,Chatrapur,Nagulupeta,2,0,0,2,2,2,,2,High,19.35616,84.98079,"Chamakhandi PO, Ganjam (6.7 km)",0.1,open map,,
Area,Odisha,Ganjam,Chatrapur,Conservation Colony,1,0,0,1,1,0,1,,Low,,,,,,,
Area,Odisha,Ganjam,Chatrapur,P and T Colony,1,0,0,1,1,1,,1,High,19.35463,84.97734,"Chamakhandi PO, Ganjam (6.3 km)",0,open map,,
City,Odisha,Puri (also Khorda),Puri,,5,2,0,7,7,7,,7,High,19.8166,85.83195,"Jagannathpur PO, Puri (2.2 km)",42.7,open map,,
Area,Odisha,Puri,Puri,Badasankha,2,2,0,4,4,4,,2,High,19.81381,85.83195,"Jagannathpur PO, Puri (1.9 km)",0,open map,,
Area,Odisha,Khorda,Puri,Pipili,2,0,0,2,2,2,,2,High,20.19978,85.85648,"Bhatpatna PO, Khorda (6.9 km)",0.1,open map,,
Area,Odisha,Puri,Puri,(area not known),1,0,0,1,1,1,,2,High,19.81747,85.81016,"Jagannathpur PO, Puri (2.6 km)",0,open map,,
City,Odisha,Ganjam,Hinjilicut,,7,0,0,7,6,7,,5,High,19.48488,84.74324,"Kalasandhapur PO, Ganjam (15.2 km)",0.5,open map,,
Area,Odisha,Ganjam,Hinjilicut,Hinjillikatu,7,0,0,7,6,7,,5,High,19.48488,84.74324,"Kalasandhapur PO, Ganjam (15.2 km)",0.5,open map,,
City,Odisha,Khorda,Khordha,,5,2,0,7,6,4,2,6,Medium,20.18715,85.62932,"Daleiput PO, Khorda (6.1 km)",7.9,open map,,
Area,Odisha,Khorda,Khordha,Balianta,2,1,0,3,3,0,2,3,Low,,,,,,,
Area,Odisha,Khorda,Khordha,Begunia,1,0,0,1,1,1,,1,High,20.20245,85.45101,"Begunia PO, Khorda (0.6 km)",0,open map,,
Area,Odisha,Khorda,Khordha,Jatni,0,1,0,1,0,1,,,High,20.1628,85.70089,"Jatni PO, Khorda (0.8 km)",0,open map,,
Area,Odisha,Khorda,Khordha,Sialiapatna,1,0,0,1,1,1,,,Low,20.18631,85.62269,"Daleiput PO, Khorda (5.6 km)",0,open map,,
Area,Odisha,Khorda,Khordha,(area not known),1,0,0,1,1,1,,2,High,20.18799,85.63596,"Daleiput PO, Khorda (6.5 km)",0,open map,,
City,Odisha,Angul,Angul,,6,1,0,7,6,6,,1,Medium,20.84144,85.14607,"Balaramprasad PO, Angul (3.9 km)",6.8,open map,,
Area,Odisha,Angul,Angul,Badakera,1,0,0,1,1,1,,,Low,20.83003,85.08207,"Champatimunda PO, Angul (8.7 km)",0,open map,,
Area,Odisha,Angul,Angul,Karadagadia,1,0,0,1,1,1,,,High,20.83003,85.08207,"Champatimunda PO, Angul (8.7 km)",0,open map,,
Area,Odisha,Angul,Angul,(area not known),4,1,0,5,4,4,,,High,20.84174,85.14792,"Balaramprasad PO, Angul (3.8 km)",0.3,open map,,
City,Odisha,Cuttack,Athagarh,,7,0,0,7,7,6,,8,Medium,20.51276,85.63333,"Khuntuni PO, Cuttack (11.1 km)",2,open map,,
Area,Odisha,Cuttack,Athagarh,Gada Sahi,1,0,0,1,1,1,,1,High,20.52312,85.62868,"Khuntuni PO, Cuttack (11.0 km)",0,open map,,
Area,Odisha,Cuttack,Athagarh,Gj9Hxqr,1,0,0,1,1,0,,1,Low,,,,,,,
Area,Odisha,Cuttack,Athagarh,Kaitha Chhaka,1,0,0,1,1,1,,1,High,20.49918,85.63977,"Khuntuni PO, Cuttack (11.5 km)",0,open map,,
Area,Odisha,Cuttack,Athagarh,Mahidharpur,1,0,0,1,1,1,,1,Low,20.49225,85.58806,"Tigiria PO, Cuttack (8.0 km)",0,open map,,
Area,Odisha,Cuttack,Athagarh,Upar Sahi,1,0,0,1,1,1,,1,High,20.51964,85.62946,"Khuntuni PO, Cuttack (11.1 km)",0,open map,,
Area,Odisha,Cuttack,Athagarh,(area not known),2,0,0,2,2,2,,2,Medium,20.51814,85.6378,"Khuntuni PO, Cuttack (10.4 km)",1.4,open map,,
City,Odisha,Nayagarh,Nayagarh,,5,1,0,6,6,4,1,4,Low,20.12682,85.10855,"Hariharpur PO, Nayagarh (3.0 km)",0.5,open map,,
Area,Odisha,Nayagarh,Nayagarh,Rajeev market,2,0,0,2,2,2,,1,Low,20.12667,85.1038,"Hariharpur PO, Nayagarh (2.7 km)",0.1,open map,,
Area,Odisha,Nayagarh,Nayagarh,(area not known),3,1,0,4,4,2,1,3,Low,20.12693,85.11343,"Hariharpur PO, Nayagarh (3.3 km)",0.1,open map,,
City,Odisha,Cuttack,Banki,,5,0,0,5,4,1,,3,Low,20.37212,85.53105,"Banki Cuttack PO, Cuttack (0.8 km)",0,open map,,
Area,Odisha,Cuttack,Banki,Banki Cuttack,1,0,0,1,1,1,,3,High,20.37212,85.53105,"Banki Cuttack PO, Cuttack (0.8 km)",0,open map,,
Area,Odisha,Cuttack,Banki,(area not known),4,0,0,4,3,0,,,Low,,,,,,,
City,Odisha,Puri,Nimapada,,5,0,0,5,5,2,,4,Medium,20.0597,86.00255,"Renghalo PO, Puri (7.1 km)",0.3,open map,,
Area,Odisha,Puri,Nimapada,Mahabir Colony,1,0,0,1,1,1,,1,High,20.06194,86.00083,"Renghalo PO, Puri (6.8 km)",0,open map,,
Area,Odisha,Puri,Nimapada,(area not known),4,0,0,4,4,1,,2,Low,20.05746,86.00428,"Renghalo PO, Puri (7.4 km)",0,open map,,
City,Odisha,Dhenkanal,Kaimati,,5,0,0,5,5,5,,3,Medium,20.60913,85.63867,"Khuntuni PO, Cuttack (10.1 km)",0.5,open map,,
Area,Odisha,Dhenkanal,Kaimati,Gobindpur,2,0,0,2,2,2,,2,Low,20.60551,85.63902,"Khuntuni PO, Cuttack (9.9 km)",0.1,open map,,
Area,Odisha,Dhenkanal,Kaimati,Siaria,1,0,0,1,1,1,,,Low,20.60913,85.63839,"Khuntuni PO, Cuttack (10.2 km)",0,open map,,
Area,Odisha,Dhenkanal,Kaimati,(area not known),2,0,0,2,2,2,,1,High,20.64197,85.6562,"Khuntuni PO, Cuttack (11.1 km)",4.1,open map,,
City,Odisha,Jajapur,Byasanagar,,2,2,0,4,4,3,,4,Medium,20.94218,86.1432,"Jakhapura PO, Jajapur (10.0 km)",1.3,open map,,
Area,Odisha,Jajapur,Byasanagar,Dala,1,0,0,1,1,1,,1,High,20.94218,86.1432,"Jakhapura PO, Jajapur (10.0 km)",0,open map,,
Area,Odisha,Jajapur,Byasanagar,Panikoili,0,1,0,1,1,1,,1,Low,20.91495,86.22943,"Kabirpur PO, Jajapur (12.3 km)",0,open map,,
Area,Odisha,Jajapur,Byasanagar,W4Vjphj,0,1,0,1,1,1,,1,High,20.94447,86.13137,"Jakhapura PO, Jajapur (8.9 km)",0,open map,,
Area,Odisha,Jajapur,Byasanagar,(area not known),1,0,0,1,1,0,,,Low,,,,,,,
City,Odisha,Baleswar,Balasore,,2,1,0,3,3,2,,2,Low,21.50632,86.91703,"Remuna PO, Baleswar (5.3 km)",2.8,open map,,
Area,Odisha,Baleswar,Balasore,Manikhamb,0,1,0,1,1,1,,,Low,21.49248,86.9397,"Remuna PO, Baleswar (8.1 km)",0,open map,,
Area,Odisha,Baleswar,Balasore,Sahadevkhunta,1,0,0,1,1,1,,1,High,21.52017,86.89436,"Remuna PO, Baleswar (2.5 km)",0,open map,,
Area,Odisha,Baleswar,Balasore,(area not known),1,0,0,1,1,0,,1,Low,,,,,,,
City,Odisha,Ganjam,Ganjam,,2,1,0,3,3,3,,3,Medium,19.38847,85.04702,"Chamakhandi PO, Ganjam (14.5 km)",0,open map,,
Area,Odisha,Ganjam,Ganjam,Bada Bazar,1,0,0,1,1,1,,1,High,19.38692,85.05306,"Chamakhandi PO, Ganjam (15.0 km)",0,open map,,
Area,Odisha,Ganjam,Ganjam,Raul,1,0,0,1,1,1,,,Low,19.38847,85.04675,"Chamakhandi PO, Ganjam (14.5 km)",0,open map,,
Area,Odisha,Ganjam,Ganjam,(area not known),0,1,0,1,1,1,,1,High,19.38852,85.04702,"Chamakhandi PO, Ganjam (14.5 km)",0,open map,,
City,Odisha,Khorda,Bijipur,,3,0,0,3,3,0,2,,Low,,,,,,,
Area,Odisha,Khorda,Bijipur,Tamando,1,0,0,1,1,0,1,,Low,,,,,,,
Area,Odisha,Khorda,Bijipur,(area not known),2,0,0,2,2,0,1,,Low,,,,,,,
City,Odisha,Nabarangapur,Nabarangapur,,2,1,0,3,2,3,,2,High,19.22728,82.54094,"Nabarangpur PO, Nabarangapur (0.9 km)",0,open map,,
Area,Odisha,Nabarangapur,Nabarangapur,Nabarangapur PS,2,1,0,3,2,3,,2,High,19.22728,82.54094,"Nabarangpur PO, Nabarangapur (0.9 km)",0,open map,,
City,Odisha,Koraput,Borigumma,,2,0,0,2,2,2,,,High,19.05083,82.55326,"Kenduguda PO, Koraput (8.5 km)",0,open map,,
Area,Odisha,Koraput,Borigumma,Biju Expy,1,0,0,1,1,1,,,High,19.05075,82.55332,"Kenduguda PO, Koraput (8.5 km)",0,open map,,
Area,Odisha,Koraput,Borigumma,Narasimha Nagar,1,0,0,1,1,1,,,High,19.05092,82.55321,"Kenduguda PO, Koraput (8.5 km)",0,open map,,
City,Odisha,Cuttack,Nakhara,,2,0,0,2,2,2,,2,Medium,20.3579,85.89056,"Daruthenga PO, Cuttack (3.7 km)",0.3,open map,,
Area,Odisha,Cuttack,Nakhara,Phulnakhara,1,0,0,1,1,1,,1,Low,20.36038,85.89237,"Daruthenga PO, Cuttack (3.4 km)",0,open map,,
Area,Odisha,Cuttack,Nakhara,(area not known),1,0,0,1,1,1,,1,High,20.35542,85.88875,"Daruthenga PO, Cuttack (4.0 km)",0,open map,,
City,Odisha,Cuttack,Trilochanpur,,2,0,0,2,2,0,2,2,Low,,,,,,,
Area,Odisha,Cuttack,Trilochanpur,(area not known),2,0,0,2,2,0,2,1,Low,,,,,,,
City,Odisha,Cuttack,Bhairpur,,2,0,0,2,2,0,2,1,Low,,,,,,,
Area,Odisha,Cuttack,Bhairpur,(area not known),2,0,0,2,2,0,2,,Low,,,,,,,
City,Odisha,Kendujhar,Kendujhar,,2,0,0,2,2,1,,2,Low,21.64011,85.60476,"Keonjhar Atopur PO, Kendujhar (2.0 km)",0,open map,,
Area,Odisha,Kendujhar,Kendujhar,Kendujhar Sadar,1,0,0,1,1,1,,1,Low,21.64011,85.60476,"Keonjhar Atopur PO, Kendujhar (2.0 km)",0,open map,,
Area,Odisha,Kendujhar,Kendujhar,(area not known),1,0,0,1,1,0,,,Low,,,,,,,
City,Odisha,Angul,Talcher,,2,0,0,2,2,1,1,1,Medium,20.94808,85.22257,"Talcher PO, Angul (1.1 km)",0,open map,,
Area,Odisha,Angul,Talcher,Dera,1,0,0,1,1,0,1,,Low,,,,,,,
Area,Odisha,Angul,Talcher,(area not known),1,0,0,1,1,1,,1,High,20.94808,85.22257,"Talcher PO, Angul (1.1 km)",0,open map,,
City,Odisha,Kendujhar,Barbil,,2,0,0,2,2,2,,1,High,22.09199,85.38469,"Barbil PO, Kendujhar (1.3 km)",1.1,open map,,
Area,Odisha,Kendujhar,Barbil,(area not known),2,0,0,2,2,2,,1,High,22.09199,85.38469,"Barbil PO, Kendujhar (1.3 km)",1.1,open map,,
City,Odisha,Cuttack,Urali,,1,1,0,2,2,2,,1,Medium,20.41557,85.8804,"Barang PO, Cuttack (4.8 km)",0.8,open map,,
Area,Odisha,Cuttack,Urali,Chaudwar,0,1,0,1,1,1,,,Low,20.40839,85.8814,"Barang PO, Cuttack (4.8 km)",0,open map,,
Area,Odisha,Cuttack,Urali,(area not known),1,0,0,1,1,1,,,High,20.42275,85.87939,"Barang PO, Cuttack (4.9 km)",0,open map,,
City,Odisha,Bhadrak,Charampa,,2,0,0,2,2,2,,1,High,21.07955,86.51242,"Barapada PO, Bhadrak (9.3 km)",0,open map,,
Area,Odisha,Bhadrak,Charampa,(area not known),2,0,0,2,2,2,,,High,21.07955,86.51242,"Barapada PO, Bhadrak (9.3 km)",0,open map,,
City,Odisha,Jajapur,Panikoili,,1,0,0,1,1,0,,,Low,,,,,,,
Area,Odisha,Jajapur,Panikoili,(area not known),1,0,0,1,1,0,,,Low,,,,,,,
City,Odisha,Bargarh,Dhanger,,1,0,0,1,1,1,,,High,21.33305,83.61452,"Dang PO, Bargarh (3.3 km)",0,open map,,
Area,Odisha,Bargarh,Dhanger,(area not known),1,0,0,1,1,1,,,High,21.33305,83.61452,"Dang PO, Bargarh (3.3 km)",0,open map,,
City,Odisha,,(city not known),,1,0,0,1,1,0,,,Low,,,,,,,
Area,Odisha,,(city not known),(area not known),1,0,0,1,1,0,,,Low,,,,,,,
City,Odisha,Jagatsinghapur,Paradeep,,1,0,0,1,0,0,,,Low,,,,,,,
Area,Odisha,Jagatsinghapur,Paradeep,(area not known),1,0,0,1,0,0,,,Low,,,,,,,
City,Odisha,Jagatsinghapur,Balarampur,,1,0,0,1,1,0,1,1,Low,,,,,,,
Area,Odisha,Jagatsinghapur,Balarampur,(area not known),1,0,0,1,1,0,1,1,Low,,,,,,,
City,Odisha,Cuttack,Bahadulapatna,,1,0,0,1,1,0,,,Low,,,,,,,
Area,Odisha,Cuttack,Bahadulapatna,(area not known),1,0,0,1,1,0,,,Low,,,,,,,
City,Odisha,Cuttack,Kulailo,,1,0,0,1,1,1,,1,High,20.54791,85.67954,"Khuntuni PO, Cuttack (5.0 km)",0,open map,,
Area,Odisha,Cuttack,Kulailo,(area not known),1,0,0,1,1,1,,,High,20.54791,85.67954,"Khuntuni PO, Cuttack (5.0 km)",0,open map,,
City,Odisha,Jagatsinghapur,Tirtol,,1,0,0,1,1,1,,1,High,20.30771,86.34363,"Manijanga PO, Jagatsinghapur (2.7 km)",0,open map,,
Area,Odisha,Jagatsinghapur,Tirtol,(area not known),1,0,0,1,1,1,,1,High,20.30771,86.34363,"Manijanga PO, Jagatsinghapur (2.7 km)",0,open map,,
City,Odisha,Jagatsinghapur,Jagatsinghpur,,1,0,0,1,1,1,,,High,20.25052,86.16701,"Raghunathpur PO, Cuttack (13.0 km)",0,open map,,
Area,Odisha,Jagatsinghapur,Jagatsinghpur,Patenigan,1,0,0,1,1,1,,,High,20.25052,86.16701,"Raghunathpur PO, Cuttack (13.0 km)",0,open map,,
City,Odisha,Cuttack,Khuntuni,,1,0,0,1,1,1,,1,High,20.56207,85.72601,"Khuntuni PO, Cuttack (0.4 km)",0,open map,,
Area,Odisha,Cuttack,Khuntuni,(area not known),1,0,0,1,1,1,,1,High,20.56207,85.72601,"Khuntuni PO, Cuttack (0.4 km)",0,open map,,
City,Odisha,Rayagada,Rayagada,,1,0,0,1,1,1,,,High,19.18524,83.41254,"Penta PO, Rayagada (8.8 km)",0,open map,,
Area,Odisha,Rayagada,Rayagada,Sai Priya Nagar,1,0,0,1,1,1,,,High,19.18524,83.41254,"Penta PO, Rayagada (8.8 km)",0,open map,,
City,Odisha,Bhadrak,Bhadrak,,1,0,0,1,1,1,,2,High,21.07693,86.51072,"Barapada PO, Bhadrak (9.2 km)",0,open map,,
Area,Odisha,Bhadrak,Bhadrak,(area not known),1,0,0,1,1,1,,2,High,21.07693,86.51072,"Barapada PO, Bhadrak (9.2 km)",0,open map,,
City,Odisha,Kendrapara,Kendrapara,,1,0,0,1,1,0,,1,Low,,,,,,,
Area,Odisha,Kendrapara,Kendrapara,(area not known),1,0,0,1,1,0,,1,Low,,,,,,,
City,Odisha,Cuttack,Mahajanpur,,1,0,0,1,1,0,1,1,Low,,,,,,,
Area,Odisha,Cuttack,Mahajanpur,(area not known),1,0,0,1,1,0,1,1,Low,,,,,,,
City,Odisha,Nabarangapur,Kukudabai,,1,0,0,1,1,0,1,,Low,,,,,,,
Area,Odisha,Nabarangapur,Kukudabai,Biju Expy,1,0,0,1,1,0,1,,Low,,,,,,,
City,Odisha,Cuttack,Mahidharpur,,1,0,0,1,1,0,1,,Low,,,,,,,
Area,Odisha,Cuttack,Mahidharpur,Fhrqvcf,1,0,0,1,1,0,1,,Low,,,,,,,
City,Odisha,Kendrapara,Gulnagar,,1,0,0,1,1,1,,,High,20.50325,86.41944,"Nikirai PO, Kendrapara (9.3 km)",0,open map,,
Area,Odisha,Kendrapara,Gulnagar,(area not known),1,0,0,1,1,1,,,High,20.50325,86.41944,"Nikirai PO, Kendrapara (9.3 km)",0,open map,,
State,Gujarat,,,,15,87,1,103,82,62,14,59,Medium,22.28906,70.80616,"Vadali PO, Rajkot (13.1 km)",58.8,open map,,
City,Gujarat,Rajkot,Rajkot,,6,37,1,44,33,34,1,29,High,22.28874,70.80437,"Vadali PO, Rajkot (13.2 km)",3.3,open map,,
Area,Gujarat,Rajkot,Rajkot,Bhakti Nagar,2,11,0,13,11,12,1,9,High,22.28433,70.80372,"Vadali PO, Rajkot (12.8 km)",1.7,open map,,
Area,Gujarat,Rajkot,Rajkot,Karanpara,0,6,0,6,6,6,,6,High,22.28903,70.80509,"Vadali PO, Rajkot (13.2 km)",0.2,open map,,
Area,Gujarat,Rajkot,Rajkot,Gundavadi,0,2,1,3,3,3,,,High,22.28877,70.80663,"Vadali PO, Rajkot (13.0 km)",0.1,open map,,
Area,Gujarat,Rajkot,Rajkot,Samrat Industrial Area,0,3,0,3,3,3,,2,High,22.25395,70.79976,"Vadali PO, Rajkot (10.8 km)",1.1,open map,,
Area,Gujarat,Rajkot,Rajkot,Chandreshnagar,0,1,0,1,1,1,,,High,22.2656,70.78496,"Vadali PO, Rajkot (12.8 km)",0,open map,,
Area,Gujarat,Rajkot,Rajkot,Mavdi,0,1,0,1,1,1,,1,High,22.27348,70.77394,"Vadali PO, Rajkot (14.2 km)",0,open map,,
Area,Gujarat,Rajkot,Rajkot,Sardarnagar,0,1,0,1,0,1,,,High,22.2916,70.78833,"Vadali PO, Rajkot (14.5 km)",0,open map,,
Area,Gujarat,Rajkot,Rajkot,Uday Nagar,0,1,0,1,0,0,,1,Low,,,,,,,
Area,Gujarat,Rajkot,Rajkot,Vidya Nagar,0,1,0,1,1,1,,,High,22.28831,70.79717,"Vadali PO, Rajkot (13.6 km)",0,open map,,
Area,Gujarat,Rajkot,Rajkot,(area not known),4,10,0,14,7,6,,8,Medium,22.28881,70.80697,"Vadali PO, Rajkot (13.0 km)",0.1,open map,,
City,Gujarat,Rajkot,Morbi,,5,23,0,28,25,22,4,15,High,22.8117,70.8276,"Meswan PO, Junagadh (14.7 km)",0.9,open map,,
Area,Gujarat,Rajkot,Morbi,Sardar Nagar,4,19,0,23,20,18,4,14,High,22.81006,70.82572,"Meswan PO, Junagadh (14.9 km)",1.1,open map,,
Area,Gujarat,Rajkot,Morbi,Kathwada,0,3,0,3,3,2,,,Medium,22.81466,70.82991,"Meswan PO, Junagadh (14.2 km)",0.4,open map,,
Area,Gujarat,Rajkot,Morbi,Anant Nagar,0,1,0,1,1,1,,,High,22.81725,70.83322,"Meswan PO, Junagadh (13.8 km)",0,open map,,
Area,Gujarat,Rajkot,Morbi,Bela,1,0,0,1,1,1,,,Low,22.8961,70.88189,"Meswan PO, Junagadh (3.8 km)",0,open map,,
City,Gujarat,Valsad,Vapi,,1,8,0,9,8,0,2,,Low,,,,,,,
Area,Gujarat,Valsad,Vapi,Gidc,1,4,0,5,5,0,1,,Low,,,,,,,
Area,Gujarat,Valsad,Vapi,Imran Nagar,0,2,0,2,1,0,1,,Low,,,,,,,
Area,Gujarat,Valsad,Vapi,Pardi,0,1,0,1,1,0,,,Low,,,,,,,
Area,Gujarat,Valsad,Vapi,(area not known),0,1,0,1,1,0,,,Low,,,,,,,
City,Gujarat,Rajkot,Shapar,,0,8,0,8,8,0,7,9,Low,,,,,,,
Area,Gujarat,Rajkot,Shapar,Veraval,0,1,0,1,1,0,1,2,Low,,,,,,,
Area,Gujarat,Rajkot,Shapar,(area not known),0,7,0,7,7,0,6,7,Low,,,,,,,
City,Gujarat,Jamnagar,Jamnagar,,0,5,0,5,5,4,,4,High,22.46313,70.05053,"Bedi PO, Jamnagar (4.3 km)",0.8,open map,,
Area,Gujarat,Jamnagar,Jamnagar,Kamdar Colony,0,2,0,2,2,2,,2,High,22.467,70.05053,"Bedi PO, Jamnagar (3.9 km)",0.5,open map,,
Area,Gujarat,Jamnagar,Jamnagar,Mahavir Park,0,1,0,1,1,1,,1,High,22.46087,70.04267,"Bedi PO, Jamnagar (4.5 km)",0,open map,,
Area,Gujarat,Jamnagar,Jamnagar,Satyam Colony,0,1,0,1,1,0,,,Low,,,,,,,
Area,Gujarat,Jamnagar,Jamnagar,(area not known),0,1,0,1,1,1,,1,High,22.46335,70.05105,"Bedi PO, Jamnagar (4.3 km)",0,open map,,
City,Gujarat,,(city not known),,2,1,0,3,1,0,,,Low,,,,,,,
Area,Gujarat,,(city not known),Navagam Branch Rajkot,1,1,0,2,1,0,,,Low,,,,,,,
Area,Gujarat,,(city not known),bhakti nagar Branch Rajkot,1,0,0,1,0,0,,,Low,,,,,,,
City,Gujarat,Surat,Surat,,0,2,0,2,1,1,,1,Medium,21.19209,72.85758,"Utran PO, Surat (4.7 km)",0,open map,,
Area,Gujarat,Surat,Surat,Yamuna Nagar,0,1,0,1,1,1,,1,High,21.19209,72.85758,"Utran PO, Surat (4.7 km)",0,open map,,
Area,Gujarat,Surat,Surat,(area not known),0,1,0,1,0,0,,,Low,,,,,,,
City,Gujarat,Rajkot,Gondal,,1,1,0,2,1,1,,1,Medium,21.96023,70.78996,"Gundasara PO, Rajkot (1.4 km)",0,open map,,
Area,Gujarat,Rajkot,Gondal,Gayatri Nagar,1,0,0,1,1,1,,1,High,21.96023,70.78996,"Gundasara PO, Rajkot (1.4 km)",0,open map,,
Area,Gujarat,Rajkot,Gondal,(area not known),0,1,0,1,0,0,,,Low,,,,,,,
City,Gujarat,Mahesana,Mansa,,0,1,0,1,0,0,,,Low,,,,,,,
Area,Gujarat,Mahesana,Mansa,(area not known),0,1,0,1,0,0,,,Low,,,,,,,
City,Gujarat,Ahmedabad,Shahibag,,0,1,0,1,0,0,,,Low,,,,,,,
Area,Gujarat,Ahmedabad,Shahibag,(area not known),0,1,0,1,0,0,,,Low,,,,,,,
State,Goa,,,,12,29,0,41,37,32,,29,Medium,15.39995,73.84617,"Chicalim PO, South Goa (0.5 km)",21.4,open map,,
City,Goa,North Goa,Mapusa,,1,8,0,9,9,7,,7,High,15.58966,73.81483,"Mapusa PO, North Goa (0.7 km)",0.3,open map,,
Area,Goa,North Goa,Mapusa,Angod,0,3,0,3,3,2,,2,Medium,15.58924,73.81503,"Mapusa PO, North Goa (0.7 km)",0.1,open map,,
Area,Goa,North Goa,Mapusa,Mapusa Municipal Market,0,2,0,2,2,2,,1,High,15.5895,73.81184,"Mapusa PO, North Goa (0.4 km)",0,open map,,
Area,Goa,North Goa,Mapusa,Hrr86Xg,0,1,0,1,1,1,,1,High,15.59083,73.81746,"Mapusa PO, North Goa (0.9 km)",0,open map,,
Area,Goa,North Goa,Mapusa,R. do Pinto Cordeiro,0,1,0,1,1,1,,,High,15.58988,73.81013,"Mapusa PO, North Goa (0.2 km)",0,open map,,
Area,Goa,North Goa,Mapusa,Rajawado,0,1,0,1,1,1,,1,High,15.5898,73.81589,"Mapusa PO, North Goa (0.8 km)",0,open map,,
Area,Goa,North Goa,Mapusa,(area not known),1,0,0,1,1,0,,2,Low,,,,,,,
City,Goa,South Goa,Margao,,3,4,0,7,6,6,,3,Medium,15.27056,73.95921,"Navelim PO, South Goa (1.5 km)",0.6,open map,,
Area,Goa,South Goa,Margao,Navelim,0,2,0,2,2,2,,3,High,15.27056,73.95919,"Navelim PO, South Goa (1.5 km)",0,open map,,
Area,Goa,South Goa,Margao,Madgaon,1,0,0,1,0,1,,,Low,15.26537,73.96059,"Navelim PO, South Goa (1.0 km)",0,open map,,
Area,Goa,South Goa,Margao,Old Market,0,1,0,1,1,0,,,Low,,,,,,,
Area,Goa,South Goa,Margao,Pajifond,0,1,0,1,1,1,,,High,15.27104,73.95902,"Navelim PO, South Goa (1.6 km)",0,open map,,
Area,Goa,South Goa,Margao,Vagulem,1,0,0,1,1,1,,,High,15.40008,73.81564,"Vasco-Da-Gama PO, South Goa (0.5 km)",0,open map,,
Area,Goa,South Goa,Margao,(area not known),1,0,0,1,1,1,,,Low,15.26537,73.96059,"Navelim PO, South Goa (1.0 km)",0,open map,,
City,Goa,South Goa,Vasco Da Gama,,1,6,0,7,6,6,,6,High,15.39965,73.816,"Vasco-Da-Gama PO, South Goa (0.4 km)",0.4,open map,,
Area,Goa,South Goa,Vasco Da Gama,Vaddem,1,6,0,7,6,6,,6,High,15.39965,73.816,"Vasco-Da-Gama PO, South Goa (0.4 km)",0.4,open map,,
City,Goa,South Goa,Ponda,,1,4,0,5,5,5,,4,High,15.40188,74.00506,"Ponda PO, North Goa (1.1 km)",0.2,open map,,
Area,Goa,South Goa,Ponda,Khadpabandh,1,2,0,3,3,3,,2,High,15.40244,74.00312,"Ponda PO, North Goa (1.3 km)",0,open map,,
Area,Goa,South Goa,Ponda,Kazi Waza,0,1,0,1,1,1,,1,High,15.40188,74.00642,"Ponda PO, North Goa (1.0 km)",0,open map,,
Area,Goa,South Goa,Ponda,Shanti Nagar,0,1,0,1,1,1,,1,High,15.39897,74.00786,"Ponda PO, North Goa (0.9 km)",0,open map,,
City,Goa,South Goa,Goa,,2,1,0,3,2,0,,,Low,,,,,,,
Area,Goa,South Goa,Goa,Hodar,1,0,0,1,1,0,,,Low,,,,,,,
Area,Goa,South Goa,Goa,(area not known),1,1,0,2,1,0,,,Low,,,,,,,
City,Goa,North Goa,Panaji,,0,3,0,3,3,3,,5,High,15.49774,73.83182,"Betim PO, North Goa (1.5 km)",0.2,open map,,
Area,Goa,North Goa,Panaji,Betim,0,1,0,1,1,1,,,High,15.49939,73.83182,"Betim PO, North Goa (1.4 km)",0,open map,,
Area,Goa,North Goa,Panaji,Cortin,0,1,0,1,1,1,,,High,15.49774,73.83099,"Betim PO, North Goa (1.5 km)",0,open map,,
Area,Goa,North Goa,Panaji,Siridao,0,1,0,1,1,1,,,High,15.4442,73.86052,"Siridao PO, North Goa (0.8 km)",0,open map,,
City,Goa,South Goa,Majorda,,1,1,0,2,2,2,,1,Medium,15.29939,73.93554,"Sem-rachol  Soso PO, South Goa (0.7 km)",2.3,open map,,
Area,Goa,South Goa,Majorda,Goa,0,1,0,1,1,1,,,Low,15.30932,73.91668,"Majorda PO, South Goa (0.8 km)",0,open map,,
Area,Goa,South Goa,Majorda,Madel,1,0,0,1,1,1,,,High,15.28945,73.95439,"Sem-rachol  Soso PO, South Goa (1.6 km)",0,open map,,
City,Goa,South Goa,Madgaon,,1,1,0,2,2,2,,2,High,15.27996,73.95671,"Sem-rachol  Soso PO, South Goa (2.5 km)",1.1,open map,,
Area,Goa,South Goa,Madgaon,Madel,1,0,0,1,1,1,,,High,15.28945,73.95439,"Sem-rachol  Soso PO, South Goa (1.6 km)",0,open map,,
Area,Goa,South Goa,Madgaon,Navelim,0,1,0,1,1,1,,1,High,15.27048,73.95903,"Navelim PO, South Goa (1.5 km)",0,open map,,
City,Goa,,Betim,,1,0,0,1,1,0,,,Low,,,,,,,
Area,Goa,,Betim,(area not known),1,0,0,1,1,0,,,Low,,,,,,,
City,Goa,South Goa,Navelim,,0,1,0,1,0,1,,1,High,15.26919,73.95854,"Navelim PO, South Goa (1.4 km)",0,open map,,
Area,Goa,South Goa,Navelim,Navelim Village,0,1,0,1,0,1,,,High,15.26919,73.95854,"Navelim PO, South Goa (1.4 km)",0,open map,,
City,Goa,North Goa,Bicholim,,1,0,0,1,1,0,,,Low,,,,,,,
Area,Goa,North Goa,Bicholim,(area not known),1,0,0,1,1,0,,,Low,,,,,,,
State,Chhattisgarh,,,,21,10,0,31,26,22,2,43,Medium,21.19526,81.28375,"Urla PO, Durg (1.8 km)",195.8,open map,,
City,Chhattisgarh,Rajnandgaon,Rajnandgaon,,8,2,0,10,9,7,2,9,Medium,21.09761,81.03451,"Lakholi PO, Rajnandgaon (2.3 km)",0.4,open map,,
Area,Chhattisgarh,Rajnandgaon,Rajnandgaon,Tanka Para,3,0,0,3,3,3,,3,High,21.09897,81.03718,"Lakholi PO, Rajnandgaon (2.2 km)",0.2,open map,,
Area,Chhattisgarh,Rajnandgaon,Rajnandgaon,Bharka Para,1,1,0,2,1,0,2,1,Low,,,,,,,
Area,Chhattisgarh,Rajnandgaon,Rajnandgaon,Anupam Nagar,1,0,0,1,1,0,,1,Low,,,,,,,
Area,Chhattisgarh,Rajnandgaon,Rajnandgaon,Gol Bazar,1,0,0,1,1,1,,1,High,21.09761,81.03451,"Lakholi PO, Rajnandgaon (2.3 km)",0,open map,,
Area,Chhattisgarh,Rajnandgaon,Rajnandgaon,Gudhaku Line,0,1,0,1,1,1,,1,High,21.09401,81.03533,"Lakholi PO, Rajnandgaon (2.0 km)",0,open map,,
Area,Chhattisgarh,Rajnandgaon,Rajnandgaon,Jamat para,1,0,0,1,1,1,,,High,21.09542,81.03221,"Mohara PO, Rajnandgaon (2.3 km)",0,open map,,
Area,Chhattisgarh,Rajnandgaon,Rajnandgaon,Sahdev Nagar,1,0,0,1,1,1,,1,High,21.08583,81.0324,"Mohara PO, Rajnandgaon (1.3 km)",0,open map,,
City,Chhattisgarh,Durg,Durg,,1,8,0,9,8,6,,6,Medium,21.19178,81.27871,"Kasaridih Durg PO, Durg (1.8 km)",0.7,open map,,
Area,Chhattisgarh,Durg,Durg,Shanichari Bazar,0,5,0,5,5,3,,4,Medium,21.18852,81.27385,"Kasaridih Durg PO, Durg (2.0 km)",0,open map,,
Area,Chhattisgarh,Durg,Durg,Guru Nanak Nagar,0,2,0,2,2,2,,1,High,21.19606,81.28425,"Urla PO, Durg (1.7 km)",0.1,open map,,
Area,Chhattisgarh,Durg,Durg,Shankar Nagar,0,1,0,1,1,1,,1,High,21.1949,81.28349,"Urla PO, Durg (1.8 km)",0,open map,,
Area,Chhattisgarh,Durg,Durg,(area not known),1,0,0,1,0,0,,,Low,,,,,,,
City,Chhattisgarh,Bilaspur(CGH),Bilaspur,,5,0,0,5,4,4,,4,Low,22.07961,82.14713,"Sarkanda Bilaspur PO, Bilaspur(CGH) (1.9 km)",0.7,open map,,
Area,Chhattisgarh,Bilaspur(CGH),Bilaspur,Ambedkar Nagar,1,0,0,1,1,1,,,Low,22.07977,82.14323,"Sarkanda Bilaspur PO, Bilaspur(CGH) (1.9 km)",0,open map,,
Area,Chhattisgarh,Bilaspur(CGH),Bilaspur,Imlipara,1,0,0,1,1,1,,1,Low,22.07944,82.15102,"Juna Bilaspur PO, Bilaspur(CGH) (1.7 km)",0,open map,,
Area,Chhattisgarh,Bilaspur(CGH),Bilaspur,Jarahbhata,1,0,0,1,1,1,,1,High,22.08024,82.14024,"Sarkanda Bilaspur PO, Bilaspur(CGH) (1.9 km)",0,open map,,
Area,Chhattisgarh,Bilaspur(CGH),Bilaspur,Telipara,1,0,0,1,1,1,,,Low,22.07623,82.15694,"Juna Bilaspur PO, Bilaspur(CGH) (1.2 km)",0,open map,,
Area,Chhattisgarh,Bilaspur(CGH),Bilaspur,(area not known),1,0,0,1,0,0,,,Low,,,,,,,
City,Chhattisgarh,Raipur,Raipur,,2,0,0,2,1,1,,23,Medium,21.22188,81.64886,"Tikrapara PO, Raipur (1.2 km)",0,open map,,
Area,Chhattisgarh,Raipur,Raipur,Tagore Nagar,1,0,0,1,1,1,,2,High,21.22188,81.64886,"Tikrapara PO, Raipur (1.2 km)",0,open map,,
Area,Chhattisgarh,Raipur,Raipur,(area not known),1,0,0,1,0,0,,,Low,,,,,,,
City,Chhattisgarh,Korba,Korba,,2,0,0,2,2,2,,1,High,22.35885,82.70674,"Risdi PO, Korba (5.4 km)",0,open map,,
Area,Chhattisgarh,Korba,Korba,(area not known),2,0,0,2,2,2,,,High,22.35885,82.70674,"Risdi PO, Korba (5.4 km)",0,open map,,
City,Chhattisgarh,Surguja,Ambikapur,,2,0,0,2,2,2,,,High,23.12169,83.19755,"Darima PO, Surguja (13.6 km)",0,open map,,
Area,Chhattisgarh,Surguja,Ambikapur,(area not known),2,0,0,2,2,2,,,High,23.12169,83.19755,"Darima PO, Surguja (13.6 km)",0,open map,,
City,Chhattisgarh,,Raigarh,,1,0,0,1,0,0,,,Low,,,,,,,
Area,Chhattisgarh,,Raigarh,(area not known),1,0,0,1,0,0,,,Low,,,,,,,
State,Dadra and Nagar Haveli and Daman and Diu,,,,2,27,1,30,23,28,,23,Medium,20.37428,72.91199,"Vapi PO, Valsad (0.8 km)",5.7,open map,,
City,Dadra and Nagar Haveli and Daman and Diu,Daman,Vapi,,2,17,1,20,14,19,,14,High,20.37239,72.92074,"Vapi PO, Valsad (1.7 km)",1.1,open map,,
Area,Dadra and Nagar Haveli and Daman and Diu,Daman,Vapi,Gidc,1,10,1,12,8,12,,9,High,20.36489,72.92214,"Vapi PO, Valsad (1.9 km)",1,open map,,
Area,Dadra and Nagar Haveli and Daman and Diu,Daman,Vapi,Imran Nagar,0,5,0,5,4,5,,3,High,20.37469,72.91191,"Vapi PO, Valsad (0.8 km)",0.2,open map,,
Area,Dadra and Nagar Haveli and Daman and Diu,Daman,Vapi,Gita Nagar,1,0,0,1,1,1,,1,High,20.37337,72.91055,"Vapi PO, Valsad (0.6 km)",0,open map,,
Area,Dadra and Nagar Haveli and Daman and Diu,Daman,Vapi,Koliwara (Pardi,0,1,0,1,0,1,,,High,20.37239,72.91487,"Vapi PO, Valsad (1.0 km)",0,open map,,
Area,Dadra and Nagar Haveli and Daman and Diu,Daman,Vapi,Ringanwada,0,1,0,1,1,0,,,Low,,,,,,,
City,Dadra and Nagar Haveli and Daman and Diu,Daman,Daman,,0,8,0,8,7,7,,9,Low,20.4126,72.87772,"Dabhel PO, Daman (0.7 km)",0.3,open map,,
Area,Dadra and Nagar Haveli and Daman and Diu,Daman,Daman,Ringanwada,0,4,0,4,4,3,,3,Low,20.41248,72.8779,"Dabhel PO, Daman (0.7 km)",0,open map,,
Area,Dadra and Nagar Haveli and Daman and Diu,Daman,Daman,Dabhel,0,1,0,1,1,1,,2,Low,20.41171,72.88066,"Dabhel PO, Daman (0.4 km)",0,open map,,
Area,Dadra and Nagar Haveli and Daman and Diu,Daman,Daman,Somnath,0,1,0,1,0,1,,,Low,20.41336,72.87723,"Dabhel PO, Daman (0.8 km)",0,open map,,
Area,Dadra and Nagar Haveli and Daman and Diu,Daman,Daman,(area not known),0,2,0,2,2,2,,,Low,20.41324,72.87748,"Dabhel PO, Daman (0.7 km)",0.1,open map,,
City,Dadra and Nagar Haveli and Daman and Diu,Daman,Marwad,,0,2,0,2,2,2,,,High,20.41716,72.83971,"Moti Daman PO, Daman (1.4 km)",0,open map,,
Area,Dadra and Nagar Haveli and Daman and Diu,Daman,Marwad,Daman,0,2,0,2,2,2,,,High,20.41716,72.83971,"Moti Daman PO, Daman (1.4 km)",0,open map,,
State,Karnataka,,,,2,19,0,21,18,12,,16,Medium,13.09678,77.60377,"Sadahalli PO, Bangalore Rural (13.6 km)",9.8,open map,,
City,Karnataka,Bengaluru,Bengaluru,,0,14,0,14,14,12,,16,High,13.09678,77.60377,"Sadahalli PO, Bangalore Rural (13.6 km)",9.8,open map,,
Area,Karnataka,Bengaluru,Bengaluru,Kammanahalli,0,3,0,3,3,3,,4,High,13.01354,77.63532,"Budigere PO, Bangalore Rural (18.1 km)",0.1,open map,,
Area,Karnataka,Bengaluru,Bengaluru,Yelahanka,0,3,0,3,3,3,,5,High,13.09912,77.6008,"Sadahalli PO, Bangalore Rural (13.5 km)",0.5,open map,,
Area,Karnataka,Bengaluru,Bengaluru,Yelahanka New Town,0,3,0,3,3,3,,2,High,13.10258,77.56698,"Doddatumkur PO, Bangalore Rural (14.4 km)",0.2,open map,,
Area,Karnataka,Bengaluru,Bengaluru,Basaveshwar Nagar,0,1,0,1,1,0,,,Low,,,,,,,
Area,Karnataka,Bengaluru,Bengaluru,Kogilu,0,1,0,1,1,1,,,High,13.10431,77.60617,"Sadahalli PO, Bangalore Rural (12.8 km)",0,open map,,
Area,Karnataka,Bengaluru,Bengaluru,Lingarajapuram,0,1,0,1,1,1,,1,High,13.05753,77.61817,"Budigere PO, Bangalore Rural (16.3 km)",0,open map,,
Area,Karnataka,Bengaluru,Bengaluru,Virupakshapura,0,1,0,1,1,1,,,High,13.1041,77.61467,"Sadahalli PO, Bangalore Rural (12.5 km)",0,open map,,
Area,Karnataka,Bengaluru,Bengaluru,(area not known),0,1,0,1,1,0,,,Low,,,,,,,
City,Karnataka,Bangalore Rural,Banglore,,1,0,0,1,0,0,,,Low,,,,,,,
Area,Karnataka,Bangalore Rural,Banglore,(area not known),1,0,0,1,0,0,,,Low,,,,,,,
City,Karnataka,Bengaluru,Bangalore,,0,1,0,1,1,0,,,Low,,,,,,,
Area,Karnataka,Bengaluru,Bangalore,(area not known),0,1,0,1,1,0,,,Low,,,,,,,
City,Karnataka,Bidar,Bidar,,0,1,0,1,1,0,,,Low,,,,,,,
Area,Karnataka,Bidar,Bidar,(area not known),0,1,0,1,1,0,,,Low,,,,,,,
City,Karnataka,Bagalkot,Jamkhandi,,1,0,0,1,0,0,,,Low,,,,,,,
Area,Karnataka,Bagalkot,Jamkhandi,(area not known),1,0,0,1,0,0,,,Low,,,,,,,
City,Karnataka,Kalaburagi,Kalaburagi,,0,1,0,1,1,0,,,Low,,,,,,,
Area,Karnataka,Kalaburagi,Kalaburagi,(area not known),0,1,0,1,1,0,,,Low,,,,,,,
City,Karnataka,Kalaburagi,Gulbarga,,0,1,0,1,0,0,,,Low,,,,,,,
Area,Karnataka,Kalaburagi,Gulbarga,(area not known),0,1,0,1,0,0,,,Low,,,,,,,
City,Karnataka,Koppal,Koppal,,0,1,0,1,1,0,,,Low,,,,,,,
Area,Karnataka,Koppal,Koppal,(area not known),0,1,0,1,1,0,,,Low,,,,,,,
State,Tamil Nadu,,,,0,18,0,18,18,13,2,17,Medium,11.40724,76.70394,"Fernhill PO, Nilgiris (2.3 km)",25.5,open map,,
City,Tamil Nadu,Nilgiris,Ooty,,0,6,0,6,6,4,2,6,Medium,11.40717,76.70401,"Fernhill PO, Nilgiris (2.3 km)",0.4,open map,,
Area,Tamil Nadu,Nilgiris,Ooty,Upper Bazar,0,5,0,5,5,4,1,5,High,11.40717,76.70401,"Fernhill PO, Nilgiris (2.3 km)",0.4,open map,,
Area,Tamil Nadu,Nilgiris,Ooty,Davisdale,0,1,0,1,1,0,1,1,Low,,,,,,,
City,Tamil Nadu,Nilgiris,Gudalur,,0,6,0,6,6,5,,7,Medium,11.50079,76.4915,"Gudalur Nilgiris PO, Nilgiris (2.5 km)",0.3,open map,,
Area,Tamil Nadu,Nilgiris,Gudalur,(area not known),0,6,0,6,6,5,,6,Medium,11.50079,76.4915,"Gudalur Nilgiris PO, Nilgiris (2.5 km)",0.3,open map,,
City,Tamil Nadu,Nilgiris,Coonoor,,0,2,0,2,2,2,,2,High,11.34609,76.79501,"Yedappalli PO, Nilgiris (4.1 km)",0.1,open map,,
Area,Tamil Nadu,Nilgiris,Coonoor,Grays Hill,0,1,0,1,1,1,,1,High,11.34737,76.79511,"Yedappalli PO, Nilgiris (4.0 km)",0,open map,,
Area,Tamil Nadu,Nilgiris,Coonoor,Kumaran Nagar,0,1,0,1,1,1,,1,High,11.34481,76.7949,"Yedappalli PO, Nilgiris (4.2 km)",0,open map,,
City,Tamil Nadu,Salem,Selam,,0,1,0,1,1,0,,,Low,,,,,,,
Area,Tamil Nadu,Salem,Selam,(area not known),0,1,0,1,1,0,,,Low,,,,,,,
City,Tamil Nadu,Kanyakumari,Neyyattinkara,,0,1,0,1,1,1,,,Low,8.32853,77.17605,"Kunnathukal PO, Thiruvananthapuram (7.0 km)",0,open map,,
Area,Tamil Nadu,Kanyakumari,Neyyattinkara,Kaliyakkavilai,0,1,0,1,1,1,,,Low,8.32853,77.17605,"Kunnathukal PO, Thiruvananthapuram (7.0 km)",0,open map,,
City,Tamil Nadu,Salem,Salem,,0,1,0,1,1,0,,,Low,,,,,,,
Area,Tamil Nadu,Salem,Salem,(area not known),0,1,0,1,1,0,,,Low,,,,,,,
City,Tamil Nadu,Kanyakumari,Parassala,,0,1,0,1,1,1,,2,High,8.34162,77.1549,"Kunnathukal PO, Thiruvananthapuram (5.4 km)",0,open map,,
Area,Tamil Nadu,Kanyakumari,Parassala,(area not known),0,1,0,1,1,1,,2,High,8.34162,77.1549,"Kunnathukal PO, Thiruvananthapuram (5.4 km)",0,open map,,
State,Uttar Pradesh,,,,0,4,0,4,4,0,,1,Low,,,,,,,
City,Uttar Pradesh,Kanpur Nagar,Kanpur,,0,2,0,2,2,0,,1,Low,,,,,,,
Area,Uttar Pradesh,Kanpur Nagar,Kanpur,(area not known),0,2,0,2,2,0,,,Low,,,,,,,
City,Uttar Pradesh,,(city not known),,0,1,0,1,1,0,,,Low,,,,,,,
Area,Uttar Pradesh,,(city not known),(area not known),0,1,0,1,1,0,,,Low,,,,,,,
City,Uttar Pradesh,Budaun,Wazirganj,,0,1,0,1,1,0,,,Low,,,,,,,
Area,Uttar Pradesh,Budaun,Wazirganj,(area not known),0,1,0,1,1,0,,,Low,,,,,,,
State,Puducherry,,,,0,4,0,4,4,0,3,20,Low,,,,,,,
City,Puducherry,Mahe,Mahe,,0,3,0,3,3,0,2,6,Low,,,,,,,
Area,Puducherry,Mahe,Mahe,L.P.School Parakkal,0,1,0,1,1,0,,1,Low,,,,,,,
Area,Puducherry,Mahe,Mahe,Mahé,0,1,0,1,1,0,1,4,Low,,,,,,,
Area,Puducherry,Mahe,Mahe,Mgwpr34,0,1,0,1,1,0,1,,Low,,,,,,,
City,Puducherry,Pondicherry,Puducherry,,0,1,0,1,1,0,1,,Low,,,,,,,
Area,Puducherry,Pondicherry,Puducherry,(area not known),0,1,0,1,1,0,1,,Low,,,,,,,
State,West Bengal,,,,2,1,0,3,2,0,,,Low,,,,,,,
City,West Bengal,Kolkata,Kolkata,,2,1,0,3,2,0,,,Low,,,,,,,
Area,West Bengal,Kolkata,Kolkata,(area not known),2,1,0,3,2,0,,,Low,,,,,,,
State,Punjab,,,,1,2,0,3,3,0,,,Low,,,,,,,
City,Punjab,Jalandhar,Jalandhar,,1,0,0,1,1,0,,,Low,,,,,,,
Area,Punjab,Jalandhar,Jalandhar,(area not known),1,0,0,1,1,0,,,Low,,,,,,,
City,Punjab,,Punjab,,0,1,0,1,1,0,,,Low,,,,,,,
Area,Punjab,,Punjab,(area not known),0,1,0,1,1,0,,,Low,,,,,,,
City,Punjab,Ludhiana,Ludhiana,,0,1,0,1,1,0,,,Low,,,,,,,
Area,Punjab,Ludhiana,Ludhiana,(area not known),0,1,0,1,1,0,,,Low,,,,,,,
State,(state not known),,,,0,2,0,2,2,0,,,Low,,,,,,,
City,Maharashtra,Palghar,Boisar,,0,2,0,2,2,0,,,Low,,,,,,,
Area,Maharashtra,Palghar,Boisar,(area not known),0,2,0,2,2,0,,,Low,,,,,,,
State,Telangana,,,,1,1,0,2,1,0,,1,Low,,,,,,,
City,Telangana,Hyderabad,Hyderabad,,1,0,0,1,0,0,,1,Low,,,,,,,
Area,Telangana,Hyderabad,Hyderabad,(area not known),1,0,0,1,0,0,,,Low,,,,,,,
City,Telangana,Hyderabad,Hydrabad,,0,1,0,1,1,0,,,Low,,,,,,,
Area,Telangana,Hyderabad,Hydrabad,(area not known),0,1,0,1,1,0,,,Low,,,,,,,
State,Andhra Pradesh,,,,2,0,0,2,1,0,,1,Low,,,,,,,
City,Andhra Pradesh,Krishna,Vijayawada,,1,0,0,1,0,0,,,Low,,,,,,,
Area,Andhra Pradesh,Krishna,Vijayawada,(area not known),1,0,0,1,0,0,,,Low,,,,,,,
City,Andhra Pradesh,Visakhapatnam,Visakhapatnam,,1,0,0,1,1,0,,1,Low,,,,,,,
Area,Andhra Pradesh,Visakhapatnam,Visakhapatnam,Dwarka Nagar,1,0,0,1,1,0,,1,Low,,,,,,,
State,Bihar,,,,0,2,0,2,1,0,,,Low,,,,,,,
City,Bihar,Patna,Patna City,,0,1,0,1,0,0,,,Low,,,,,,,
Area,Bihar,Patna,Patna City,(area not known),0,1,0,1,0,0,,,Low,,,,,,,
City,Bihar,East Champaran,Raxaul,,0,1,0,1,1,0,,,Low,,,,,,,
Area,Bihar,East Champaran,Raxaul,(area not known),0,1,0,1,1,0,,,Low,,,,,,,
State,Jammu and Kashmir,,,,1,1,0,2,1,0,,,Low,,,,,,,
City,Jammu and Kashmir,Jammu,Jammu,,1,1,0,2,1,0,,,Low,,,,,,,
Area,Jammu and Kashmir,Jammu,Jammu,(area not known),1,1,0,2,1,0,,,Low,,,,,,,
State,Delhi,,,,1,0,0,1,0,0,,,Low,,,,,,,
City,Delhi,,Okhla,,1,0,0,1,0,0,,,Low,,,,,,,
Area,Delhi,,Okhla,(area not known),1,0,0,1,0,0,,,Low,,,,,,,
State,Haryana,,,,1,0,0,1,1,0,,,Low,,,,,,,
City,Haryana,Yamuna Nagar,Yamunanagar,,1,0,0,1,1,0,,,Low,,,,,,,
Area,Haryana,Yamuna Nagar,Yamunanagar,(area not known),1,0,0,1,1,0,,,Low,,,,,,,